$MeshFormat
2.2 0 8
$EndMeshFormat
$Nodes
1655
1 482.0945 4254.212 0
2 557.7988 4151.029 0
3 482.0245 4254.142 -7
4 557.7287 4150.959 -7
5 483.8674222188358 4251.821232727018 0
6 485.6403444376476 4249.430465454067 0
7 487.413266656427 4247.03969818116 0
8 489.1861888751583 4244.648930908318 0
9 490.9591110938812 4242.258163635488 0
10 492.7320333126041 4239.867396362657 0
11 494.5049555313288 4237.476629089824 0
12 496.2778777500545 4235.08586181699 0
13 498.0507999687824 4232.695094544152 0
14 499.82372218754 4230.304327271275 0
15 501.5966444063218 4227.913559998366 0
16 503.3695666251539 4225.522792725387 0
17 505.1424888439863 4223.132025452409 0
18 506.9154110628171 4220.741258179433 0
19 508.6883332816033 4218.350490906517 0
20 510.4612555003673 4215.959723633631 0
21 512.2341777190927 4213.568956360798 0
22 514.0070999378164 4211.178189087966 0
23 515.7800221565393 4208.787421815135 0
24 517.5529443752622 4206.396654542305 0
25 519.3258665939877 4204.00588726947 0
26 521.0987888127156 4201.615119996633 0
27 522.8717110314435 4199.224352723796 0
28 524.6446332501916 4196.833585450931 0
29 526.4175554689735 4194.44281817802 0
30 528.1904776877514 4192.052050905116 0
31 529.963399906516 4189.661283632229 0
32 531.7363221252389 4187.270516359399 0
33 533.5092443439651 4184.879749086564 0
34 535.282166562693 4182.488981813726 0
35 537.0550887814209 4180.098214540889 0
36 538.8280110001733 4177.707447268019 0
37 540.6009332189502 4175.316679995115 0
38 542.37389352693 4172.925940967315 0
39 544.1469103943006 4170.535243886019 0
40 545.9141359202326 4168.140273194523 0
41 547.6642786143241 4165.733018717378 0
42 549.3475500760447 4163.278305183462 0
43 551.0263486503034 4160.820533089576 0
44 552.7031630413037 4158.361404210862 0
45 554.3911458147102 4155.909981287264 0
46 556.0949729073341 4153.469490643663 0
47 483.797421425788 4251.751233796434 -7
48 485.5703428515531 4249.360467592898 -7
49 487.3432642772872 4246.969701389406 -7
50 489.1161857030191 4244.578935185915 -7
51 490.88910712875 4242.188168982426 -7
52 492.6620285544791 4239.79740277894 -7
53 494.4349499802081 4237.406636575452 -7
54 496.207871405944 4235.015870371957 -7
55 497.980792831727 4232.625104168397 -7
56 499.7537142575114 4230.234337964836 -7
57 501.5266356832969 4227.843571761274 -7
58 503.2995571090323 4225.452805557778 -7
59 505.0724785347663 4223.062039354286 -7
60 506.8453999605004 4220.671273150792 -7
61 508.6183213862345 4218.280506947299 -7
62 510.3912428119821 4215.889740743787 -7
63 512.1641642377701 4213.498974540221 -7
64 513.9370856635946 4211.108208336605 -7
65 515.7100070894312 4208.717442132975 -7
66 517.4829285152192 4206.326675929408 -7
67 519.2558499409788 4203.93590972588 -7
68 521.0287713667129 4201.545143522387 -7
69 522.8016927924422 4199.154377318901 -7
70 524.5746142181713 4196.763611115413 -7
71 526.3475356439003 4194.372844911927 -7
72 528.1204570696726 4191.982078708382 -7
73 529.8933784954679 4189.591312504806 -7
74 531.6662999213049 4187.200546301175 -7
75 533.43922134711 4184.809780097585 -7
76 535.2121427728939 4182.419013894025 -7
77 536.9850641986279 4180.028247690531 -7
78 538.7579856243866 4177.637481487005 -7
79 540.5309070501696 4175.246715283445 -7
80 542.3038665637163 4172.855977323922 -7
81 544.0768826380507 4170.465281311938 -7
82 545.844107555337 4168.070311826016 -7
83 547.5942507570362 4165.66305934164 -7
84 549.2775214657863 4163.208346905781 -7
85 550.9563193997654 4160.750575986895 -7
86 552.6331330412553 4158.291448207375 -7
87 554.3211030523909 4155.840018001318 -7
88 556.0249015261367 4153.399509000743 -7
89 482.0711666666671 4254.188666666667 -2.333333333292034
90 482.047833333334 4254.165333333334 -4.666666666601463
91 557.7753666733755 4151.005666673375 -2.333332662445124
92 557.7520333366882 4150.982333336688 -4.666666331171402
93 483.0813845404043 4252.745059167512 -5.796799561977005
94 556.9073721198696 4152.276942476456 -1.187342791774116
95 556.2711170198492 4153.086128936164 -5.384418792103636
96 553.4980786324943 4157.086537554188 -4.422567190891376
97 483.3818574316929 4252.441043237201 -1.488981759213253
98 486.4978447236891 4248.213605328551 -2.577395204704199
99 536.1275642961549 4181.245107271734 -4.422605948154879
100 540.1373088266937 4175.838617297932 -4.396672310063796
101 545.0100817694502 4169.2670846035 -4.422736635591446
102 532.581721444602 4186.026639678837 -4.422605948067055
103 529.0358785929645 4190.808172086053 -4.42260594808269
104 525.4900357414301 4195.589704493126 -4.422605948162529
105 521.9441928899716 4200.3712369001 -4.422605948162404
106 518.3983500384935 4205.1527693071 -4.422605948136235
107 514.8525071869079 4209.934301714247 -4.422605948049919
108 511.3066643352701 4214.715834121461 -4.422605948105803
109 507.7608214837617 4219.497366528501 -4.422605948154857
110 504.2149786322939 4224.278898935488 -4.422605948155486
111 500.3338767812827 4229.513068102196 -4.399464830360985
112 497.1002117995241 4233.873812090911 -4.391791393808671
113 493.5774500777379 4238.623496156652 -4.422605948162188
114 490.0316072262788 4243.405028563626 -4.422605948161081
115 548.3319530828159 4164.696197258127 -2.568941630085173
116 550.3694222190078 4161.675728319095 -4.387465653830032
117 543.2314418588801 4171.709114695648 -2.577391515997878
118 488.0418947516203 4246.087657498638 -4.442949042554729
119 523.7292113174702 4198.007492598299 -2.577395204678825
120 527.2750557550138 4193.225958052506 -2.577395204726925
121 530.8209001925302 4188.444423506751 -2.577395204656474
122 534.3667446299817 4183.662888961082 -2.577395204663039
123 538.1127351040601 4178.613120791584 -2.50665883815617
124 552.0171191393293 4159.304814973606 -2.542240571446818
125 541.8901618878242 4173.474164674062 -4.429841743767646
126 520.1833668800047 4202.789027143989 -2.577395204662237
127 516.6375224425534 4207.570561689658 -2.577395204656469
128 513.0916780051061 4212.35209623532 -2.577395204657609
129 509.5458335676381 4217.133630781011 -2.57739520468828
130 505.9999891300531 4221.915165326857 -2.577395204781299
131 502.2819625977488 4226.930664318633 -2.501658347889971
132 498.7045586844473 4231.756440892732 -2.429935583624331
133 495.3624558173435 4236.259768964345 -2.577395204660162
134 491.8166113798953 4241.04130351001 -2.577395204656788
135 489.366011785101 4244.360136416954 -1.97169943994721
136 546.635827780517 4167.049693675193 -4.558663599632895
137 543.4463577321549 4171.372358956804 -4.577405331011393
138 555.3434026233977 4154.426609089523 -4.906348450981229
139 541.6746131829004 4173.808308278301 -2.577394922205329
140 484.4435248872732 4250.995189824531 -2.093873957738943
141 495.2766238276387 4236.329030967343 -4.556605424016738
142 498.7097159530737 4231.699846189585 -4.54364213654641
143 491.6832768715655 4241.174073603539 -4.579963605136254
144 546.7644435705635 4166.921324407237 -2.577304361741791
145 551.9554123987702 4159.345167891392 -4.575161938511473
146 556.6067980534607 4152.65101661011 -3.505000643343004
147 483.3209430526712 4252.472008556006 -3.668130859302571
148 555.3295057211382 4154.508964543921 -2.338933192362427
149 484.6384375481148 4250.667655090584 -4.848709467258851
150 545.1298032352541 4169.161735835677 -1.97960167875134
151 548.4587038712942 4164.451349953169 -5.009926919106443
152 553.5049325811617 4157.131226903 -2.203230988043664
153 550.0256860188182 4162.238041054867 -2.027605649018905
154 493.5962230742836 4238.655496954255 -1.98205914346888
155 497.1421937979088 4233.874056058672 -1.970820188962919
156 500.6881100052852 4229.092574735329 -1.964432963642897
157 504.2339963275399 4224.311071249795 -1.960705403643256
158 507.7798659511676 4219.529555381057 -1.9584639534301
159 511.3257253513653 4214.748031931174 -1.957132336064426
160 514.8715781597421 4209.966503593143 -1.956387357557875
161 518.4174257220443 4205.184971364779 -1.956109258214641
162 521.9632690142633 4200.403435969834 -1.956211179480164
163 525.5091078256248 4195.621897251915 -1.956711883211426
164 486.1606747903899 4248.615270986797 -4.834356779429986
165 529.0549417895595 4190.84035493919 -1.957643992312025
166 532.6007700397706 4186.058808389505 -1.959084592231474
167 536.1465757139819 4181.277245098159 -1.962534362867143
168 539.692376087675 4176.495677876002 -1.966455862451046
169 502.4351607371086 4226.664550921443 -5.036363612319913
170 505.9809671086645 4221.882991462035 -5.03961017580308
171 509.5267868975765 4217.101441952525 -5.041662649837627
172 513.072615756349 4212.319899168747 -5.042907952183774
173 516.6184505737881 4207.538360803596 -5.043622963536484
174 520.16429044391 4202.756826185623 -5.043888295931045
175 523.7101338776287 4197.97529421043 -5.043836477347255
176 527.2559829442291 4193.193766412379 -5.043283356920822
177 530.8018379806425 4188.41224304111 -5.042198958152739
178 534.3477016734369 4183.630726089124 -5.040344178222917
179 537.8935802594845 4178.849220181766 -5.037163949633221
180 487.973152073051 4246.237827117521 -1.995809121787425
181 490.5955568031895 4242.697164601607 -2.18217841155621
182 557.7988 4151.029 0
183 567.0353 4138.944 0
184 557.7287 4150.959 -7
185 566.9653 4138.874 -7
186 559.2498810979126 4148.949583779266 0
187 560.8116166532081 4146.95226374899 0
188 562.3809487250102 4144.960579782928 0
189 563.9502807966294 4142.968895817097 0
190 565.5003840137194 4140.962326308397 0
191 559.1798497459018 4148.879620054597 -7
192 560.7415930407125 4146.88229371628 -7
193 562.3109310156265 4144.890602258411 -7
194 563.8802689903066 4142.898910800838 -7
195 565.4303782401013 4140.892333900373 -7
196 557.7753666733755 4151.005666673375 -2.333332662445124
197 557.7520333366882 4150.982333336688 -4.666666331171402
198 567.0119666666671 4138.920666666667 -2.333333333290222
199 566.988633333334 4138.897333333334 -4.666666666614671
200 558.6338710982009 4149.803871884637 -1.169352469804001
201 566.0701790076297 4140.077785094614 -5.844358637402537
202 558.7060535242679 4149.592267210142 -5.613370188211952
203 561.465939546541 4146.020414970137 -4.469953455795234
204 565.9952548438951 4140.279305494203 -1.395028730255423
205 563.1413943209669 4143.945653490606 -2.195695826657834
206 563.0544441307532 4143.996953771021 -4.798046485994284
207 561.6457237055806 4145.847194368685 -2.048381055162126
208 558.8325525925246 4149.46472343721 -3.405358394525679
209 559.9043280069453 4148.055087322319 -2.143653535294384
210 565.8979951971618 4140.354836792996 -3.656836372437212
211 564.9768499022067 4141.531607017671 -5.146415417150026
212 564.8166970449442 4141.805809041397 -2.398605490007208
213 559.731344502839 4148.212891245897 -4.864273497818271
214 562.3257891050959 4144.953687679243 -3.388822982846652
215 567.0353 4138.944 0
216 647.7989 4065.314 0
217 566.9653 4138.874 -7
218 647.7289 4065.244 -7
219 568.8303009527081 4136.575401303526 0
220 570.6130836938671 4134.197576020237 0
221 572.436898647515 4131.851748127628 0
222 574.3086009677445 4129.543264252047 0
223 576.6513089111558 4127.745561355468 0
224 578.9949514759587 4125.973269790637 0
225 580.7716224706322 4123.593146776691 0
226 582.6423159049175 4121.28486817115 0
227 584.6145037349579 4119.06161772603 0
228 586.701473739388 4116.945754762894 0
229 588.7886821798243 4114.830115780373 0
230 590.8855415812815 4112.724306358812 0
231 593.0758838471426 4110.716641371598 0
232 595.3132523894835 4108.760494293372 0
233 597.5450275741612 4106.797958458363 0
234 600.1401592687725 4105.376175856105 0
235 602.7329188638071 4103.941552044769 0
236 605.1153662913512 4102.164950897977 0
237 607.4852184059879 4100.371903223367 0
238 609.7874799457899 4098.494295222155 0
239 611.8249997162688 4096.330760946 0
240 613.8673434854784 4094.171829436236 0
241 615.9329363629499 4092.035081102042 0
242 618.1178724587013 4090.023230183499 0
243 620.350761519997 4088.062018651996 0
244 622.6054204847866 4086.125816097701 0
245 624.8849753259752 4084.220306785511 0
246 627.2447909956977 4082.413752777379 0
247 629.5103259737331 4080.491335944462 0
248 631.7588049086733 4078.547960052896 0
249 634.0086355097021 4076.606149133746 0
250 636.3016221097972 4074.717950403657 0
251 638.6792612581703 4072.934919428226 0
252 640.9939563690718 4071.072093802987 0
253 643.2816018689772 4069.174978770624 0
254 645.5692473688424 4067.277863738295 0
255 568.7603012398376 4136.50540092056 -7
256 570.5430842681263 4134.127575254306 -7
257 572.3668995518673 4131.781747012235 -7
258 574.2386021735474 4129.473262764858 -7
259 576.5813110226915 4127.675560229488 -7
260 578.9250090174016 4125.903332231132 -7
261 580.7016490069932 4123.523184340009 -7
262 582.5723075917647 4121.214877542581 -7
263 584.5444957394395 4118.99162673939 -7
264 586.6314656137346 4116.87576299923 -7
265 588.7186743903486 4114.760123675952 -7
266 590.815533890883 4112.654313672163 -7
267 593.0058762078879 4110.646648030375 -7
268 595.2432451388011 4108.690500669339 -7
269 597.4750206829466 4106.727964518228 -7
270 600.0701514824734 4105.306179732836 -7
271 602.6629191480113 4103.871566177487 -7
272 605.0453952003655 4102.095002617036 -7
273 607.4152126189434 4100.301907888694 -7
274 609.7174751777327 4098.424300285104 -7
275 611.7549952762356 4096.260765660636 -7
276 613.7973331444338 4094.10182778162 -7
277 615.862890433552 4091.965044379084 -7
278 618.047841306039 4089.953210778437 -7
279 620.2807539013357 4087.99202519457 -7
280 622.5354132292947 4086.0558223284 -7
281 624.8149681121538 4084.150312308043 -7
282 627.1747841619302 4082.343758008961 -7
283 629.4403198245168 4080.421341259276 -7
284 631.6887991317953 4078.477965066536 -7
285 633.9386557675281 4076.536183579678 -7
286 636.2316487720776 4074.647989945253 -7
287 638.6092663308759 4072.864929383187 -7
288 640.9239552637479 4071.002094719618 -7
289 643.2116011320945 4069.104979381712 -7
290 645.4992470004011 4067.207864043839 -7
291 566.988633333334 4138.897333333334 -4.666666666614663
292 567.0119666666671 4138.920666666667 -2.333333333290216
293 647.775566666667 4065.290666666667 -2.333333333296435
294 647.7522333333339 4065.267333333334 -4.666666666608458
295 567.931755573548 4137.737940071034 -1.184030984269407
296 646.6324175294078 4066.26432330042 -5.819863529256495
297 646.3911073993202 4066.566425367145 -1.499756370115986
298 568.2964138710931 4137.158288027347 -5.512820558844444
299 577.8822619694837 4126.958148753863 -2.542870693220356
300 573.3447248539945 4130.674783756601 -2.565071974563447
301 596.3744436461504 4107.779899340996 -2.52345644919562
302 601.2293762751051 4104.767566394296 -4.426076091650534
303 614.8739847910791 4093.078171123202 -2.572701346013969
304 610.7627133791689 4097.367468911792 -4.426982438957936
305 589.7533196257199 4113.801439891912 -2.527724698051751
306 619.1809722356023 4089.00184546599 -4.427259371016239
307 633.051652879696 4077.383942279765 -2.585538354806022
308 585.6315307912524 4117.978451194033 -2.573500576721132
309 581.5926578629757 4122.49730076276 -2.540004555704486
310 623.7250069015781 4085.116547969773 -2.572486637220007
311 628.3548490917411 4081.442053588144 -2.573060849996499
312 637.4420477510172 4073.785249060731 -4.427483499737333
313 642.0909073051236 4070.081427398433 -4.426810812919626
314 606.2792917136194 4101.247110686512 -2.57302443864085
315 644.4058214931139 4068.202782728726 -2.180912167945292
316 579.7455801002953 4124.790284512999 -4.441575852217617
317 594.0086022263631 4109.820085736423 -4.463925245059205
318 630.686475430645 4079.391714391697 -4.455631654021965
319 583.5159971124485 4120.205144216949 -4.457372423999313
320 587.7009771504148 4115.843502338535 -4.426574780344732
321 626.3151286308424 4083.046066940971 -4.496490097866176
322 571.2583585649855 4133.2332192788 -4.443765205832867
323 575.3944398132373 4128.524164444264 -4.449360313639674
324 639.783636328087 4072.028728009424 -2.573060166323936
325 569.4997508612169 4135.627733490532 -2.347034434230447
326 621.454451496938 4087.066389767896 -2.573128130014552
327 598.8577270562233 4105.947444831861 -4.489167263349095
328 608.4436043334115 4099.553787899662 -2.518915551921908
329 635.2325461349045 4075.505357718719 -2.385490131143095
330 612.9488417445355 4095.085104137377 -2.536973447113841
331 616.8215602184356 4091.119882327358 -2.50499111994636
332 603.9027290578218 4103.024535702377 -2.561061566063018
333 592.0153748716718 4111.563183850123 -4.4430776270895
334 646.4661172009276 4066.459708412751 -3.513339561204156
335 644.6850319470541 4067.922801237198 -4.828711222012681
336 568.1587604796148 4137.387943422605 -3.410259635155419
337 569.507350853907 4135.557344382534 -4.928797280071182
338 634.9327842946145 4075.716697199906 -4.928712926464175
339 577.7827969429351 4126.992765009715 -5.008478273712361
340 575.5971600313106 4128.421347457058 -1.999925770936231
341 598.7835276315907 4106.021940769933 -1.982130092249835
342 579.4928030099918 4125.192072839905 -1.985145262889989
343 591.7980000477735 4111.817929257207 -1.981323060518775
344 573.324558805149 4130.64518661329 -5.003959517367376
345 601.5393812042236 4104.650017517011 -1.969297331728296
346 616.7054839842343 4091.175785223785 -4.971899286067069
347 603.8706268322746 4103.005371175836 -5.031261467649238
348 596.3774712569603 4107.73008676877 -5.032299197695564
349 622.5719348541832 4086.070098960544 -4.54460509907766
350 608.3436295176728 4099.589924957457 -4.980447054332772
351 571.517793219547 4132.943158731888 -2.04566994023029
352 612.8425363155078 4095.146455886798 -5.036109042090888
353 581.6729945474772 4122.339310485699 -5.030403184921115
354 637.4738016811638 4073.804245776954 -1.981108896722679
355 590.197805627701 4113.30039606064 -5.035810052490717
356 619.18052528934 4089.048634346533 -1.963552402643448
357 594.0775748833598 4109.806781459477 -1.962610543727902
358 614.7281153317869 4093.177444513344 -5.107879931277153
359 639.5021552867701 4072.217708541711 -5.002863491224925
360 626.0481310677213 4083.295147318117 -1.965791495928551
361 632.8318888675458 4077.528117159316 -5.027844722928743
362 605.9782699198445 4101.431242004285 -4.955114939211022
363 628.2811443535205 4081.459898585974 -5.032878420635557
364 610.7860420649041 4097.393506731722 -1.962720305119622
365 583.6076391596816 4120.154817834376 -1.966806809431721
366 630.6164682263616 4079.498583571415 -1.968841158758102
367 642.1198768160473 4070.10194870664 -1.99169003981764
368 587.7253028198387 4115.868425875666 -1.9643166691539
369 585.6049319305594 4117.955860260448 -5.034345889806111
370 620.923270717678 4087.480893280022 -4.813944764327895
371 624.342667051024 4084.548602587297 -4.920149344585925
372 647.7989 4065.314 0
373 655.1021 4058.485 0
374 647.7289 4065.244 -7
375 655.0321 4058.415 -7
376 649.6370598221912 4063.619911828716 0
377 651.4954255893808 4061.948502773285 0
378 653.2987627947334 4060.216751386602 0
379 649.5670598221914 4063.549911828716 -7
380 651.4254255893571 4061.878502773308 -7
381 653.2287627947215 4060.146751386613 -7
382 647.775566666667 4065.290666666667 -2.333333333296435
383 647.7522333333339 4065.267333333334 -4.666666666608458
384 655.0554333333339 4058.438333333334 -4.666666666610528
385 655.078766666667 4058.461666666667 -2.333333333294367
386 648.7421112743336 4064.312707920018 -5.754853775945199
387 654.1529808563511 4059.35691226561 -2.016542525229859
388 648.9584472887188 4064.193833563838 -1.373218846620071
389 652.5403201514258 4060.905105384968 -2.039545026438644
390 653.7550230108054 4059.669742940129 -5.553224938614759
391 652.2563731001583 4061.127555865138 -4.601644113343726
392 648.9904064818824 4064.120165096304 -3.613542035979728
393 650.5175098338159 4062.814927044133 -2.288292630712178
394 653.4435989556191 4060.004740201474 -3.720060536359623
395 650.0604845998682 4063.160499169182 -4.974460132668759
396 655.1021 4058.485 0
397 727.1781 3977.071 0
398 655.0321 4058.415 -7
399 727.1081 3977.001 -7
400 657.1976482543342 4056.423777411627 0
401 659.293196508646 4054.362554823277 0
402 661.3841786638412 4052.297025353127 0
403 663.3192939972946 4050.08449519564 0
404 665.2544093307195 4047.871965038185 0
405 667.1895246640986 4045.659434880783 0
406 669.124639997497 4043.446904723359 0
407 671.0597553309178 4041.234374565909 0
408 672.9948706643511 4039.021844408445 0
409 674.9299859978003 4036.809314250962 0
410 676.8651013312184 4034.596784093515 0
411 678.8002166646546 4032.384253936048 0
412 680.7353319980691 4030.171723778605 0
413 682.6704473314302 4027.959193621224 0
414 684.6055626648389 4025.746663463788 0
415 686.5406779982843 4023.534133306309 0
416 688.4757933317122 4021.321603148851 0
417 690.4109086651481 4019.109072991384 0
418 692.3460239985453 4016.896542833961 0
419 694.2811393319142 4014.684012676571 0
420 696.2162546652803 4012.471482519184 0
421 698.1513699986804 4010.258952361757 0
422 700.0864853321182 4008.046422204288 0
423 702.0216006655442 4005.833892046832 0
424 703.9567159989891 4003.621361889354 0
425 705.8918313323984 4001.408831731918 0
426 707.8269466657595 3999.196301574536 0
427 709.7620619991734 3996.983771417094 0
428 711.697177332612 3994.771241259624 0
429 713.6322926660283 3992.558711102179 0
430 715.5674079994774 3990.346180944697 0
431 717.5025233329279 3988.133650787213 0
432 719.4376386663508 3985.92112062976 0
433 721.3727539997464 3983.70859047234 0
434 723.3078693331288 3981.496060314933 0
435 725.242984666555 3979.283530157477 0
436 657.1276482543149 4056.353777411646 -7
437 659.2231965086523 4054.29255482327 -7
438 661.3141786638292 4052.227025353141 -7
439 663.2492939972855 4050.01449519565 -7
440 665.1844093306958 4047.801965038213 -7
441 667.1195246641507 4045.589434880723 -7
442 669.0546399975964 4043.376904723245 -7
443 670.9897553310324 4041.164374565778 -7
444 672.9248706644298 4038.951844408355 -7
445 674.8599859978067 4036.739314250955 -7
446 676.7951013311728 4034.526784093568 -7
447 678.730216664581 4032.314253936132 -7
448 680.6653319979448 4030.101723778747 -7
449 682.6004473313227 4027.889193621347 -7
450 684.5355626647324 4025.676663463909 -7
451 686.470677998171 4023.464133306439 -7
452 688.4057933316058 4021.251603148973 -7
453 690.3409086650553 4019.039072991491 -7
454 692.2760239984723 4016.826542834045 -7
455 694.2111393319176 4014.614012676567 -7
456 696.1462546653659 4012.401482519086 -7
457 698.08136999878 4010.188952361644 -7
458 700.016485332246 4007.976422204142 -7
459 701.9516006656858 4005.76389204667 -7
460 703.8867159991189 4003.551361889206 -7
461 705.8218313325102 4001.33883173179 -7
462 707.756946665891 3999.126301574386 -7
463 709.6920619992543 3996.913771417002 -7
464 711.627177332663 3994.701241259566 -7
465 713.5622926660286 3992.488711102179 -7
466 715.49740799942 3990.276180944762 -7
467 717.4325233328221 3988.063650787334 -7
468 719.3676386662569 3985.851120629868 -7
469 721.3027539996845 3983.638590472411 -7
470 723.23786933314 3981.426060314921 -7
471 725.1729846665521 3979.213530157481 -7
472 655.078766666667 4058.461666666667 -2.333333333294362
473 655.0554333333339 4058.438333333334 -4.666666666610528
474 727.154766666667 3977.047666666667 -2.333333333296435
475 727.1314333333339 3977.024333333334 -4.666666666608458
476 656.5374902839126 4056.960144056155 -5.694346519715548
477 725.9114350447669 3978.492373175468 -1.253944502419349
478 725.5886648842348 3978.770626953218 -5.489712009496645
479 656.7978123724995 4056.78789989397 -1.46887821856395
480 722.5735008207962 3982.239962333304 -4.466653597473097
481 660.2937037425211 4053.2899848997 -4.454914669907877
482 681.6758157946599 4029.041779447015 -2.545324509410424
483 677.8851539231149 4033.335155051503 -4.444331318554138
484 693.2865177835938 4015.766607238434 -2.545324676117162
485 718.4430387585114 3987.003734118799 -2.545325144823434
486 712.6217572638654 3993.61861029869 -4.45467449350326
487 666.1948798081967 4046.742009057461 -2.545324398641241
488 706.8323367691737 4000.27890632719 -2.545325008581136
489 673.919417300106 4037.869184326652 -4.454674002467077
490 685.546049790399 4024.616722043683 -2.545324617487498
491 689.4003532893717 4020.168954718916 -4.454673837310111
492 697.1567517780961 4011.341549834145 -2.545324894796063
493 703.0858841421185 4004.521812632003 -4.440709941590099
494 669.8827660219939 4042.48480381223 -4.441246735078835
495 683.5950022921204 4026.806540820899 -4.45467401013254
496 710.7025707659102 3995.853848924727 -2.545325022900139
497 701.0765937935679 4006.860549562614 -2.509083424328753
498 662.0669480259377 4051.460975175097 -2.579464136685599
499 664.0938579796133 4049.102767090091 -4.479628945580497
500 675.8704647998254 4035.679365550986 -2.545324460575401
501 714.5728047621812 3991.428791521765 -2.545325085365729
502 716.4919912602202 3989.193552895971 -4.454674540187797
503 708.7515232678471 3998.043667701699 -4.454674415461991
504 699.0983786944787 4009.080069934028 -4.481915498786419
505 671.9253366467394 4040.190597758506 -2.519939934029541
506 695.2057042809738 4013.531368611974 -4.454674197101678
507 720.5582502899676 3984.545027013293 -4.423973836656979
508 691.1978893102264 4018.112683674387 -4.503497056613561
509 704.8430848560852 4002.51169495261 -4.487866257406774
510 679.6247707852605 4031.345306192542 -4.483826369484106
511 687.5855428850866 4022.242655931311 -4.514120594107535
512 668.0664773615414 4044.557655467489 -4.619186656725013
513 724.5454203521442 3979.975480951364 -4.92734519804946
514 658.2959221954841 4055.247239840442 -4.849843264704224
515 725.812619249248 3978.55717301298 -3.501906922574429
516 656.4463681400262 4057.09633484412 -3.347150652866869
517 658.0486134287916 4055.546048857122 -2.049564198534175
518 659.6730508475055 4053.941196771062 -2.402337982855249
519 724.4301823227414 3980.170315814559 -1.984451398075236
520 668.2717951501543 4044.377325458768 -2.080111658748302
521 704.9029807398804 4002.496473666859 -2.002929002683778
522 687.6685925527431 4022.200644797737 -2.043964702625563
523 720.3836987489552 3984.796053409768 -2.023451714826175
524 691.1733897768494 4018.193545644095 -2.03772589983633
525 662.3031291930045 4051.1394708244 -4.980607592789724
526 664.2655292909599 4048.959581218099 -2.002409430330959
527 673.9412827714964 4037.897085074863 -1.986546236397757
528 693.2646128481454 4015.738671974464 -5.017167981109157
529 681.6539204833514 4029.013852600639 -5.016261692732492
530 712.6435848116612 3993.646477878266 -1.990117240604522
531 718.4213410913568 3986.975980135225 -4.997654106437169
532 671.9783823289433 4040.076537071322 -5.011851918800647
533 675.8485895750987 4035.651456272471 -5.014370498707257
534 683.6169019787235 4026.834471493997 -1.983324891404895
535 695.2276078737667 4013.559302701798 -1.982957295748657
536 699.0978372473924 4009.134241255909 -1.9833925755227
537 708.77338718446 3998.071567090203 -1.986693025964402
538 701.0050896504609 4006.888564873606 -5.0163386695807
539 710.6807202103657 3995.825961222114 -5.012048462262729
540 714.5510039535751 3991.400947328832 -5.007364835042427
541 716.5137424571061 3989.221353697566 -1.997305745583519
542 722.4488457786456 3982.434013163035 -2.062682576541291
543 685.5241480982183 4024.58878961648 -5.01686256135001
544 670.0710133072255 4042.322111456945 -1.989885490011953
545 679.7466596023195 4031.25952156738 -1.984113827784834
546 702.9680624877406 4004.709176194857 -1.984217009958718
547 706.8104599999184 4000.250995697521 -5.014516477506707
548 677.8115363054247 4033.472044759856 -1.984706825956718
549 697.1348495237162 4011.313616914823 -5.016915788919059
550 666.1731284961793 4046.714208154977 -5.002704041890063
551 689.4325867003367 4020.186137516264 -1.933531056546295
552 482.0245 4254.142 -7
553 557.7287 4150.959 -7
554 481.9545 4254.072 -14
555 557.6588 4150.889 -14
556 483.797421425788 4251.751233796434 -7
557 485.5703428515531 4249.360467592898 -7
558 487.3432642772872 4246.969701389406 -7
559 489.1161857030191 4244.578935185915 -7
560 490.88910712875 4242.188168982426 -7
561 492.6620285544791 4239.79740277894 -7
562 494.4349499802081 4237.406636575452 -7
563 496.207871405944 4235.015870371957 -7
564 497.980792831727 4232.625104168397 -7
565 499.7537142575114 4230.234337964836 -7
566 501.5266356832969 4227.843571761274 -7
567 503.2995571090323 4225.452805557778 -7
568 505.0724785347663 4223.062039354286 -7
569 506.8453999605004 4220.671273150792 -7
570 508.6183213862345 4218.280506947299 -7
571 510.3912428119821 4215.889740743787 -7
572 512.1641642377701 4213.498974540221 -7
573 513.9370856635946 4211.108208336605 -7
574 515.7100070894312 4208.717442132975 -7
575 517.4829285152192 4206.326675929408 -7
576 519.2558499409788 4203.93590972588 -7
577 521.0287713667129 4201.545143522387 -7
578 522.8016927924422 4199.154377318901 -7
579 524.5746142181713 4196.763611115413 -7
580 526.3475356439003 4194.372844911927 -7
581 528.1204570696726 4191.982078708382 -7
582 529.8933784954679 4189.591312504806 -7
583 531.6662999213049 4187.200546301175 -7
584 533.43922134711 4184.809780097585 -7
585 535.2121427728939 4182.419013894025 -7
586 536.9850641986279 4180.028247690531 -7
587 538.7579856243866 4177.637481487005 -7
588 540.5309070501696 4175.246715283445 -7
589 542.3038665637163 4172.855977323922 -7
590 544.0768826380507 4170.465281311938 -7
591 545.844107555337 4168.070311826016 -7
592 547.5942507570362 4165.66305934164 -7
593 549.2775214657863 4163.208346905781 -7
594 550.9563193997654 4160.750575986895 -7
595 552.6331330412553 4158.291448207375 -7
596 554.3211030523909 4155.840018001318 -7
597 556.0249015261367 4153.399509000743 -7
598 483.7274222188026 4251.681232727062 -14
599 485.5003444375812 4249.290465454156 -14
600 487.2732666563274 4246.899698181294 -14
601 489.0461888750256 4244.508930908497 -14
602 490.8191110937153 4242.118163635711 -14
603 492.592033312405 4239.727396362926 -14
604 494.3649555310964 4237.336629090138 -14
605 496.1378777497889 4234.945861817348 -14
606 497.9107999684836 4232.555094544555 -14
607 499.6837221871783 4230.164327271763 -14
608 501.456644405873 4227.77355999897 -14
609 503.229566624618 4225.38279272611 -14
610 505.0024888433848 4222.99202545322 -14
611 506.7754110621823 4220.601258180289 -14
612 508.5483332809354 4218.210490907418 -14
613 510.3212554996662 4215.819723634576 -14
614 512.0941777183583 4213.428956361787 -14
615 513.8670999370489 4211.038189089 -14
616 515.6400221557385 4208.647421816215 -14
617 517.4129443744282 4206.256654543428 -14
618 519.1858665931206 4203.865887270639 -14
619 520.9587888118153 4201.475119997846 -14
620 522.7317110305613 4199.084352724984 -14
621 524.5046332493304 4196.693585452093 -14
622 526.277555468133 4194.302818179154 -14
623 528.0504776869316 4191.912050906221 -14
624 529.823399905717 4189.521283633307 -14
625 531.5963221244606 4187.130516360448 -14
626 533.3692443431692 4184.739749087636 -14
627 535.1421665618589 4182.348981814851 -14
628 536.9150887805484 4179.958214542065 -14
629 538.6880109992653 4177.567447269243 -14
630 540.4609332180089 4175.176679996384 -14
631 542.233893525956 4172.785940968629 -14
632 544.0069103932933 4170.395243887377 -14
633 545.7741359191989 4168.00027319593 -14
634 547.5242786133048 4165.593018718864 -14
635 549.2075500749939 4163.138305184994 -14
636 550.8863486492252 4160.680533091157 -14
637 552.5631630406901 4158.221404211762 -14
638 554.2511458141338 4155.76998128809 -14
639 555.9549729070192 4153.329490644113 -14
640 482.0011666666667 4254.118666666667 -9.333333333332558
641 481.9778333333333 4254.095333333333 -11.66666666666745
642 557.7054666600361 4150.935666660036 -9.333333996386504
643 557.6821333300181 4150.912333330018 -11.66666699818782
644 483.0118661897631 4252.674414886122 -12.79657738573223
645 556.8324271734599 4152.213924445789 -8.192360952112507
646 483.3133963378041 4252.36892747424 -8.490708996399757
647 486.4278427540264 4248.143608011696 -9.57739405184334
648 556.20231615533 4153.014479036771 -12.38541404308384
649 553.427888283668 4157.016816715828 -11.42256695006707
650 538.1629632508426 4178.378848093061 -9.598048903287488
651 545.5077817555101 4168.422085228759 -11.49987241034233
652 489.6958637729665 4243.736332133817 -9.593716809116517
653 493.1593898887302 4239.065353337053 -9.612863429042566
654 496.7549289662301 4234.217101621758 -9.600279237464946
655 500.1834124477265 4229.594094050774 -9.588912801928652
656 504.0354855748308 4224.403174811817 -9.437260991761411
657 507.6539567611265 4219.521891611796 -9.514426960140547
658 511.2487427144816 4214.672881162548 -9.577394051894203
659 514.7945855661176 4209.891348755333 -9.577394051950071
660 518.3404284177049 4205.109816348188 -9.577394051863781
661 521.8862712691837 4200.328283941188 -9.577394051837594
662 525.4321141206419 4195.546751534212 -9.577394051837487
663 528.9995721181319 4190.736873483038 -9.54323777473785
664 532.6157627956777 4185.862247324571 -9.467888739132722
665 541.170722407037 4174.327855604243 -9.387717083449072
666 548.6739712531577 4164.026427593652 -9.525166238448699
667 550.4084116442739 4161.445661811583 -11.39672062032097
668 539.7698208749712 4176.163410302248 -11.66775808408927
669 539.8155570349915 4176.15675664041 -9.324929930081534
670 534.439693309587 4183.356957677109 -11.41544750685415
671 516.55544408843 4207.473514668884 -11.42260479539136
672 513.0095996510505 4212.255049214454 -11.42260479539113
673 509.4375817580418 4217.071079351398 -11.45662848395446
674 505.8308492682937 4221.933237735477 -11.51977844428343
675 502.1843405217001 4226.849024700337 -11.58332398348594
676 498.5141578108705 4231.79354890526 -11.7825676220037
677 494.9091961685957 4236.655530138031 -11.75157971006364
678 491.3422801236624 4241.468078028713 -11.64093411781553
679 487.9575302602661 4246.036677344361 -11.45787447688419
680 551.9470844607869 4159.234883842356 -9.541510360659943
681 520.1012885258153 4202.691980123304 -11.42260479538586
682 523.647132963293 4197.910445577603 -11.42260479529308
683 527.1929774008814 4193.128911031749 -11.42260479524273
684 530.7807524609564 4188.289378891282 -11.48454179034277
685 547.0500455078911 4166.317010520544 -11.6943196249714
686 543.4314085339939 4171.226895179781 -11.62997278118879
687 555.2383138227185 4154.407299670319 -11.89107797232097
688 535.9998064257641 4181.251692187804 -11.47800217705911
689 498.6332645737114 4231.688347830857 -9.423044210575274
690 495.1839171652293 4236.339758207313 -9.422998385958863
691 491.7728430188973 4240.939876296826 -9.409377403926557
692 484.373851301947 4250.924743141999 -9.094151400879849
693 488.4107448480223 4245.473474318653 -9.416044839530617
694 547.0895372517534 4166.317931563843 -9.378149515186141
695 551.6579196166243 4159.608543996948 -11.58541882150993
696 483.2509258182309 4252.402033007023 -10.66807931334831
697 556.5368794629812 4152.581002924511 -10.50500132126186
698 555.2580083986502 4154.441292211 -9.33379721358186
699 484.5684591628523 4250.597624552383 -11.84876869467434
700 536.0762165384159 4181.207029295005 -8.992347042125242
701 541.6392797826547 4173.64142212343 -11.71259078446261
702 544.0755898838423 4170.410381627938 -9.411996854195817
703 548.3887301819475 4164.381307463355 -12.01009455554806
704 553.4350131895128 4157.061108040191 -9.203257210432868
705 550.0332703145862 4162.051903948734 -9.123124092530983
706 537.8235999287306 4178.779182561543 -12.03763644274788
707 532.5047891082514 4185.951451628929 -12.04156689310426
708 528.9589302160723 4190.732975455481 -12.04285330145211
709 525.41307731861 4195.514503727753 -12.04360619535022
710 521.8672297272133 4200.29603593474 -12.0438868754213
711 518.321386462061 4205.077571349672 -12.0437825489418
712 514.7755470867904 4209.859109649157 -12.04333204175373
713 511.2297141606848 4214.640652731154 -12.04230758518911
714 507.6838876531309 4219.422200573105 -12.04071189722736
715 504.1380720857467 4224.203756528183 -12.03814256946803
716 500.5922737803953 4228.985325284104 -12.03403699845779
717 497.0465115584105 4233.766920798198 -12.02672016266872
718 493.5008342826052 4238.548579305857 -12.01184346359138
719 489.955426086814 4243.330437355275 -11.97301974063197
720 534.3036592651182 4183.598065543215 -8.959938957729081
721 530.7578340435014 4188.379611024286 -8.958369959644886
722 486.1901830301143 4248.411586229993 -11.81302071977561
723 527.2120056930576 4193.161154185078 -8.957079415953228
724 523.6661707979372 4197.942692492281 -8.956371332454559
725 520.1203308724771 4202.724227069092 -8.956110930289315
726 516.5744874580522 4207.505759058717 -8.95616102645069
727 513.0286385837549 4212.287286999719 -8.956697018102062
728 509.4827841940882 4217.068810850539 -8.957723861319346
729 505.9369218794318 4221.850328824217 -8.959456005100449
730 502.3910466354833 4226.631837209902 -8.962338803730223
731 545.3968427948789 4168.628447763923 -9.159874559984358
732 542.6811829942355 4172.291131164116 -9.388071823840669
733 557.7287 4150.959 -7
734 566.9653 4138.874 -7
735 557.6588 4150.889 -14
736 566.8953 4138.804 -14
737 559.1798497459018 4148.879620054597 -7
738 560.7415930407125 4146.88229371628 -7
739 562.3109310156265 4144.890602258411 -7
740 563.8802689903066 4142.898910800838 -7
741 565.4303782401013 4140.892333900373 -7
742 559.1098810979565 4148.809583779203 -14
743 560.671616653207 4146.812263748991 -14
744 562.2409487250254 4144.820579782909 -14
745 563.8102807965678 4142.828895817175 -14
746 565.3603840136883 4140.822326308437 -14
747 557.6821333300181 4150.912333330018 -11.66666699818781
748 557.7054666600361 4150.935666660036 -9.3333339963865
749 566.9186333333333 4138.827333333333 -11.66666666666304
750 566.9419666666666 4138.850666666667 -9.333333333336954
751 566.1098459214436 4139.97231017638 -8.147448481424712
752 558.5051703425811 4149.705536035363 -12.79184074884539
753 558.6471744672341 4149.607586854919 -8.45382652336485
754 561.4159653752647 4145.969162032821 -9.523725526428146
755 565.9050739480662 4140.142067932143 -12.44585414341166
756 563.0498352006496 4143.843822109451 -11.80430417337502
757 561.490218846536 4145.819753095606 -11.95513240324549
758 563.0097901226379 4143.953665746571 -9.203248692645978
759 558.7123841495211 4149.461713446174 -10.60865254797291
760 559.7075649382333 4148.083542967073 -11.89462037842606
761 565.9391874991583 4140.146964694148 -10.29659468993463
762 564.9503136643226 4141.480372285333 -8.866955301590711
763 564.7276647453135 4141.709736051839 -11.60597647770023
764 559.6038642373186 4148.278334865304 -9.110186135902465
765 562.2538446978041 4144.881206447052 -10.60692146924283
766 566.9653 4138.874 -7
767 647.7289 4065.244 -7
768 566.8953 4138.804 -14
769 647.6589 4065.174 -14
770 568.7603012398376 4136.50540092056 -7
771 570.5430842681263 4134.127575254306 -7
772 572.3668995518673 4131.781747012235 -7
773 574.2386021735474 4129.473262764858 -7
774 576.5813110226915 4127.675560229488 -7
775 578.9250090174016 4125.903332231132 -7
776 580.7016490069932 4123.523184340009 -7
777 582.5723075917647 4121.214877542581 -7
778 584.5444957394395 4118.99162673939 -7
779 586.6314656137346 4116.87576299923 -7
780 588.7186743903486 4114.760123675952 -7
781 590.815533890883 4112.654313672163 -7
782 593.0058762078879 4110.646648030375 -7
783 595.2432451388011 4108.690500669339 -7
784 597.4750206829466 4106.727964518228 -7
785 600.0701514824734 4105.306179732836 -7
786 602.6629191480113 4103.871566177487 -7
787 605.0453952003655 4102.095002617036 -7
788 607.4152126189434 4100.301907888694 -7
789 609.7174751777327 4098.424300285104 -7
790 611.7549952762356 4096.260765660636 -7
791 613.7973331444338 4094.10182778162 -7
792 615.862890433552 4091.965044379084 -7
793 618.047841306039 4089.953210778437 -7
794 620.2807539013357 4087.99202519457 -7
795 622.5354132292947 4086.0558223284 -7
796 624.8149681121538 4084.150312308043 -7
797 627.1747841619302 4082.343758008961 -7
798 629.4403198245168 4080.421341259276 -7
799 631.6887991317953 4078.477965066536 -7
800 633.9386557675281 4076.536183579678 -7
801 636.2316487720776 4074.647989945253 -7
802 638.6092663308759 4072.864929383187 -7
803 640.9239552637479 4071.002094719618 -7
804 643.2116011320945 4069.104979381712 -7
805 645.4992470004011 4067.207864043839 -7
806 568.6903009527132 4136.435401303518 -14
807 570.4730836938774 4134.057576020223 -14
808 572.2968986475312 4131.711748127607 -14
809 574.168600967781 4129.403264252002 -14
810 576.5113089109902 4127.605561355555 -14
811 578.8549514758691 4125.833269790768 -14
812 580.6316224705522 4123.453146776793 -14
813 582.502315904745 4121.144868171345 -14
814 584.474503734791 4118.921617726218 -14
815 586.5614737392175 4116.805754763067 -14
816 588.6486821797474 4114.69011578045 -14
817 590.7455415811315 4112.584306358955 -14
818 592.9358838469979 4110.576641371725 -14
819 595.1732523893808 4108.620494293462 -14
820 597.4050275740898 4106.657958458426 -14
821 600.0001592686951 4105.236175856145 -14
822 602.5929188636326 4103.8015520449 -14
823 604.975366291104 4102.024950898161 -14
824 607.3452184058167 4100.231903223505 -14
825 609.6474799456449 4098.35429522231 -14
826 611.6849997161947 4096.190760946079 -14
827 613.7273434854266 4094.031829436289 -14
828 615.7929363628552 4091.89508110214 -14
829 617.9778724585615 4089.883230183622 -14
830 620.2107615198396 4087.922018652131 -14
831 622.4654204846356 4085.98581609783 -14
832 624.744975325824 4084.080306785626 -14
833 627.1047909955533 4082.273752777489 -14
834 629.370325973602 4080.351335944576 -14
835 631.6188049086144 4078.407960052947 -14
836 633.8686355096887 4076.466149133758 -14
837 636.1616221097629 4074.577950403682 -14
838 638.5392612581174 4072.794919428266 -14
839 640.8539563690522 4070.932093803003 -14
840 643.1416018689641 4069.034978770635 -14
841 645.4292473688359 4067.1378637383 -14
842 566.9419666666666 4138.850666666667 -9.333333333336961
843 566.9186333333333 4138.827333333333 -11.66666666666305
844 647.7055666666666 4065.220666666667 -9.333333333332817
845 647.6822333333333 4065.197333333334 -11.66666666666719
846 646.6144758303976 4066.233590739766 -8.283717224277776
847 646.2519028597435 4066.484108192352 -12.44179125482136
848 567.9323143352448 4137.473715400031 -12.56691479629058
849 568.2176189265081 4137.192768863399 -8.498751801317466
850 577.6396867081968 4126.990085411979 -11.48471117735506
851 573.08758477384 4130.793249880554 -11.46109699133623
852 596.2877110047436 4107.725205003473 -9.491975967130672
853 601.1618507067124 4104.696332162366 -11.42622523473896
854 639.6904015451074 4071.944073913536 -11.42746574052083
855 614.8082025430363 4093.002561570424 -9.633097725584733
856 610.634863405562 4097.357770001881 -11.48162914207132
857 589.8021503798009 4113.610077948971 -9.573043878279289
858 619.1109872169312 4088.93185110595 -11.42725920278565
859 632.8694882346845 4077.411624106855 -9.540153497380459
860 585.3415857870589 4118.094471341094 -11.40705283529686
861 581.3958870802479 4122.587256313081 -9.555534908811325
862 623.6878346700585 4084.983318084629 -11.45755532386752
863 628.4518489151808 4081.193400916529 -11.41360804652362
864 606.2411284937159 4101.153676721536 -9.546412062792722
865 644.3050718867299 4068.110113009091 -11.81417688569351
866 642.0446490907182 4070.025646702896 -9.573189187080359
867 571.2034105821449 4133.187210938549 -9.555507926063855
868 593.9383968232559 4109.750266225443 -11.46384783464907
869 621.4312971544986 4086.956749279375 -9.541466405844975
870 575.089625632226 4128.655446973131 -9.492397971033363
871 635.0171745278368 4075.522858340444 -11.42759480247971
872 626.1161685032596 4083.109956079526 -9.504822094088146
873 637.3988497267629 4073.727646765466 -9.572516089156268
874 569.4153153842384 4135.52313507793 -11.65454560641356
875 587.6495830235889 4115.792798860206 -9.531688635772412
876 579.7331938452239 4124.69162825121 -9.484321740323928
877 598.7875570064169 4105.877508848946 -11.49054581666421
878 630.6784921288229 4079.264582088293 -11.64502110851574
879 608.3734640720495 4099.483899188435 -9.519014399948308
880 612.878901595455 4095.01503839001 -9.537079897625576
881 616.7319589003549 4091.067465782192 -9.487515258832897
882 603.8327310969144 4102.954550769521 -9.55869996464034
883 583.5441527314101 4120.023012225362 -11.52699150613001
884 592.1451528630995 4111.312653185804 -11.50118989171543
885 646.4187614034546 4066.369387672597 -10.49841012663828
886 568.0872801887925 4137.315971599328 -10.57952313421264
887 644.596286837694 4067.917386060961 -9.147899456912956
888 569.4063459143949 4135.595416549183 -9.069963577768958
889 579.3969229466454 4125.086091082365 -11.98203951016517
890 577.7493744858699 4126.947853942204 -8.992745152304678
891 575.4912843643152 4128.325545442191 -11.99987649106025
892 630.3617804050369 4079.586714012396 -9.049119779151729
893 588.8360829335522 4114.549782951516 -11.53575458115364
894 583.5372996776028 4120.084533114518 -8.998180759681967
895 598.7134349134308 4105.951959101169 -8.983988192826363
896 591.7280122864024 4111.747918825114 -8.981261219790445
897 573.2809607878156 4130.609837650682 -8.994405098997932
898 601.4688888527492 4104.580283824048 -8.967884042993377
899 616.6355569658125 4091.105801193452 -11.97195382541467
900 603.8006295476479 4102.935360733366 -12.02923859087368
901 596.3074677337199 4107.660068503431 -12.03343594267912
902 608.2735822676545 4099.519961449349 -11.98053561392242
903 642.0156858401976 4070.005129194708 -12.0078184195423
904 571.4231420317939 4132.838200603733 -11.95243174836942
905 635.0513129301457 4075.539073419607 -8.975786749287296
906 612.7725384910306 4095.076452190332 -12.03617628244346
907 581.8279063447785 4121.98630911108 -11.96582605945399
908 637.3671055534525 4073.708655883227 -12.01810921167845
909 639.4683890626011 4072.172652091718 -8.996678555010552
910 619.1105276405031 4088.978616436088 -8.963358242153138
911 594.0076329499213 4109.736736188207 -8.962325095381047
912 614.5828292749443 4093.185064698337 -12.12279345970815
913 623.7418366690097 4084.983282060134 -8.964569457400883
914 625.941637741453 4083.198915494384 -12.03391658839304
915 632.7619047841662 4077.458123694862 -12.02807121293753
916 605.926253014439 4101.347712771404 -11.95493153819675
917 628.2453897338959 4081.417455246434 -8.967118088923446
918 610.71603852414 4097.323512621865 -8.962616980562577
919 621.3561350385405 4086.974929199452 -12.03593110353856
920 585.5653471776324 4117.916831899556 -8.965189769019696
921 587.1355323135367 4116.266001045664 -11.90803294733837
922 590.5998589852197 4112.770718244637 -11.54625433780432
923 580.6543318879174 4123.491365739216 -11.04421052925084
924 647.7289 4065.244 -7
925 655.0321 4058.415 -7
926 647.6589 4065.174 -14
927 654.9621 4058.345 -14
928 649.5670598221914 4063.549911828716 -7
929 651.4254255893571 4061.878502773308 -7
930 653.2287627947215 4060.146751386613 -7
931 649.4970598221962 4063.479911828712 -14
932 651.3554255893685 4061.808502773297 -14
933 653.1587627947285 4060.076751386606 -14
934 647.7055666666666 4065.220666666667 -9.333333333332817
935 647.6822333333333 4065.197333333334 -11.66666666666719
936 655.0087666666667 4058.391666666667 -9.333333333333853
937 654.9854333333333 4058.368333333333 -11.66666666666563
938 648.6358011568414 4064.275066996143 -12.85173074730761
939 654.0831645622734 4059.286709160196 -9.017904147863693
940 648.9213032750249 4064.090268350993 -8.506059512282834
941 652.4723231679575 4060.833166760558 -9.040316347135477
942 653.7024531599161 4059.583246896684 -12.54087005705477
943 652.2070678957399 4061.037113670874 -11.63066540953585
944 648.929576701431 4064.040565878733 -10.66250958805957
945 650.4796327072869 4062.7165176669 -9.320318026598613
946 650.0080066630654 4063.072294521205 -12.1370781087021
947 653.3733232286367 4059.935006784771 -10.71996862931223
948 655.0321 4058.415 -7
949 727.1081 3977.001 -7
950 654.9621 4058.345 -14
951 727.0381 3976.931 -14
952 657.1276482543149 4056.353777411646 -7
953 659.2231965086523 4054.29255482327 -7
954 661.3141786638292 4052.227025353141 -7
955 663.2492939972855 4050.01449519565 -7
956 665.1844093306958 4047.801965038213 -7
957 667.1195246641507 4045.589434880723 -7
958 669.0546399975964 4043.376904723245 -7
959 670.9897553310324 4041.164374565778 -7
960 672.9248706644298 4038.951844408355 -7
961 674.8599859978067 4036.739314250955 -7
962 676.7951013311728 4034.526784093568 -7
963 678.730216664581 4032.314253936132 -7
964 680.6653319979448 4030.101723778747 -7
965 682.6004473313227 4027.889193621347 -7
966 684.5355626647324 4025.676663463909 -7
967 686.470677998171 4023.464133306439 -7
968 688.4057933316058 4021.251603148973 -7
969 690.3409086650553 4019.039072991491 -7
970 692.2760239984723 4016.826542834045 -7
971 694.2111393319176 4014.614012676567 -7
972 696.1462546653659 4012.401482519086 -7
973 698.08136999878 4010.188952361644 -7
974 700.016485332246 4007.976422204142 -7
975 701.9516006656858 4005.76389204667 -7
976 703.8867159991189 4003.551361889206 -7
977 705.8218313325102 4001.33883173179 -7
978 707.756946665891 3999.126301574386 -7
979 709.6920619992543 3996.913771417002 -7
980 711.627177332663 3994.701241259566 -7
981 713.5622926660286 3992.488711102179 -7
982 715.49740799942 3990.276180944762 -7
983 717.4325233328221 3988.063650787334 -7
984 719.3676386662569 3985.851120629868 -7
985 721.3027539996845 3983.638590472411 -7
986 723.23786933314 3981.426060314921 -7
987 725.1729846665521 3979.213530157481 -7
988 657.0576316005298 4056.283760690994 -14
989 659.15316320107 4054.222521381979 -14
990 661.2441253542586 4052.156972064967 -14
991 663.1792422556529 4049.944443474765 -14
992 665.1143591569976 4047.73191488462 -14
993 667.0494760583834 4045.519386294427 -14
994 668.9845929597506 4043.306857704256 -14
995 670.9197098611111 4041.094329114092 -14
996 672.8548267624379 4038.881800523968 -14
997 674.7899436637389 4036.669271933872 -14
998 676.7250605650291 4034.456743343789 -14
999 678.660177466371 4032.244214753647 -14
1000 680.5952943676688 4030.031686163556 -14
1001 682.5304112689779 4027.819157573451 -14
1002 684.4655281703084 4025.606628983322 -14
1003 686.4006450716723 4023.394100393154 -14
1004 688.3357619730226 4021.181571803002 -14
1005 690.2708788744026 4018.969043212817 -14
1006 692.2059957757508 4016.756514622668 -14
1007 694.1411126771302 4014.543986032482 -14
1008 696.0762295785119 4012.331457442295 -14
1009 698.0113464798578 4010.118928852148 -14
1010 699.9464633812436 4007.906400261956 -14
1011 701.8815802825947 4005.693871671803 -14
1012 703.816697183952 4003.481343081643 -14
1013 705.7518140852801 4001.268814491517 -14
1014 707.6869309865916 3999.056285901409 -14
1015 709.6220478878894 3996.843757311318 -14
1016 711.5571647892311 3994.631228721176 -14
1017 713.492281690529 3992.418700131084 -14
1018 715.4273985918393 3990.206171540978 -14
1019 717.3625154931685 3987.99364295085 -14
1020 719.2976323945313 3985.781114360684 -14
1021 721.2327492958962 3983.568585770516 -14
1022 723.167866197282 3981.356057180324 -14
1023 725.1029830986279 3979.143528590177 -14
1024 655.0087666666667 4058.391666666667 -9.333333333333853
1025 654.9854333333333 4058.368333333333 -11.66666666666563
1026 727.0847666666667 3976.977666666667 -9.333333333334371
1027 727.0614333333333 3976.954333333333 -11.66666666666615
1028 656.3050382932694 4057.048872871829 -12.74908177500355
1029 725.8424827155856 3978.421206222487 -8.25260396330872
1030 725.5177443836483 3978.70194584157 -12.47740599839921
1031 656.6988477610303 4056.744571711451 -8.561908326506924
1032 659.7682707065342 4053.706093316857 -9.536563620566637
1033 722.600319945317 3982.059753604282 -11.44415143237586
1034 718.6014494700993 3986.630604003553 -11.50439833051661
1035 714.6533117387564 3991.144717067042 -11.50546858618403
1036 710.7351965900855 3995.62451983607 -11.50577955171951
1037 706.8312648638262 4000.08810526397 -11.50611886257875
1038 702.9348323439018 4004.543116035888 -11.50647572784153
1039 699.0425935167282 4008.993334044094 -11.50673323236227
1040 695.1530158576662 4013.440510220759 -11.50695168233873
1041 691.2650452351974 4017.886367976189 -11.4829559176516
1042 687.3837867628768 4022.324042308359 -11.48270936718494
1043 683.5019125858119 4026.762421626839 -11.48241545237066
1044 679.6186647731171 4031.202372719837 -11.48206476515444
1045 675.7329408787534 4035.645153123904 -11.48179513920095
1046 671.8428055678628 4040.092976864902 -11.48154850160624
1047 667.9442356577175 4044.550444731452 -11.48128522774028
1048 663.9867148554932 4049.076145675278 -11.44224700179977
1049 697.1158329215208 4011.239469928971 -9.493155435708083
1050 701.0067147035437 4006.790792570449 -9.493408304971137
1051 704.9007522418932 4002.338505101472 -9.493752166845846
1052 708.8003552178451 3997.879856303654 -9.494004565957006
1053 712.7101557502978 3993.409542849539 -9.494499366941978
1054 716.6402706314738 3988.915999989927 -9.495126039975684
1055 720.6190675048302 3984.366744444268 -9.498166063182397
1056 693.2256202298101 4015.687096987717 -9.50621297852153
1057 689.3419051782846 4020.127339708112 -9.517180697417302
1058 685.4604137725294 4024.565269464985 -9.517442772458374
1059 681.5779538571807 4029.004305279069 -9.517765325619484
1060 677.69363244172 4033.445468984883 -9.518109800195429
1061 673.8060205432 4037.890398860624 -9.518269105245453
1062 669.912391395753 4042.342204567255 -9.518616925266652
1063 666.0043092315173 4046.810530227365 -9.519199100523895
1064 661.6522927604567 4051.740687295619 -11.65402834725705
1065 724.4201264665539 3979.969215793902 -11.90356781797987
1066 657.86061191626 4055.590607357175 -9.128056183449782
1067 725.7426203937757 3978.487174014037 -10.50190694407846
1068 656.4940430802426 4056.904797712727 -10.64012529442041
1069 657.8765106428903 4055.516905719595 -12.05519669992747
1070 724.3618305727119 3980.098980790423 -8.959034308665684
1071 662.4815651348493 4050.845054326928 -9.203552614070544
1072 659.7923296862011 4053.634111154971 -11.97237702400607
1073 664.1955832474783 4048.889628409391 -9.002424329775767
1074 666.1031832880499 4046.644249932223 -12.00277001165431
1075 668.065917912528 4044.464659052956 -8.99263288809847
1076 669.9733384546796 4042.219123975332 -12.00986009009379
1077 671.936198501287 4040.039642400556 -8.987932734232764
1078 673.8435323697222 4037.794031908659 -12.01330199001669
1079 675.8064551803348 4035.614604836527 -8.985483673640029
1080 677.713742847426 4033.368954328078 -12.01518450776678
1081 679.6767004822684 4031.189557321858 -8.984105771301216
1082 681.5839618341632 4028.943884189626 -12.01626589935745
1083 683.5469394320294 4026.764504251491 -8.983325926062822
1084 685.4541859420439 4024.518818530126 -12.01686513844342
1085 687.4171743635075 4022.339447666473 -8.982924411769826
1086 689.3244133440496 4020.093755751618 -12.01715424023523
1087 691.2874062805812 4017.914388444979 -8.982806705414514
1088 693.194643666982 4015.668695527793 -12.01716833666145
1089 695.1576354162064 4013.489326790779 -8.982950873059769
1090 697.0648768324335 4011.24363779005 -12.01691481091764
1091 699.0278613713612 4009.064262354901 -8.983394481820525
1092 700.9351134214577 4006.818583046648 -12.01633895419021
1093 702.898083425684 4004.639194507253 -8.984205356137956
1094 704.8053549617397 4002.393532633778 -12.01529693202823
1095 706.7682989010699 4000.214120905744 -8.985635629670291
1096 708.6756048022083 3997.968489480546 -12.01347343878849
1097 710.6385030715517 3995.789037416859 -8.988130257774008
1098 712.5458709744098 3993.543460611307 -12.01011231114822
1099 714.5086825422732 3991.363932325145 -8.992950372297843
1100 716.4161726526927 3989.118462796351 -12.0034082773078
1101 718.3787907526681 3986.938764907871 -9.004479661064016
1102 720.2865340034322 3984.693517171816 -11.99108607797604
1103 722.4898468546241 3982.237231958458 -9.056868334335832
1104 481.9545 4254.072 -14
1105 557.6588 4150.889 -14
1106 481.8845 4254.002 -21
1107 557.5888 4150.819 -21
1108 483.7274222188026 4251.681232727062 -14
1109 485.5003444375812 4249.290465454156 -14
1110 487.2732666563274 4246.899698181294 -14
1111 489.0461888750256 4244.508930908497 -14
1112 490.8191110937153 4242.118163635711 -14
1113 492.592033312405 4239.727396362926 -14
1114 494.3649555310964 4237.336629090138 -14
1115 496.1378777497889 4234.945861817348 -14
1116 497.9107999684836 4232.555094544555 -14
1117 499.6837221871783 4230.164327271763 -14
1118 501.456644405873 4227.77355999897 -14
1119 503.229566624618 4225.38279272611 -14
1120 505.0024888433848 4222.99202545322 -14
1121 506.7754110621823 4220.601258180289 -14
1122 508.5483332809354 4218.210490907418 -14
1123 510.3212554996662 4215.819723634576 -14
1124 512.0941777183583 4213.428956361787 -14
1125 513.8670999370489 4211.038189089 -14
1126 515.6400221557385 4208.647421816215 -14
1127 517.4129443744282 4206.256654543428 -14
1128 519.1858665931206 4203.865887270639 -14
1129 520.9587888118153 4201.475119997846 -14
1130 522.7317110305613 4199.084352724984 -14
1131 524.5046332493304 4196.693585452093 -14
1132 526.277555468133 4194.302818179154 -14
1133 528.0504776869316 4191.912050906221 -14
1134 529.823399905717 4189.521283633307 -14
1135 531.5963221244606 4187.130516360448 -14
1136 533.3692443431692 4184.739749087636 -14
1137 535.1421665618589 4182.348981814851 -14
1138 536.9150887805484 4179.958214542065 -14
1139 538.6880109992653 4177.567447269243 -14
1140 540.4609332180089 4175.176679996384 -14
1141 542.233893525956 4172.785940968629 -14
1142 544.0069103932933 4170.395243887377 -14
1143 545.7741359191989 4168.00027319593 -14
1144 547.5242786133048 4165.593018718864 -14
1145 549.2075500749939 4163.138305184994 -14
1146 550.8863486492252 4160.680533091157 -14
1147 552.5631630406901 4158.221404211762 -14
1148 554.2511458141338 4155.76998128809 -14
1149 555.9549729070192 4153.329490644113 -14
1150 483.6574222188343 4251.611232727019 -21
1151 485.4303444376446 4249.220465454071 -21
1152 487.2032666564224 4246.829698181166 -21
1153 488.9761888751523 4244.438930908326 -21
1154 490.7491110938743 4242.048163635497 -21
1155 492.5220333125982 4239.657396362665 -21
1156 494.2949555313238 4237.266629089831 -21
1157 496.0678777500498 4234.875861816996 -21
1158 497.8407999687737 4232.485094544164 -21
1159 499.6137221874962 4230.094327271334 -21
1160 501.3866444062176 4227.703559998506 -21
1161 503.1595666249941 4225.312792725603 -21
1162 504.9324888437945 4222.922025452668 -21
1163 506.7054110626288 4220.531258179687 -21
1164 508.4783332814185 4218.140490906766 -21
1165 510.2512555001853 4215.749723633877 -21
1166 512.0241777189117 4213.358956361041 -21
1167 513.7970999376381 4210.968189088206 -21
1168 515.5700221563644 4208.577421815371 -21
1169 517.3429443750908 4206.186654542536 -21
1170 519.1158665938145 4203.795887269704 -21
1171 520.8887888125359 4201.405119996875 -21
1172 522.6617110313086 4199.014352723977 -21
1173 524.4346332501061 4196.623585451046 -21
1174 526.2075554689404 4194.232818178066 -21
1175 527.9804776877747 4191.842050905085 -21
1176 529.7533999065968 4189.45128363212 -21
1177 531.5263221253772 4187.060516359213 -21
1178 533.2992443441191 4184.669749086356 -21
1179 535.0721665628404 4182.278981813528 -21
1180 536.8450887815618 4179.888214540699 -21
1181 538.6180110003103 4177.497447267834 -21
1182 540.3909332190856 4175.106679994933 -21
1183 542.1638935270786 4172.715940967115 -21
1184 543.9369103944015 4170.325243885883 -21
1185 545.7041359203392 4167.930273194378 -21
1186 547.4542786144383 4165.523018717212 -21
1187 549.1375500760818 4163.068305183408 -21
1188 550.8163486503163 4160.610533089557 -21
1189 552.4931630413153 4158.151404210845 -21
1190 554.1811458147278 4155.699981287238 -21
1191 555.8849729073356 4153.25949064366 -21
1192 481.9311666666665 4254.048666666667 -16.33333333334758
1193 481.9078333333331 4254.025333333333 -18.66666666668558
1194 557.6353666766786 4150.865666676678 -16.33333233213945
1195 557.6120333433122 4150.842333343312 -18.66666566878542
1196 483.1200815808302 4252.367235816795 -19.66276619096609
1197 556.5822849748761 4152.400281257888 -15.25670831381762
1198 556.2294563152094 4152.803723352801 -19.44793917917357
1199 483.3828138985739 4252.109769539118 -15.53988087829355
1200 545.034461048409 4168.901367457559 -18.50069050375449
1201 541.4890513847354 4173.685309853621 -18.46946481578728
1202 487.7701396861055 4246.168045627946 -16.62400186399357
1203 491.4011008970729 4241.275321860898 -16.47114331299637
1204 495.0912707148339 4236.298144699143 -16.51463226939809
1205 498.7683002544843 4231.338234419097 -16.57739520461537
1206 502.3141446918975 4226.556699873479 -16.57739520465234
1207 511.1787557856647 4214.602863509121 -16.5773952046108
1208 514.7246002230469 4209.821328963546 -16.57739520460829
1209 518.2704446604273 4205.039794417973 -16.57739520461064
1210 507.5694631489042 4219.470807391197 -16.54119764481853
1211 521.8162890978399 4200.258259872355 -16.57739520465324
1212 534.2267446291673 4183.522888962183 -16.57739520460833
1213 537.7244389983333 4178.813393864467 -16.27466536643815
1214 530.8209331182719 4188.072511290849 -18.41173430552423
1215 525.3742333870855 4195.461218672885 -16.54291043778944
1216 548.2789632364636 4164.429612474905 -16.55665428101
1217 553.5155649400554 4156.71650390438 -18.40281391984701
1218 539.8534399408192 4175.889935853831 -18.51109259347989
1219 543.3216067018082 4171.261229786171 -16.47245442026739
1220 549.9863369055793 4161.89135756667 -18.4226178295681
1221 528.9625875495078 4190.623000764203 -16.51563497636668
1222 504.1924368291347 4223.980670935005 -18.41565837788387
1223 500.529144120205 4228.920420123981 -18.4226047953456
1224 496.9144366386051 4233.794051034691 -18.45516775223957
1225 493.2330071418334 4238.757134164087 -18.50994620392987
1226 489.5647021016398 4243.70373075409 -18.51313172915506
1227 551.6951656153374 4159.430791863132 -16.5773786115518
1228 486.2088209920944 4248.229073933719 -18.51431475933617
1229 509.3675756252958 4217.001106164321 -18.45583891361003
1230 512.9395996516232 4212.185049213684 -18.42260479533829
1231 516.4854440890755 4207.403514668016 -18.42260479534023
1232 520.0312885265226 4202.621980122352 -18.42260479534555
1233 523.5771329640562 4197.840445576576 -18.42260479525263
1234 527.1474430252905 4193.024440038122 -18.48559643671052
1235 535.9875884955485 4181.105074666176 -18.42260479534528
1236 505.8479107765301 4221.748118305281 -18.42260479524275
1237 532.4161919556906 4185.920490635019 -18.44710235307222
1238 546.7493049216645 4166.611884583104 -16.55127681211464
1239 555.2658426028645 4154.198041244756 -18.87055059679779
1240 484.4347435849774 4250.610964543243 -18.95861830904063
1241 556.4667982234012 4152.511016378778 -17.50500014628424
1242 483.1718584325492 4252.344897178314 -17.64095994799082
1243 484.3594397126354 4250.780048310753 -16.08284347107765
1244 485.7603641407909 4248.88228212692 -16.45048757006827
1245 555.1847734006286 4154.381890546455 -16.08620019270231
1246 540.5025751958954 4175.065070164718 -16.36134977603828
1247 532.4606043472099 4185.918685518455 -15.97383048456875
1248 544.9869372647074 4169.025928039769 -15.96737010966986
1249 546.750389728075 4166.553139446555 -18.9758731253534
1250 548.3185369423511 4164.311174950728 -19.0269482314112
1251 553.3606718790699 4157.001389502222 -16.04454464646797
1252 551.6775410815402 4159.396505294698 -19.0153523656502
1253 549.8837371597717 4162.102046259759 -15.98109897535296
1254 543.0724797312741 4171.536966002164 -19.03512228701099
1255 534.2077366300555 4183.490703118146 -19.03931510584332
1256 518.2514222633899 4205.007597897462 -19.04059643699633
1257 491.6577533797224 4240.869228902777 -19.02596572538426
1258 514.7055798324888 4209.789133931129 -19.04041786222477
1259 536.0065890900742 4181.137255019255 -15.96134386928091
1260 511.1597391704043 4214.5706712765 -19.04008186978499
1261 498.7493280090623 4231.306075090321 -19.03613311432643
1262 495.2035210670082 4236.08763744146 -19.03279617715111
1263 489.9104193340211 4243.297061680057 -15.97843724671705
1264 516.50446623588 4207.435711002892 -15.95942583564508
1265 512.9586195910173 4212.217243911458 -15.95962229265216
1266 488.1121456500741 4245.650938983938 -19.00489969620476
1267 493.4563658615871 4238.515602841546 -15.96935163635323
1268 497.0022605145874 4233.734105534376 -15.96488265142714
1269 520.0503112387285 4202.654176876643 -15.95937551175199
1270 500.5481317794064 4228.952590883218 -15.96249511959071
1271 537.848934019792 4178.584836491832 -18.85833116289417
1272 521.7972664612876 4200.226063174107 -19.04061775795019
1273 509.4127708263981 4216.998775248126 -15.9600073972864
1274 502.2951512676267 4226.524524838977 -19.03801795062652
1275 530.6878358754745 4188.309566805505 -15.96014762918284
1276 507.6139008795468 4219.352210380455 -19.03953484146868
1277 505.6827103263522 4222.027510202545 -16.01165957817334
1278 523.5961545142036 4197.87264146923 -15.95947892525513
1279 504.093991538653 4224.171067699689 -15.96113154439686
1280 528.8889599301116 4190.662997488734 -19.0402089497384
1281 525.3431122400777 4195.444529622822 -19.04049839754827
1282 527.1419961639335 4193.091104855987 -15.95972703310203
1283 539.141407603209 4176.903533370681 -16.23604425705825
1284 541.9028329956702 4173.181905640652 -16.14744341732182
1285 557.6588 4150.889 -14
1286 566.8953 4138.804 -14
1287 557.5888 4150.819 -21
1288 566.8253 4138.734 -21
1289 559.1098810979565 4148.809583779203 -14
1290 560.671616653207 4146.812263748991 -14
1291 562.2409487250254 4144.820579782909 -14
1292 563.8102807965678 4142.828895817175 -14
1293 565.3603840136883 4140.822326308437 -14
1294 559.0398810979204 4148.739583779254 -21
1295 560.6016166531869 4146.742263749017 -21
1296 562.1709487250259 4144.750579782908 -21
1297 563.7402807966313 4142.758895817095 -21
1298 565.2903840137193 4140.752326308397 -21
1299 557.6353666766786 4150.865666676678 -16.33333233213945
1300 557.6120333433122 4150.842333343312 -18.66666566878542
1301 566.8719666666665 4138.780666666667 -16.3333333333525
1302 566.8486333333332 4138.757333333333 -18.66666666668221
1303 565.9909218551146 4139.965033217349 -15.21696616955025
1304 558.4511618575143 4149.613210009837 -19.76494304915143
1305 565.8507801404497 4140.048953036093 -19.55221340235997
1306 563.0811459854262 4143.650631760677 -18.56694213194735
1307 558.5790954903666 4149.534715656048 -15.45636665298094
1308 561.2929831742863 4145.965638280334 -16.55743761659045
1309 561.4535701659206 4145.707310123009 -18.96023853169217
1310 562.890451541595 4143.946843571923 -16.17853308430639
1311 565.7696194697652 4140.20602113756 -17.37736528858384
1312 564.755338806332 4141.568337594636 -16.14210020962446
1313 558.6455222394727 4149.387042390845 -17.61382114300519
1314 559.6500822477022 4147.997338196258 -18.90866530216933
1315 559.5420930960427 4148.197834240488 -16.11270455531949
1316 564.8528445191853 4141.375809863718 -18.92028245372444
1317 562.1804855956129 4144.81630706638 -17.57001358931479
1318 566.8953 4138.804 -14
1319 647.6589 4065.174 -14
1320 566.8253 4138.734 -21
1321 647.5889 4065.104 -21
1322 568.6903009527132 4136.435401303518 -14
1323 570.4730836938774 4134.057576020223 -14
1324 572.2968986475312 4131.711748127607 -14
1325 574.168600967781 4129.403264252002 -14
1326 576.5113089109902 4127.605561355555 -14
1327 578.8549514758691 4125.833269790768 -14
1328 580.6316224705522 4123.453146776793 -14
1329 582.502315904745 4121.144868171345 -14
1330 584.474503734791 4118.921617726218 -14
1331 586.5614737392175 4116.805754763067 -14
1332 588.6486821797474 4114.69011578045 -14
1333 590.7455415811315 4112.584306358955 -14
1334 592.9358838469979 4110.576641371725 -14
1335 595.1732523893808 4108.620494293462 -14
1336 597.4050275740898 4106.657958458426 -14
1337 600.0001592686951 4105.236175856145 -14
1338 602.5929188636326 4103.8015520449 -14
1339 604.975366291104 4102.024950898161 -14
1340 607.3452184058167 4100.231903223505 -14
1341 609.6474799456449 4098.35429522231 -14
1342 611.6849997161947 4096.190760946079 -14
1343 613.7273434854266 4094.031829436289 -14
1344 615.7929363628552 4091.89508110214 -14
1345 617.9778724585615 4089.883230183622 -14
1346 620.2107615198396 4087.922018652131 -14
1347 622.4654204846356 4085.98581609783 -14
1348 624.744975325824 4084.080306785626 -14
1349 627.1047909955533 4082.273752777489 -14
1350 629.370325973602 4080.351335944576 -14
1351 631.6188049086144 4078.407960052947 -14
1352 633.8686355096887 4076.466149133758 -14
1353 636.1616221097629 4074.577950403682 -14
1354 638.5392612581174 4072.794919428266 -14
1355 640.8539563690522 4070.932093803003 -14
1356 643.1416018689641 4069.034978770635 -14
1357 645.4292473688359 4067.1378637383 -14
1358 568.6203012370524 4136.365400924275 -21
1359 570.4030842625559 4133.987575261736 -21
1360 572.226899543095 4131.641747023054 -21
1361 574.098602161851 4129.333262779283 -21
1362 576.4413110024349 4127.535560240291 -21
1363 578.7850090019116 4125.763332253913 -21
1364 580.5616489869952 4123.383184365301 -21
1365 582.4323075672905 4121.07487757017 -21
1366 584.4044957118844 4118.851626770453 -21
1367 586.4914655812969 4116.735763032108 -21
1368 588.5786743546319 4114.620123712154 -21
1369 590.6755338506584 4112.514313710415 -21
1370 592.8658761625637 4110.506648069882 -21
1371 595.1032450901623 4108.55050071211 -21
1372 597.3350206307963 4106.587964564086 -21
1373 599.930151416171 4105.166179765847 -21
1374 602.5229122116554 4103.731557005307 -21
1375 604.9053600191874 4101.954955575156 -21
1376 607.2752126838097 4100.1619078364 -21
1377 609.5774752316727 4098.284300227827 -21
1378 611.6149953271254 4096.120765606599 -21
1379 613.6573331927968 4093.96182773159 -21
1380 615.7228904786881 4091.825044332392 -21
1381 617.9078413512541 4089.813210738542 -21
1382 620.1407539435593 4087.85202515831 -21
1383 622.3954132679958 4085.915822295165 -21
1384 624.67496814898 4084.010312279851 -21
1385 627.0347841950786 4082.203757983585 -21
1386 629.3003198525886 4080.281341235014 -21
1387 631.5487991563695 4078.337965045327 -21
1388 633.7986557885873 4076.396183561503 -21
1389 636.0916487906503 4074.507989931325 -21
1390 638.4692663457595 4072.724929372025 -21
1391 640.7839552744697 4070.862094710726 -21
1392 643.0716011392424 4068.964979375784 -21
1393 645.359247003975 4067.067864040875 -21
1394 566.8719666666665 4138.780666666667 -16.3333333333525
1395 566.8486333333332 4138.757333333333 -18.66666666668221
1396 647.6355666666667 4065.150666666666 -16.33333333333178
1397 647.6122333333333 4065.127333333333 -18.66666666666978
1398 646.5482278252501 4066.162215478331 -15.17696255065225
1399 646.21488326269 4066.383519031758 -19.47202607415556
1400 567.8624992423811 4137.40354441916 -19.56379860010551
1401 568.1481000252772 4137.122118017596 -15.49954242450974
1402 577.750440642768 4126.811679836623 -16.5422480368089
1403 573.0377946490192 4130.698347170281 -18.46005133510215
1404 596.2176551652828 4107.655254896373 -16.49193393904068
1405 601.0898704136998 4104.627317490786 -18.42626810907258
1406 639.6465191765915 4071.886337273765 -16.57306161055782
1407 614.6473793470053 4093.02560006331 -16.67664026076464
1408 610.5648626825398 4097.287770829154 -18.48162625468611
1409 589.6134136679077 4113.661344769333 -16.52771473647361
1410 619.0173905509835 4088.882314055733 -18.44522553149353
1411 632.9482539293743 4077.213694725068 -16.51347962219085
1412 585.4300241238979 4117.901424116522 -16.54229049298679
1413 581.4527642566745 4122.35717975556 -16.54000863757138
1414 623.5843103869061 4084.977146156728 -16.57248391482019
1415 628.4615851771318 4081.091496688837 -16.42829041493614
1416 606.1711562854273 4101.083687791857 -16.54641643358064
1417 644.5226361940274 4067.800162988718 -18.89489868895203
1418 579.6056669083719 4124.65017472502 -18.44157585695837
1419 571.1332850852104 4133.117373632206 -16.55570891452035
1420 593.8683853611468 4109.680276227153 -18.46384726123003
1421 630.6897326188428 4079.12639785069 -18.5359976487313
1422 583.3760429478745 4120.065090472855 -18.45746990648874
1423 587.560977116297 4115.703502373037 -18.42657478439521
1424 626.1626154917715 4082.91533067378 -18.51437040520226
1425 635.1112286328278 4075.31047712692 -18.46773055372685
1426 569.3453235911531 4135.453123953087 -18.65455326320198
1427 641.4892589526786 4070.360732477892 -16.43335507318319
1428 621.3144514967837 4086.926389768029 -16.57312813000941
1429 598.7177075331017 4105.807432177402 -18.49066101999832
1430 608.3034716302367 4099.413892840937 -16.5190284815291
1431 612.8089304209581 4094.945007566778 -16.53709032312149
1432 616.8261365665541 4090.853999974099 -16.41146702203347
1433 575.0492370883285 4128.567228231774 -16.32128203106916
1434 603.7627579972268 4102.884574445156 -16.55871021388744
1435 637.1633693414333 4073.747481715453 -18.52951305433803
1436 591.8753642966878 4111.42319569405 -18.4429860101695
1437 646.3488478014774 4066.29930905351 -17.49841003039006
1438 568.0172863018358 4137.245959252547 -17.57970930229821
1439 644.7856018291072 4067.633075012446 -16.10769016408314
1440 569.3371341270662 4135.524347646217 -16.0707180285428
1441 575.5564861456999 4128.161228350855 -18.8679864801068
1442 641.971593781696 4069.918228633645 -18.7571982769163
1443 637.0181503567321 4073.900778713862 -15.99135047345292
1444 577.6422592739435 4126.853270130761 -19.00506667635143
1445 598.6434296511954 4105.881963889235 -15.9838434531179
1446 579.3542982307532 4125.050080012839 -15.98178624072801
1447 591.6579917741476 4111.677938222678 -15.98126680700679
1448 573.2109604799919 4130.539839557792 -15.99433670653535
1449 601.3989286170563 4104.510260606294 -15.96811232744978
1450 616.4422544456482 4091.145181393482 -18.9364461701989
1451 603.730644005818 4102.865393606241 -19.02924297764637
1452 596.2374605474228 4107.59007469162 -19.0334429216144
1453 622.4471049306262 4085.915550031797 -18.62646253707639
1454 608.2035703030245 4099.449971002844 -18.98054070751174
1455 571.3531555334712 4132.768178228464 -18.95261887513508
1456 635.1113134991963 4075.355604805907 -16.03955713230805
1457 612.7025284798763 4095.006462836825 -19.036175497856
1458 581.5330220259671 4122.199278587193 -19.03027716139286
1459 590.0577209820709 4113.160480497379 -19.03587768565772
1460 619.0405219745223 4088.908622188046 -15.96335619626308
1461 593.9376389406466 4109.666730959046 -15.96232548697991
1462 614.5127757567257 4093.115080828555 -19.12268350872338
1463 639.3677142297473 4072.072923616551 -19.01242815368039
1464 625.9081312304276 4083.155147530958 -15.96577238566119
1465 632.6918992835095 4077.388129180037 -19.02807070392225
1466 605.8562623828494 4101.277748250306 -18.95494233797614
1467 628.1411199208875 4081.319919772972 -19.03287468270057
1468 610.646043130949 4097.253507735897 -15.96261670132637
1469 583.467641007309 4120.0148194737 -15.96663183857658
1470 630.476469108889 4079.358584572853 -15.96874652781081
1471 587.5853028413235 4115.728425897109 -15.96431452269224
1472 585.4649241686823 4117.815868625769 -19.03432117239517
1473 620.783219757199 4087.340931032165 -18.8142681250534
1474 624.2024998996221 4084.408732614401 -18.92003240913635
1475 643.2098843704065 4068.922917971408 -17.03041529271484
1476 647.6589 4065.174 -14
1477 654.9621 4058.345 -14
1478 647.5889 4065.104 -21
1479 654.8921 4058.275 -21
1480 649.4970598221962 4063.479911828712 -14
1481 651.3554255893685 4061.808502773297 -14
1482 653.1587627947285 4060.076751386606 -14
1483 649.4270598221912 4063.409911828716 -21
1484 651.2854255893808 4061.738502773285 -21
1485 653.0887627947219 4060.006751386612 -21
1486 647.6122333333333 4065.127333333333 -18.66666666666977
1487 647.6355666666667 4065.150666666666 -16.33333333333178
1488 654.9387666666667 4058.321666666667 -16.33333333333489
1489 654.9154333333333 4058.298333333333 -18.66666666666512
1490 653.892866640673 4059.257775120113 -19.8161206751122
1491 648.7897247885046 4064.079567299112 -15.44281944748178
1492 653.7879373851022 4059.444760684428 -15.41774034861786
1493 650.2252985948976 4062.809205567929 -16.15458703736763
1494 648.7539929302978 4064.033660761268 -19.53965622803786
1495 652.3853321041812 4060.723689951395 -18.8864768986928
1496 653.7362795967143 4059.450241010755 -17.66876088852332
1497 652.4455581397361 4060.724123955164 -15.91401459693196
1498 650.0439169799215 4062.912706487796 -19.02406073151796
1499 648.8156222801133 4064.015276988866 -17.49468365459743
1500 654.9621 4058.345 -14
1501 727.0381 3976.931 -14
1502 654.8921 4058.275 -21
1503 726.9681 3976.861 -21
1504 657.0576316005298 4056.283760690994 -14
1505 659.15316320107 4054.222521381979 -14
1506 661.2441253542586 4052.156972064967 -14
1507 663.1792422556529 4049.944443474765 -14
1508 665.1143591569976 4047.73191488462 -14
1509 667.0494760583834 4045.519386294427 -14
1510 668.9845929597506 4043.306857704256 -14
1511 670.9197098611111 4041.094329114092 -14
1512 672.8548267624379 4038.881800523968 -14
1513 674.7899436637389 4036.669271933872 -14
1514 676.7250605650291 4034.456743343789 -14
1515 678.660177466371 4032.244214753647 -14
1516 680.5952943676688 4030.031686163556 -14
1517 682.5304112689779 4027.819157573451 -14
1518 684.4655281703084 4025.606628983322 -14
1519 686.4006450716723 4023.394100393154 -14
1520 688.3357619730226 4021.181571803002 -14
1521 690.2708788744026 4018.969043212817 -14
1522 692.2059957757508 4016.756514622668 -14
1523 694.1411126771302 4014.543986032482 -14
1524 696.0762295785119 4012.331457442295 -14
1525 698.0113464798578 4010.118928852148 -14
1526 699.9464633812436 4007.906400261956 -14
1527 701.8815802825947 4005.693871671803 -14
1528 703.816697183952 4003.481343081643 -14
1529 705.7518140852801 4001.268814491517 -14
1530 707.6869309865916 3999.056285901409 -14
1531 709.6220478878894 3996.843757311318 -14
1532 711.5571647892311 3994.631228721176 -14
1533 713.492281690529 3992.418700131084 -14
1534 715.4273985918393 3990.206171540978 -14
1535 717.3625154931685 3987.99364295085 -14
1536 719.2976323945313 3985.781114360684 -14
1537 721.2327492958962 3983.568585770516 -14
1538 723.167866197282 3981.356057180324 -14
1539 725.1029830986279 3979.143528590177 -14
1540 656.9876482543124 4056.213777411649 -21
1541 659.0831965086472 4054.152554823275 -21
1542 661.1741786638221 4052.087025353149 -21
1543 663.109293997276 4049.874495195661 -21
1544 665.0444093306839 4047.661965038226 -21
1545 666.9795246640618 4045.449434880825 -21
1546 668.9146399974663 4043.236904723394 -21
1547 670.8497553309014 4041.024374565928 -21
1548 672.7848706643354 4038.811844408463 -21
1549 674.7199859977829 4036.599314250982 -21
1550 676.6551013311951 4034.386784093542 -21
1551 678.5902166646405 4032.174253936064 -21
1552 680.525331998046 4029.961723778632 -21
1553 682.46044733141 4027.749193621247 -21
1554 684.3955626648133 4025.536663463817 -21
1555 686.3306779982677 4023.324133306328 -21
1556 688.2657933316988 4021.111603148867 -21
1557 690.2009086651445 4018.899072991388 -21
1558 692.1360239985463 4016.68654283396 -21
1559 694.0711393319141 4014.474012676571 -21
1560 696.00625466528 4012.261482519184 -21
1561 697.9413699986836 4010.048952361753 -21
1562 699.8764853321168 4007.83642220429 -21
1563 701.8116006655413 4005.623892046835 -21
1564 703.7467159990003 4003.411361889342 -21
1565 705.6818313324181 4001.198831731895 -21
1566 707.6169466657827 3998.98630157451 -21
1567 709.5520619991877 3996.773771417078 -21
1568 711.487177332636 3994.561241259596 -21
1569 713.4222926660452 3992.34871110216 -21
1570 715.3574079994934 3990.136180944678 -21
1571 717.292523332929 3987.923650787211 -21
1572 719.2276386663629 3985.711120629747 -21
1573 721.1627539997639 3983.498590472319 -21
1574 723.0978693331448 3981.286060314915 -21
1575 725.0329846665545 3979.073530157478 -21
1576 654.9387666666667 4058.321666666667 -16.33333333333489
1577 654.9154333333333 4058.298333333333 -18.66666666666512
1578 727.0147666666667 3976.907666666667 -16.33333333333282
1579 726.9914333333334 3976.884333333333 -18.66666666666719
1580 656.2556575313813 4056.958726530082 -19.74199102860459
1581 725.7713843014895 3978.352429325996 -15.25403161490397
1582 725.4784859072117 3978.596657774592 -19.48385114539379
1583 656.5978051940571 4056.706555927127 -15.4874884331618
1584 722.8352377850064 3981.639228746177 -18.53220482265996
1585 659.7701312241035 4053.564983938559 -16.55418814389689
1586 663.8755338227691 4049.094847217177 -16.4954658797814
1587 667.823568977263 4044.580852237409 -16.49467805258809
1588 671.7416978781835 4040.101046020282 -16.49411176380284
1589 675.6456190563711 4035.637477069763 -16.49388262295163
1590 679.542063327746 4031.182459626491 -16.49352579250851
1591 683.4343052801584 4026.732244885232 -16.49326446226876
1592 687.3242316172917 4022.284677706834 -16.49300364724008
1593 691.2128938662096 4017.838550529127 -16.4929902410294
1594 695.0931196801816 4013.401548060303 -16.51729123541429
1595 698.9750027776365 4008.963165270285 -16.51758573693972
1596 702.8582492673978 4004.523222415407 -16.51793722066493
1597 706.7439818610227 4000.080437297245 -16.51827751363563
1598 710.634114468476 3995.632624869663 -16.51845566717677
1599 714.532558515255 3991.175308525582 -16.51867944451029
1600 718.450842936283 3986.695296635885 -16.51941287585205
1601 685.3610670675662 4024.486110961129 -18.506844898324
1602 681.4701760542019 4028.934792147548 -18.50659067401674
1603 677.5761442791734 4033.387064962324 -18.50630761979395
1604 673.6765221909889 4037.845731879762 -18.50591345564584
1605 669.7667342388512 4042.316022493922 -18.50549645107334
1606 665.8366054602011 4046.809574177747 -18.50488104843155
1607 661.8576663919675 4051.35897881029 -18.50214820691039
1608 689.2503219164361 4020.039299460347 -18.50714735359024
1609 693.1386888552692 4015.593506460049 -18.50729571762861
1610 697.0164942395782 4011.160322549097 -18.4825547663634
1611 700.8989564472015 4006.721290815925 -18.48223405284697
1612 704.7832816893658 4002.280127921993 -18.48196223499915
1613 708.670895651107 3997.835204067864 -18.48172686086716
1614 712.5645119444788 3993.383416577042 -18.4815302804443
1615 716.4701456922361 3988.917888711622 -18.48134020275786
1616 720.4182245769827 3984.405049353458 -18.42430317734363
1617 724.4725396165884 3979.758715203084 -18.92848814550812
1618 657.8006143830808 4055.511548815441 -16.08645297293016
1619 725.6726192492309 3978.417173012998 -17.50190692262215
1620 656.3057809385965 4056.956941438994 -17.34568855495036
1621 657.8593109536471 4055.395306346711 -19.03599247081927
1622 724.3774743112381 3979.933373236694 -15.85086236872499
1623 720.2436985150388 3984.656052490936 -16.0235070617652
1624 659.8741333478922 4053.41531244651 -18.94229366325089
1625 662.1903421749771 4051.032042000275 -16.0093186090452
1626 722.3088164341739 3982.294046095909 -16.06271142472551
1627 718.2813411478321 3986.835980184404 -18.99764879932311
1628 716.3737436668313 3989.081353649824 -15.99724344119398
1629 714.4110039764505 3991.260947348765 -19.00737019409863
1630 712.5035852006779 3993.506476720658 -15.99015049790479
1631 710.540720376593 3995.685961367618 -19.01204886010615
1632 708.6333879049075 3997.93156583045 -15.98671336906015
1633 706.6704604278397 4000.110996072019 -19.01450004375589
1634 704.7631742132694 4002.356640600094 -15.98481991577598
1635 702.8002117617542 4004.536040644462 -19.01588841549019
1636 700.8929518284906 4006.781707766707 -15.98374491656732
1637 698.9299695107511 4008.961090827724 -19.01667229919668
1638 697.0227245969566 4011.206770694338 -15.98312623676894
1639 695.0597312816714 4013.386144528488 -19.01707703557583
1640 693.1524937765671 4015.631830483112 -15.98284544751871
1641 691.1894961088011 4017.81120090216 -19.0171934519812
1642 689.2822600897061 4020.056887764787 -15.98283453859821
1643 687.3192637081939 4022.236259700722 -19.01704808080093
1644 685.4120236257648 4024.481942617565 -15.98308509289828
1645 683.4490343580579 4026.661321167294 -19.01661439839057
1646 681.5417837487378 4028.906994485086 -15.98365699508276
1647 679.5788090920329 4031.086386205687 -19.01579445075531
1648 677.6715388789968 4033.332041985803 -15.98469896636495
1649 675.7085901535872 4035.511456778459 -19.01437575119944
1650 673.8012856059347 4037.757082136803 -15.98653211304899
1651 671.8383827799162 4039.936537466001 -19.01186244522419
1652 669.9310161854444 4042.182108165066 -15.98988553893105
1653 667.9681995925939 4044.361639307287 -19.0070594698222
1654 666.0607110694517 4046.607102973574 -15.9965996954759
1655 664.0980872599562 4048.7868031191 -18.99557101531081
$EndNodes
$Elements
2428
1 2 2 9 8 100 139 168
2 2 2 9 8 100 125 139
3 2 2 9 8 98 140 149
4 2 2 9 8 98 149 164
5 2 2 9 8 79 125 100
6 2 2 9 8 150 117 101
7 2 2 9 8 116 124 153
8 2 2 9 8 96 138 148
9 2 2 9 8 96 148 152
10 2 2 9 8 106 161 127
11 2 2 9 8 105 126 174
12 2 2 9 8 104 119 175
13 2 2 9 8 105 162 126
14 2 2 9 8 106 127 173
15 2 2 9 8 107 160 128
16 2 2 9 8 104 163 119
17 2 2 9 8 103 120 176
18 2 2 9 8 107 128 172
19 2 2 9 8 108 159 129
20 2 2 9 8 103 165 120
21 2 2 9 8 102 121 177
22 2 2 9 8 108 129 171
23 2 2 9 8 109 158 130
24 2 2 9 8 102 166 121
25 2 2 9 8 99 122 178
26 2 2 9 8 109 130 170
27 2 2 9 8 110 157 131
28 2 2 9 8 99 167 122
29 2 2 9 8 100 123 179
30 2 2 9 8 110 131 169
31 2 2 9 8 111 156 132
32 2 2 9 8 100 168 123
33 2 2 9 8 112 155 133
34 2 2 9 8 113 154 134
35 2 2 9 8 106 126 161
36 2 2 9 8 106 174 126
37 2 2 9 8 105 175 119
38 2 2 9 8 105 119 162
39 2 2 9 8 107 173 127
40 2 2 9 8 107 127 160
41 2 2 9 8 104 120 163
42 2 2 9 8 104 176 120
43 2 2 9 8 108 172 128
44 2 2 9 8 108 128 159
45 2 2 9 8 103 121 165
46 2 2 9 8 103 177 121
47 2 2 9 8 109 171 129
48 2 2 9 8 109 129 158
49 2 2 9 8 102 122 166
50 2 2 9 8 102 178 122
51 2 2 9 8 110 170 130
52 2 2 9 8 110 130 157
53 2 2 9 8 99 123 167
54 2 2 9 8 99 179 123
55 2 2 9 8 111 169 131
56 2 2 9 8 111 131 156
57 2 2 9 8 155 112 132
58 2 2 9 8 154 113 133
59 2 2 9 8 151 115 136
60 2 2 9 8 181 114 134
61 2 2 9 8 37 168 139
62 2 2 9 8 116 115 151
63 2 2 9 8 98 118 180
64 2 2 9 8 101 117 137
65 2 2 9 8 98 164 118
66 2 2 9 8 152 124 96
67 2 2 9 8 116 145 124
68 2 2 9 8 113 134 143
69 2 2 9 8 112 133 141
70 2 2 9 8 111 132 142
71 2 2 9 8 96 124 145
72 2 2 9 8 9 135 181
73 2 2 9 8 153 115 116
74 2 2 9 8 101 144 150
75 2 2 9 8 115 144 136
76 2 2 9 8 112 142 132
77 2 2 9 8 113 141 133
78 2 2 9 8 134 114 143
79 2 2 9 8 8 135 9
80 2 2 9 8 43 153 124
81 2 2 9 8 37 139 38
82 2 2 9 8 101 136 144
83 2 2 9 8 79 80 125
84 2 2 9 8 85 145 116
85 2 2 9 8 81 101 137
86 2 2 9 8 41 144 115
87 2 2 9 8 84 85 116
88 2 2 9 8 81 82 101
89 2 2 9 8 41 115 42
90 2 2 9 8 43 124 44
91 2 2 9 8 85 86 145
92 2 2 9 8 38 117 39
93 2 2 9 8 80 81 137
94 2 2 9 8 6 98 7
95 2 2 9 8 9 134 10
96 2 2 9 8 11 133 12
97 2 2 9 8 13 132 14
98 2 2 9 8 35 123 36
99 2 2 9 8 15 131 16
100 2 2 9 8 17 130 18
101 2 2 9 8 19 129 20
102 2 2 9 8 33 122 34
103 2 2 9 8 21 128 22
104 2 2 9 8 23 127 24
105 2 2 9 8 25 126 26
106 2 2 9 8 27 119 28
107 2 2 9 8 29 120 30
108 2 2 9 8 31 121 32
109 2 2 9 8 55 56 142
110 2 2 9 8 53 54 141
111 2 2 9 8 51 52 143
112 2 2 9 8 52 53 113
113 2 2 9 8 54 55 112
114 2 2 9 8 78 79 100
115 2 2 9 8 56 57 111
116 2 2 9 8 50 51 114
117 2 2 9 8 76 77 99
118 2 2 9 8 58 59 110
119 2 2 9 8 60 61 109
120 2 2 9 8 62 63 108
121 2 2 9 8 64 65 107
122 2 2 9 8 66 67 106
123 2 2 9 8 68 69 105
124 2 2 9 8 70 71 104
125 2 2 9 8 72 73 103
126 2 2 9 8 74 75 102
127 2 2 9 8 49 50 118
128 2 2 9 8 55 142 112
129 2 2 9 8 53 141 113
130 2 2 9 8 51 143 114
131 2 2 9 8 50 114 118
132 2 2 9 8 54 112 141
133 2 2 9 8 56 111 142
134 2 2 9 8 52 113 143
135 2 2 9 8 114 135 118
136 2 2 9 8 86 87 96
137 2 2 9 8 82 83 136
138 2 2 9 8 40 144 41
139 2 2 9 8 95 146 138
140 2 2 9 8 86 96 145
141 2 2 9 8 39 117 150
142 2 2 9 8 82 136 101
143 2 2 9 8 6 140 98
144 2 2 9 8 45 148 46
145 2 2 9 8 5 140 6
146 2 2 9 8 87 88 138
147 2 2 9 8 49 118 164
148 2 2 9 8 4 95 88
149 2 2 9 8 1 97 5
150 2 2 9 8 44 124 152
151 2 2 9 8 45 152 148
152 2 2 9 8 83 151 136
153 2 2 9 8 10 134 154
154 2 2 9 8 11 154 133
155 2 2 9 8 12 133 155
156 2 2 9 8 13 155 132
157 2 2 9 8 36 123 168
158 2 2 9 8 14 132 156
159 2 2 9 8 15 156 131
160 2 2 9 8 57 169 111
161 2 2 9 8 58 110 169
162 2 2 9 8 78 100 179
163 2 2 9 8 77 179 99
164 2 2 9 8 35 167 123
165 2 2 9 8 34 122 167
166 2 2 9 8 16 131 157
167 2 2 9 8 17 157 130
168 2 2 9 8 59 170 110
169 2 2 9 8 60 109 170
170 2 2 9 8 76 99 178
171 2 2 9 8 75 178 102
172 2 2 9 8 33 166 122
173 2 2 9 8 32 121 166
174 2 2 9 8 18 130 158
175 2 2 9 8 19 158 129
176 2 2 9 8 61 171 109
177 2 2 9 8 62 108 171
178 2 2 9 8 73 177 103
179 2 2 9 8 74 102 177
180 2 2 9 8 30 120 165
181 2 2 9 8 31 165 121
182 2 2 9 8 20 129 159
183 2 2 9 8 21 159 128
184 2 2 9 8 63 172 108
185 2 2 9 8 64 107 172
186 2 2 9 8 71 176 104
187 2 2 9 8 72 103 176
188 2 2 9 8 28 119 163
189 2 2 9 8 29 163 120
190 2 2 9 8 22 128 160
191 2 2 9 8 23 160 127
192 2 2 9 8 65 173 107
193 2 2 9 8 66 106 173
194 2 2 9 8 26 126 162
195 2 2 9 8 27 162 119
196 2 2 9 8 69 175 105
197 2 2 9 8 70 104 175
198 2 2 9 8 24 127 161
199 2 2 9 8 25 161 126
200 2 2 9 8 67 174 106
201 2 2 9 8 68 105 174
202 2 2 9 8 7 180 8
203 2 2 9 8 84 116 151
204 2 2 9 8 89 90 147
205 2 2 9 8 3 47 93
206 2 2 9 8 2 46 94
207 2 2 9 8 80 137 125
208 2 2 9 8 38 139 117
209 2 2 9 8 88 95 138
210 2 2 9 8 47 48 149
211 2 2 9 8 4 92 95
212 2 2 9 8 1 89 97
213 2 2 9 8 48 164 149
214 2 2 9 8 44 152 45
215 2 2 9 8 48 49 164
216 2 2 9 8 87 138 96
217 2 2 9 8 138 146 148
218 2 2 9 8 117 125 137
219 2 2 9 8 117 139 125
220 2 2 9 8 40 150 144
221 2 2 9 8 91 146 92
222 2 2 9 8 42 115 153
223 2 2 9 8 97 147 140
224 2 2 9 8 89 147 97
225 2 2 9 8 3 93 90
226 2 2 9 8 2 94 91
227 2 2 9 8 42 153 43
228 2 2 9 8 8 180 135
229 2 2 9 8 39 150 40
230 2 2 9 8 83 84 151
231 2 2 9 8 10 154 11
232 2 2 9 8 12 155 13
233 2 2 9 8 36 168 37
234 2 2 9 8 14 156 15
235 2 2 9 8 57 58 169
236 2 2 9 8 77 78 179
237 2 2 9 8 34 167 35
238 2 2 9 8 16 157 17
239 2 2 9 8 59 60 170
240 2 2 9 8 75 76 178
241 2 2 9 8 32 166 33
242 2 2 9 8 18 158 19
243 2 2 9 8 61 62 171
244 2 2 9 8 73 74 177
245 2 2 9 8 30 165 31
246 2 2 9 8 20 159 21
247 2 2 9 8 63 64 172
248 2 2 9 8 71 72 176
249 2 2 9 8 28 163 29
250 2 2 9 8 22 160 23
251 2 2 9 8 65 66 173
252 2 2 9 8 26 162 27
253 2 2 9 8 69 70 175
254 2 2 9 8 67 68 174
255 2 2 9 8 24 161 25
256 2 2 9 8 114 181 135
257 2 2 9 8 94 148 146
258 2 2 9 8 7 98 180
259 2 2 9 8 140 147 149
260 2 2 9 8 118 135 180
261 2 2 9 8 92 146 95
262 2 2 9 8 5 97 140
263 2 2 9 8 9 181 134
264 2 2 9 8 93 149 147
265 2 2 9 8 46 148 94
266 2 2 9 8 91 94 146
267 2 2 9 8 90 93 147
268 2 2 9 8 47 149 93
269 2 2 9 8 211 212 206
270 2 2 9 8 206 212 205
271 2 2 9 8 203 207 209
272 2 2 9 8 203 209 213
273 2 2 9 8 191 192 213
274 2 2 9 8 186 209 187
275 2 2 9 8 189 212 190
276 2 2 9 8 194 195 211
277 2 2 9 8 194 211 206
278 2 2 9 8 192 193 203
279 2 2 9 8 188 205 189
280 2 2 9 8 203 214 207
281 2 2 9 8 191 213 202
282 2 2 9 8 198 210 199
283 2 2 9 8 182 196 200
284 2 2 9 8 186 200 209
285 2 2 9 8 196 197 208
286 2 2 9 8 184 202 197
287 2 2 9 8 183 204 198
288 2 2 9 8 189 205 212
289 2 2 9 8 188 207 205
290 2 2 9 8 193 194 206
291 2 2 9 8 185 199 201
292 2 2 9 8 198 204 210
293 2 2 9 8 196 208 200
294 2 2 9 8 200 208 209
295 2 2 9 8 202 213 208
296 2 2 9 8 192 203 213
297 2 2 9 8 190 212 204
298 2 2 9 8 197 202 208
299 2 2 9 8 208 213 209
300 2 2 9 8 193 206 203
301 2 2 9 8 187 207 188
302 2 2 9 8 199 210 201
303 2 2 9 8 204 212 210
304 2 2 9 8 187 209 207
305 2 2 9 8 205 214 206
306 2 2 9 8 210 212 211
307 2 2 9 8 195 201 211
308 2 2 9 8 182 200 186
309 2 2 9 8 201 210 211
310 2 2 9 8 184 191 202
311 2 2 9 8 183 190 204
312 2 2 9 8 185 201 195
313 2 2 9 8 205 207 214
314 2 2 9 8 203 206 214
315 2 2 9 8 322 325 337
316 2 2 9 8 322 351 325
317 2 2 9 8 313 335 315
318 2 2 9 8 302 345 341
319 2 2 9 8 302 341 327
320 2 2 9 8 332 347 362
321 2 2 9 8 309 342 316
322 2 2 9 8 314 332 362
323 2 2 9 8 305 320 355
324 2 2 9 8 314 362 350
325 2 2 9 8 314 350 328
326 2 2 9 8 331 303 346
327 2 2 9 8 303 358 346
328 2 2 9 8 329 307 338
329 2 2 9 8 307 361 338
330 2 2 9 8 357 343 333
331 2 2 9 8 303 330 352
332 2 2 9 8 303 352 358
333 2 2 9 8 317 357 333
334 2 2 9 8 313 315 367
335 2 2 9 8 313 324 359
336 2 2 9 8 265 355 320
337 2 2 9 8 312 354 329
338 2 2 9 8 225 342 309
339 2 2 9 8 312 329 338
340 2 2 9 8 309 316 353
341 2 2 9 8 300 323 340
342 2 2 9 8 305 368 320
343 2 2 9 8 301 357 317
344 2 2 9 8 289 335 313
345 2 2 9 8 306 331 346
346 2 2 9 8 313 367 324
347 2 2 9 8 306 356 331
348 2 2 9 8 301 317 348
349 2 2 9 8 304 352 330
350 2 2 9 8 300 344 323
351 2 2 9 8 306 326 356
352 2 2 9 8 311 363 318
353 2 2 9 8 302 347 332
354 2 2 9 8 304 328 350
355 2 2 9 8 304 364 328
356 2 2 9 8 304 330 364
357 2 2 9 8 299 323 339
358 2 2 9 8 307 366 318
359 2 2 9 8 311 318 366
360 2 2 9 8 307 318 361
361 2 2 9 8 308 369 320
362 2 2 9 8 308 320 368
363 2 2 9 8 301 327 341
364 2 2 9 8 302 332 345
365 2 2 9 8 309 319 365
366 2 2 9 8 311 360 321
367 2 2 9 8 308 365 319
368 2 2 9 8 301 348 327
369 2 2 9 8 308 319 369
370 2 2 9 8 300 322 344
371 2 2 9 8 309 353 319
372 2 2 9 8 288 313 359
373 2 2 9 8 311 321 363
374 2 2 9 8 299 340 323
375 2 2 9 8 306 370 326
376 2 2 9 8 299 339 316
377 2 2 9 8 310 321 360
378 2 2 9 8 220 325 351
379 2 2 9 8 300 351 322
380 2 2 9 8 312 324 354
381 2 2 9 8 297 315 334
382 2 2 9 8 310 371 321
383 2 2 9 8 312 359 324
384 2 2 9 8 305 333 343
385 2 2 9 8 299 316 342
386 2 2 9 8 222 300 340
387 2 2 9 8 244 326 310
388 2 2 9 8 260 261 316
389 2 2 9 8 221 300 222
390 2 2 9 8 258 259 323
391 2 2 9 8 232 301 233
392 2 2 9 8 229 305 230
393 2 2 9 8 256 257 322
394 2 2 9 8 270 271 302
395 2 2 9 8 267 268 317
396 2 2 9 8 286 287 312
397 2 2 9 8 251 324 252
398 2 2 9 8 223 299 224
399 2 2 9 8 278 279 306
400 2 2 9 8 240 303 241
401 2 2 9 8 281 282 321
402 2 2 9 8 248 307 249
403 2 2 9 8 243 326 244
404 2 2 9 8 274 275 304
405 2 2 9 8 283 284 318
406 2 2 9 8 225 309 226
407 2 2 9 8 262 263 319
408 2 2 9 8 288 289 313
409 2 2 9 8 236 314 237
410 2 2 9 8 244 310 245
411 2 2 9 8 264 265 320
412 2 2 9 8 246 311 247
413 2 2 9 8 227 308 228
414 2 2 9 8 270 302 327
415 2 2 9 8 239 330 240
416 2 2 9 8 305 355 333
417 2 2 9 8 235 332 236
418 2 2 9 8 236 332 314
419 2 2 9 8 237 328 238
420 2 2 9 8 240 330 303
421 2 2 9 8 267 317 333
422 2 2 9 8 237 314 328
423 2 2 9 8 241 331 242
424 2 2 9 8 269 270 327
425 2 2 9 8 266 267 333
426 2 2 9 8 241 303 331
427 2 2 9 8 298 337 336
428 2 2 9 8 216 254 297
429 2 2 9 8 261 353 316
430 2 2 9 8 315 335 334
431 2 2 9 8 249 329 250
432 2 2 9 8 232 357 301
433 2 2 9 8 217 255 298
434 2 2 9 8 218 296 290
435 2 2 9 8 250 329 354
436 2 2 9 8 215 295 219
437 2 2 9 8 219 325 220
438 2 2 9 8 229 368 305
439 2 2 9 8 283 318 363
440 2 2 9 8 275 352 304
441 2 2 9 8 256 322 337
442 2 2 9 8 252 324 367
443 2 2 9 8 249 307 329
444 2 2 9 8 243 356 326
445 2 2 9 8 278 306 346
446 2 2 9 8 268 348 317
447 2 2 9 8 274 304 350
448 2 2 9 8 258 323 344
449 2 2 9 8 260 316 339
450 2 2 9 8 247 311 366
451 2 2 9 8 325 336 337
452 2 2 9 8 239 364 330
453 2 2 9 8 238 328 364
454 2 2 9 8 279 280 370
455 2 2 9 8 286 312 338
456 2 2 9 8 257 344 322
457 2 2 9 8 264 320 369
458 2 2 9 8 284 361 318
459 2 2 9 8 248 366 307
460 2 2 9 8 228 308 368
461 2 2 9 8 227 365 308
462 2 2 9 8 271 347 302
463 2 2 9 8 263 369 319
464 2 2 9 8 226 309 365
465 2 2 9 8 242 331 356
466 2 2 9 8 233 301 341
467 2 2 9 8 246 360 311
468 2 2 9 8 245 310 360
469 2 2 9 8 280 281 371
470 2 2 9 8 269 327 348
471 2 2 9 8 221 351 300
472 2 2 9 8 262 319 353
473 2 2 9 8 251 354 324
474 2 2 9 8 282 363 321
475 2 2 9 8 259 339 323
476 2 2 9 8 253 315 254
477 2 2 9 8 235 345 332
478 2 2 9 8 289 290 335
479 2 2 9 8 253 367 315
480 2 2 9 8 234 341 345
481 2 2 9 8 254 315 297
482 2 2 9 8 280 371 349
483 2 2 9 8 223 340 299
484 2 2 9 8 224 342 225
485 2 2 9 8 280 349 370
486 2 2 9 8 291 336 292
487 2 2 9 8 231 343 357
488 2 2 9 8 255 256 337
489 2 2 9 8 265 266 355
490 2 2 9 8 220 351 221
491 2 2 9 8 222 340 223
492 2 2 9 8 287 288 359
493 2 2 9 8 230 305 343
494 2 2 9 8 296 334 335
495 2 2 9 8 259 260 339
496 2 2 9 8 285 286 338
497 2 2 9 8 257 258 344
498 2 2 9 8 285 338 361
499 2 2 9 8 310 326 349
500 2 2 9 8 230 343 231
501 2 2 9 8 252 367 253
502 2 2 9 8 233 341 234
503 2 2 9 8 287 359 312
504 2 2 9 8 250 354 251
505 2 2 9 8 268 269 348
506 2 2 9 8 234 345 235
507 2 2 9 8 271 272 347
508 2 2 9 8 277 278 346
509 2 2 9 8 284 285 361
510 2 2 9 8 261 262 353
511 2 2 9 8 231 357 232
512 2 2 9 8 247 366 248
513 2 2 9 8 282 283 363
514 2 2 9 8 226 365 227
515 2 2 9 8 245 360 246
516 2 2 9 8 273 350 362
517 2 2 9 8 273 274 350
518 2 2 9 8 242 356 243
519 2 2 9 8 275 276 352
520 2 2 9 8 263 264 369
521 2 2 9 8 276 277 358
522 2 2 9 8 228 368 229
523 2 2 9 8 238 364 239
524 2 2 9 8 272 273 362
525 2 2 9 8 217 298 291
526 2 2 9 8 272 362 347
527 2 2 9 8 277 346 358
528 2 2 9 8 215 292 295
529 2 2 9 8 293 334 294
530 2 2 9 8 276 358 352
531 2 2 9 8 224 299 342
532 2 2 9 8 295 336 325
533 2 2 9 8 291 298 336
534 2 2 9 8 279 370 306
535 2 2 9 8 266 333 355
536 2 2 9 8 281 321 371
537 2 2 9 8 216 297 293
538 2 2 9 8 218 294 296
539 2 2 9 8 255 337 298
540 2 2 9 8 292 336 295
541 2 2 9 8 219 295 325
542 2 2 9 8 293 297 334
543 2 2 9 8 310 349 371
544 2 2 9 8 294 334 296
545 2 2 9 8 290 296 335
546 2 2 9 8 326 370 349
547 2 2 9 8 380 381 391
548 2 2 9 8 379 380 395
549 2 2 9 8 381 390 391
550 2 2 9 8 389 393 391
551 2 2 9 8 380 391 395
552 2 2 9 8 387 384 385
553 2 2 9 8 394 384 387
554 2 2 9 8 376 393 377
555 2 2 9 8 377 393 389
556 2 2 9 8 379 395 386
557 2 2 9 8 391 393 395
558 2 2 9 8 378 389 387
559 2 2 9 8 373 378 387
560 2 2 9 8 377 389 378
561 2 2 9 8 383 386 392
562 2 2 9 8 375 384 390
563 2 2 9 8 390 394 391
564 2 2 9 8 374 386 383
565 2 2 9 8 372 382 388
566 2 2 9 8 386 395 392
567 2 2 9 8 384 394 390
568 2 2 9 8 376 388 393
569 2 2 9 8 382 383 392
570 2 2 9 8 387 389 394
571 2 2 9 8 389 391 394
572 2 2 9 8 373 387 385
573 2 2 9 8 374 379 386
574 2 2 9 8 382 392 388
575 2 2 9 8 375 390 381
576 2 2 9 8 372 388 376
577 2 2 9 8 388 392 393
578 2 2 9 8 392 395 393
579 2 2 9 8 491 511 522
580 2 2 9 8 491 522 551
581 2 2 9 8 483 545 510
582 2 2 9 8 483 548 545
583 2 2 9 8 491 551 524
584 2 2 9 8 491 524 508
585 2 2 9 8 513 480 519
586 2 2 9 8 493 546 521
587 2 2 9 8 493 521 509
588 2 2 9 8 494 512 520
589 2 2 9 8 494 520 544
590 2 2 9 8 507 523 542
591 2 2 9 8 480 507 542
592 2 2 9 8 480 542 519
593 2 2 9 8 476 516 514
594 2 2 9 8 488 547 509
595 2 2 9 8 488 509 521
596 2 2 9 8 487 520 512
597 2 2 9 8 514 516 517
598 2 2 9 8 487 512 550
599 2 2 9 8 490 522 511
600 2 2 9 8 490 511 543
601 2 2 9 8 484 506 528
602 2 2 9 8 484 535 506
603 2 2 9 8 492 504 549
604 2 2 9 8 482 534 495
605 2 2 9 8 492 536 504
606 2 2 9 8 493 538 497
607 2 2 9 8 482 495 529
608 2 2 9 8 493 497 546
609 2 2 9 8 483 500 548
610 2 2 9 8 484 528 508
611 2 2 9 8 488 503 547
612 2 2 9 8 483 533 500
613 2 2 9 8 489 505 527
614 2 2 9 8 488 537 503
615 2 2 9 8 486 539 496
616 2 2 9 8 489 532 505
617 2 2 9 8 486 496 530
618 2 2 9 8 484 508 524
619 2 2 9 8 485 507 531
620 2 2 9 8 501 502 540
621 2 2 9 8 501 541 502
622 2 2 9 8 498 526 499
623 2 2 9 8 485 523 507
624 2 2 9 8 492 506 535
625 2 2 9 8 492 549 506
626 2 2 9 8 490 543 495
627 2 2 9 8 498 499 525
628 2 2 9 8 490 495 534
629 2 2 9 8 497 504 536
630 2 2 9 8 497 538 504
631 2 2 9 8 482 529 510
632 2 2 9 8 482 510 545
633 2 2 9 8 489 500 533
634 2 2 9 8 489 527 500
635 2 2 9 8 496 503 537
636 2 2 9 8 496 539 503
637 2 2 9 8 494 505 532
638 2 2 9 8 494 544 505
639 2 2 9 8 486 530 501
640 2 2 9 8 486 501 540
641 2 2 9 8 487 550 499
642 2 2 9 8 485 502 541
643 2 2 9 8 481 498 525
644 2 2 9 8 487 499 526
645 2 2 9 8 485 531 502
646 2 2 9 8 481 518 498
647 2 2 9 8 402 498 518
648 2 2 9 8 514 517 518
649 2 2 9 8 478 513 515
650 2 2 9 8 402 403 498
651 2 2 9 8 439 499 440
652 2 2 9 8 437 481 438
653 2 2 9 8 452 491 453
654 2 2 9 8 404 405 487
655 2 2 9 8 420 421 492
656 2 2 9 8 446 483 447
657 2 2 9 8 447 483 510
658 2 2 9 8 425 426 488
659 2 2 9 8 459 493 460
660 2 2 9 8 447 510 448
661 2 2 9 8 442 494 443
662 2 2 9 8 414 415 490
663 2 2 9 8 457 504 458
664 2 2 9 8 469 480 470
665 2 2 9 8 427 428 496
666 2 2 9 8 455 506 456
667 2 2 9 8 429 430 501
668 2 2 9 8 449 495 450
669 2 2 9 8 409 410 500
670 2 2 9 8 407 408 505
671 2 2 9 8 466 502 467
672 2 2 9 8 422 423 497
673 2 2 9 8 462 503 463
674 2 2 9 8 431 432 485
675 2 2 9 8 464 486 465
676 2 2 9 8 412 413 482
677 2 2 9 8 418 419 484
678 2 2 9 8 444 489 445
679 2 2 9 8 469 507 480
680 2 2 9 8 453 508 454
681 2 2 9 8 468 507 469
682 2 2 9 8 453 491 508
683 2 2 9 8 452 511 491
684 2 2 9 8 451 511 452
685 2 2 9 8 401 402 518
686 2 2 9 8 460 509 461
687 2 2 9 8 442 512 494
688 2 2 9 8 513 519 515
689 2 2 9 8 460 493 509
690 2 2 9 8 441 512 442
691 2 2 9 8 470 513 471
692 2 2 9 8 436 514 437
693 2 2 9 8 461 509 547
694 2 2 9 8 399 471 478
695 2 2 9 8 396 400 479
696 2 2 9 8 438 481 525
697 2 2 9 8 405 520 487
698 2 2 9 8 432 523 485
699 2 2 9 8 439 525 499
700 2 2 9 8 454 508 528
701 2 2 9 8 425 488 521
702 2 2 9 8 404 487 526
703 2 2 9 8 467 502 531
704 2 2 9 8 403 526 498
705 2 2 9 8 440 499 550
706 2 2 9 8 430 541 501
707 2 2 9 8 431 485 541
708 2 2 9 8 415 522 490
709 2 2 9 8 466 540 502
710 2 2 9 8 465 486 540
711 2 2 9 8 398 476 436
712 2 2 9 8 429 501 530
713 2 2 9 8 428 530 496
714 2 2 9 8 407 505 544
715 2 2 9 8 443 494 532
716 2 2 9 8 444 532 489
717 2 2 9 8 463 503 539
718 2 2 9 8 464 539 486
719 2 2 9 8 426 537 488
720 2 2 9 8 427 496 537
721 2 2 9 8 409 500 527
722 2 2 9 8 408 527 505
723 2 2 9 8 397 477 435
724 2 2 9 8 446 533 483
725 2 2 9 8 445 489 533
726 2 2 9 8 462 547 503
727 2 2 9 8 418 484 524
728 2 2 9 8 410 548 500
729 2 2 9 8 423 546 497
730 2 2 9 8 412 482 545
731 2 2 9 8 449 529 495
732 2 2 9 8 448 510 529
733 2 2 9 8 459 538 493
734 2 2 9 8 458 504 538
735 2 2 9 8 421 536 492
736 2 2 9 8 422 497 536
737 2 2 9 8 414 490 534
738 2 2 9 8 413 534 482
739 2 2 9 8 450 495 543
740 2 2 9 8 457 549 504
741 2 2 9 8 456 506 549
742 2 2 9 8 420 492 535
743 2 2 9 8 419 535 484
744 2 2 9 8 455 528 506
745 2 2 9 8 468 531 507
746 2 2 9 8 436 476 514
747 2 2 9 8 451 543 511
748 2 2 9 8 481 514 518
749 2 2 9 8 441 550 512
750 2 2 9 8 399 478 475
751 2 2 9 8 396 479 472
752 2 2 9 8 474 475 515
753 2 2 9 8 397 474 477
754 2 2 9 8 398 473 476
755 2 2 9 8 471 513 478
756 2 2 9 8 401 518 517
757 2 2 9 8 470 480 513
758 2 2 9 8 472 516 473
759 2 2 9 8 434 435 519
760 2 2 9 8 400 401 517
761 2 2 9 8 477 515 519
762 2 2 9 8 434 519 542
763 2 2 9 8 473 516 476
764 2 2 9 8 433 434 542
765 2 2 9 8 479 517 516
766 2 2 9 8 433 542 523
767 2 2 9 8 405 406 520
768 2 2 9 8 432 433 523
769 2 2 9 8 438 525 439
770 2 2 9 8 406 544 520
771 2 2 9 8 437 514 481
772 2 2 9 8 424 425 521
773 2 2 9 8 403 404 526
774 2 2 9 8 467 531 468
775 2 2 9 8 430 431 541
776 2 2 9 8 440 550 441
777 2 2 9 8 424 521 546
778 2 2 9 8 415 416 522
779 2 2 9 8 465 540 466
780 2 2 9 8 428 429 530
781 2 2 9 8 406 407 544
782 2 2 9 8 443 532 444
783 2 2 9 8 463 539 464
784 2 2 9 8 416 551 522
785 2 2 9 8 426 427 537
786 2 2 9 8 408 409 527
787 2 2 9 8 445 533 446
788 2 2 9 8 461 547 462
789 2 2 9 8 417 418 524
790 2 2 9 8 410 411 548
791 2 2 9 8 411 545 548
792 2 2 9 8 423 424 546
793 2 2 9 8 411 412 545
794 2 2 9 8 417 524 551
795 2 2 9 8 448 529 449
796 2 2 9 8 458 538 459
797 2 2 9 8 421 422 536
798 2 2 9 8 413 414 534
799 2 2 9 8 450 543 451
800 2 2 9 8 456 549 457
801 2 2 9 8 419 420 535
802 2 2 9 8 416 417 551
803 2 2 9 8 454 528 455
804 2 2 9 8 475 478 515
805 2 2 9 8 474 515 477
806 2 2 9 8 472 479 516
807 2 2 9 8 435 477 519
808 2 2 9 8 400 517 479
809 2 2 9 8 665 668 701
810 2 2 9 8 630 701 668
811 2 2 9 8 670 700 720
812 2 2 9 8 670 688 700
813 2 2 9 8 665 669 668
814 2 2 9 8 647 692 699
815 2 2 9 8 647 699 722
816 2 2 9 8 588 669 665
817 2 2 9 8 650 688 706
818 2 2 9 8 650 700 688
819 2 2 9 8 667 680 705
820 2 2 9 8 649 687 698
821 2 2 9 8 649 698 704
822 2 2 9 8 661 710 682
823 2 2 9 8 660 681 725
824 2 2 9 8 659 671 726
825 2 2 9 8 660 711 681
826 2 2 9 8 661 682 724
827 2 2 9 8 662 709 683
828 2 2 9 8 659 712 671
829 2 2 9 8 658 672 727
830 2 2 9 8 662 683 723
831 2 2 9 8 663 708 684
832 2 2 9 8 658 713 672
833 2 2 9 8 657 673 728
834 2 2 9 8 663 684 721
835 2 2 9 8 664 707 670
836 2 2 9 8 657 714 673
837 2 2 9 8 656 674 729
838 2 2 9 8 664 670 720
839 2 2 9 8 656 715 674
840 2 2 9 8 650 706 668
841 2 2 9 8 655 675 730
842 2 2 9 8 655 716 675
843 2 2 9 8 717 676 654
844 2 2 9 8 718 677 653
845 2 2 9 8 719 678 652
846 2 2 9 8 661 725 681
847 2 2 9 8 661 681 710
848 2 2 9 8 660 726 671
849 2 2 9 8 660 671 711
850 2 2 9 8 662 724 682
851 2 2 9 8 662 682 709
852 2 2 9 8 659 672 712
853 2 2 9 8 659 727 672
854 2 2 9 8 663 723 683
855 2 2 9 8 663 683 708
856 2 2 9 8 658 673 713
857 2 2 9 8 658 728 673
858 2 2 9 8 664 721 684
859 2 2 9 8 664 684 707
860 2 2 9 8 657 674 714
861 2 2 9 8 657 729 674
862 2 2 9 8 656 675 715
863 2 2 9 8 656 730 675
864 2 2 9 8 655 676 716
865 2 2 9 8 654 677 717
866 2 2 9 8 703 666 685
867 2 2 9 8 653 678 718
868 2 2 9 8 652 679 719
869 2 2 9 8 667 666 703
870 2 2 9 8 722 679 647
871 2 2 9 8 704 680 649
872 2 2 9 8 667 695 680
873 2 2 9 8 650 668 669
874 2 2 9 8 654 676 689
875 2 2 9 8 653 677 690
876 2 2 9 8 652 678 691
877 2 2 9 8 647 679 693
878 2 2 9 8 649 680 695
879 2 2 9 8 705 666 667
880 2 2 9 8 666 694 685
881 2 2 9 8 652 693 679
882 2 2 9 8 653 691 678
883 2 2 9 8 654 690 677
884 2 2 9 8 655 689 676
885 2 2 9 8 594 705 680
886 2 2 9 8 651 694 731
887 2 2 9 8 588 665 589
888 2 2 9 8 651 685 694
889 2 2 9 8 636 695 667
890 2 2 9 8 632 651 686
891 2 2 9 8 592 694 666
892 2 2 9 8 635 636 667
893 2 2 9 8 632 633 651
894 2 2 9 8 592 666 593
895 2 2 9 8 594 680 595
896 2 2 9 8 631 632 686
897 2 2 9 8 636 637 695
898 2 2 9 8 629 630 668
899 2 2 9 8 624 625 684
900 2 2 9 8 622 623 683
901 2 2 9 8 620 621 682
902 2 2 9 8 618 619 681
903 2 2 9 8 602 603 678
904 2 2 9 8 616 617 671
905 2 2 9 8 614 615 672
906 2 2 9 8 612 613 673
907 2 2 9 8 600 601 679
908 2 2 9 8 610 611 674
909 2 2 9 8 604 605 677
910 2 2 9 8 608 609 675
911 2 2 9 8 606 607 676
912 2 2 9 8 626 627 670
913 2 2 9 8 564 689 565
914 2 2 9 8 562 690 563
915 2 2 9 8 560 691 561
916 2 2 9 8 558 693 559
917 2 2 9 8 583 664 584
918 2 2 9 8 581 663 582
919 2 2 9 8 579 662 580
920 2 2 9 8 587 669 588
921 2 2 9 8 577 661 578
922 2 2 9 8 575 660 576
923 2 2 9 8 573 659 574
924 2 2 9 8 571 658 572
925 2 2 9 8 569 657 570
926 2 2 9 8 567 656 568
927 2 2 9 8 586 650 587
928 2 2 9 8 565 655 566
929 2 2 9 8 563 654 564
930 2 2 9 8 561 653 562
931 2 2 9 8 559 652 560
932 2 2 9 8 557 647 558
933 2 2 9 8 564 654 689
934 2 2 9 8 562 653 690
935 2 2 9 8 560 652 691
936 2 2 9 8 558 647 693
937 2 2 9 8 587 650 669
938 2 2 9 8 565 689 655
939 2 2 9 8 563 690 654
940 2 2 9 8 561 691 653
941 2 2 9 8 559 693 652
942 2 2 9 8 637 638 649
943 2 2 9 8 633 634 685
944 2 2 9 8 591 694 592
945 2 2 9 8 648 697 687
946 2 2 9 8 637 649 695
947 2 2 9 8 633 685 651
948 2 2 9 8 557 692 647
949 2 2 9 8 627 628 688
950 2 2 9 8 627 688 670
951 2 2 9 8 596 698 597
952 2 2 9 8 556 692 557
953 2 2 9 8 638 639 687
954 2 2 9 8 628 706 688
955 2 2 9 8 600 679 722
956 2 2 9 8 589 732 590
957 2 2 9 8 555 648 639
958 2 2 9 8 552 646 556
959 2 2 9 8 595 680 704
960 2 2 9 8 596 704 698
961 2 2 9 8 602 678 719
962 2 2 9 8 601 719 679
963 2 2 9 8 634 703 685
964 2 2 9 8 586 700 650
965 2 2 9 8 603 718 678
966 2 2 9 8 604 677 718
967 2 2 9 8 605 717 677
968 2 2 9 8 606 676 717
969 2 2 9 8 608 675 716
970 2 2 9 8 607 716 676
971 2 2 9 8 629 668 706
972 2 2 9 8 567 730 656
973 2 2 9 8 566 655 730
974 2 2 9 8 610 674 715
975 2 2 9 8 609 715 675
976 2 2 9 8 584 664 720
977 2 2 9 8 569 729 657
978 2 2 9 8 568 656 729
979 2 2 9 8 612 673 714
980 2 2 9 8 611 714 674
981 2 2 9 8 625 707 684
982 2 2 9 8 626 670 707
983 2 2 9 8 583 721 664
984 2 2 9 8 582 663 721
985 2 2 9 8 571 728 658
986 2 2 9 8 570 657 728
987 2 2 9 8 614 672 713
988 2 2 9 8 613 713 673
989 2 2 9 8 624 684 708
990 2 2 9 8 623 708 683
991 2 2 9 8 581 723 663
992 2 2 9 8 580 662 723
993 2 2 9 8 573 727 659
994 2 2 9 8 572 658 727
995 2 2 9 8 616 671 712
996 2 2 9 8 615 712 672
997 2 2 9 8 622 683 709
998 2 2 9 8 621 709 682
999 2 2 9 8 579 724 662
1000 2 2 9 8 578 661 724
1001 2 2 9 8 618 681 711
1002 2 2 9 8 617 711 671
1003 2 2 9 8 575 726 660
1004 2 2 9 8 574 659 726
1005 2 2 9 8 620 682 710
1006 2 2 9 8 619 710 681
1007 2 2 9 8 577 725 661
1008 2 2 9 8 576 660 725
1009 2 2 9 8 635 667 703
1010 2 2 9 8 640 641 696
1011 2 2 9 8 554 598 644
1012 2 2 9 8 553 597 645
1013 2 2 9 8 639 648 687
1014 2 2 9 8 598 599 699
1015 2 2 9 8 552 640 646
1016 2 2 9 8 555 643 648
1017 2 2 9 8 590 731 591
1018 2 2 9 8 599 722 699
1019 2 2 9 8 595 704 596
1020 2 2 9 8 599 600 722
1021 2 2 9 8 638 687 649
1022 2 2 9 8 687 697 698
1023 2 2 9 8 630 631 701
1024 2 2 9 8 590 732 702
1025 2 2 9 8 642 697 643
1026 2 2 9 8 593 666 705
1027 2 2 9 8 646 696 692
1028 2 2 9 8 640 696 646
1029 2 2 9 8 554 644 641
1030 2 2 9 8 553 645 642
1031 2 2 9 8 686 732 701
1032 2 2 9 8 665 701 732
1033 2 2 9 8 651 702 686
1034 2 2 9 8 593 705 594
1035 2 2 9 8 601 602 719
1036 2 2 9 8 585 700 586
1037 2 2 9 8 634 635 703
1038 2 2 9 8 603 604 718
1039 2 2 9 8 585 720 700
1040 2 2 9 8 605 606 717
1041 2 2 9 8 607 608 716
1042 2 2 9 8 628 629 706
1043 2 2 9 8 566 730 567
1044 2 2 9 8 609 610 715
1045 2 2 9 8 584 720 585
1046 2 2 9 8 568 729 569
1047 2 2 9 8 611 612 714
1048 2 2 9 8 625 626 707
1049 2 2 9 8 582 721 583
1050 2 2 9 8 570 728 571
1051 2 2 9 8 613 614 713
1052 2 2 9 8 623 624 708
1053 2 2 9 8 580 723 581
1054 2 2 9 8 572 727 573
1055 2 2 9 8 615 616 712
1056 2 2 9 8 621 622 709
1057 2 2 9 8 578 724 579
1058 2 2 9 8 617 618 711
1059 2 2 9 8 574 726 575
1060 2 2 9 8 619 620 710
1061 2 2 9 8 576 725 577
1062 2 2 9 8 590 702 731
1063 2 2 9 8 645 698 697
1064 2 2 9 8 692 696 699
1065 2 2 9 8 643 697 648
1066 2 2 9 8 556 646 692
1067 2 2 9 8 591 731 694
1068 2 2 9 8 631 686 701
1069 2 2 9 8 644 699 696
1070 2 2 9 8 642 645 697
1071 2 2 9 8 597 698 645
1072 2 2 9 8 641 644 696
1073 2 2 9 8 589 665 732
1074 2 2 9 8 651 731 702
1075 2 2 9 8 598 699 644
1076 2 2 9 8 686 702 732
1077 2 2 9 8 763 758 762
1078 2 2 9 8 756 758 763
1079 2 2 9 8 754 757 760
1080 2 2 9 8 754 760 764
1081 2 2 9 8 742 760 743
1082 2 2 9 8 737 738 764
1083 2 2 9 8 745 763 746
1084 2 2 9 8 740 741 762
1085 2 2 9 8 740 762 758
1086 2 2 9 8 738 739 754
1087 2 2 9 8 744 756 745
1088 2 2 9 8 749 761 750
1089 2 2 9 8 742 752 760
1090 2 2 9 8 745 756 763
1091 2 2 9 8 754 765 757
1092 2 2 9 8 735 747 752
1093 2 2 9 8 734 750 751
1094 2 2 9 8 747 748 759
1095 2 2 9 8 737 764 753
1096 2 2 9 8 733 753 748
1097 2 2 9 8 736 755 749
1098 2 2 9 8 749 755 761
1099 2 2 9 8 744 757 756
1100 2 2 9 8 739 740 758
1101 2 2 9 8 747 759 752
1102 2 2 9 8 752 759 760
1103 2 2 9 8 753 764 759
1104 2 2 9 8 748 753 759
1105 2 2 9 8 750 761 751
1106 2 2 9 8 738 754 764
1107 2 2 9 8 759 764 760
1108 2 2 9 8 746 763 755
1109 2 2 9 8 739 758 754
1110 2 2 9 8 743 757 744
1111 2 2 9 8 743 760 757
1112 2 2 9 8 741 751 762
1113 2 2 9 8 755 763 761
1114 2 2 9 8 756 765 758
1115 2 2 9 8 761 763 762
1116 2 2 9 8 751 761 762
1117 2 2 9 8 735 752 742
1118 2 2 9 8 734 751 741
1119 2 2 9 8 736 746 755
1120 2 2 9 8 733 737 753
1121 2 2 9 8 756 757 765
1122 2 2 9 8 754 758 765
1123 2 2 9 8 867 874 888
1124 2 2 9 8 867 904 874
1125 2 2 9 8 865 866 887
1126 2 2 9 8 853 895 898
1127 2 2 9 8 853 877 895
1128 2 2 9 8 917 892 863
1129 2 2 9 8 892 878 863
1130 2 2 9 8 882 916 900
1131 2 2 9 8 864 916 882
1132 2 2 9 8 860 883 894
1133 2 2 9 8 860 894 920
1134 2 2 9 8 864 902 916
1135 2 2 9 8 864 879 902
1136 2 2 9 8 881 899 855
1137 2 2 9 8 855 899 912
1138 2 2 9 8 911 884 896
1139 2 2 9 8 855 906 880
1140 2 2 9 8 855 912 906
1141 2 2 9 8 868 884 911
1142 2 2 9 8 865 903 866
1143 2 2 9 8 854 909 866
1144 2 2 9 8 859 915 878
1145 2 2 9 8 859 878 892
1146 2 2 9 8 851 870 891
1147 2 2 9 8 850 890 876
1148 2 2 9 8 852 868 911
1149 2 2 9 8 854 866 903
1150 2 2 9 8 804 887 866
1151 2 2 9 8 862 869 913
1152 2 2 9 8 858 899 881
1153 2 2 9 8 852 901 868
1154 2 2 9 8 858 881 910
1155 2 2 9 8 851 897 870
1156 2 2 9 8 856 880 906
1157 2 2 9 8 861 894 883
1158 2 2 9 8 858 910 869
1159 2 2 9 8 856 902 879
1160 2 2 9 8 853 882 900
1161 2 2 9 8 860 920 875
1162 2 2 9 8 856 879 918
1163 2 2 9 8 862 919 869
1164 2 2 9 8 858 869 919
1165 2 2 9 8 856 918 880
1166 2 2 9 8 861 883 907
1167 2 2 9 8 851 867 897
1168 2 2 9 8 871 905 873
1169 2 2 9 8 871 873 908
1170 2 2 9 8 852 895 877
1171 2 2 9 8 853 898 882
1172 2 2 9 8 859 905 871
1173 2 2 9 8 852 877 901
1174 2 2 9 8 850 876 889
1175 2 2 9 8 859 871 915
1176 2 2 9 8 862 872 914
1177 2 2 9 8 850 870 890
1178 2 2 9 8 863 914 872
1179 2 2 9 8 803 866 909
1180 2 2 9 8 851 904 867
1181 2 2 9 8 863 872 917
1182 2 2 9 8 807 874 904
1183 2 2 9 8 862 913 872
1184 2 2 9 8 850 891 870
1185 2 2 9 8 860 875 921
1186 2 2 9 8 854 908 873
1187 2 2 9 8 847 865 885
1188 2 2 9 8 780 857 875
1189 2 2 9 8 816 922 817
1190 2 2 9 8 854 873 909
1191 2 2 9 8 816 893 922
1192 2 2 9 8 809 851 891
1193 2 2 9 8 808 851 809
1194 2 2 9 8 773 774 870
1195 2 2 9 8 783 784 852
1196 2 2 9 8 803 804 866
1197 2 2 9 8 780 781 857
1198 2 2 9 8 821 877 853
1199 2 2 9 8 771 772 867
1200 2 2 9 8 821 853 822
1201 2 2 9 8 818 868 819
1202 2 2 9 8 810 850 811
1203 2 2 9 8 801 802 873
1204 2 2 9 8 838 854 839
1205 2 2 9 8 829 858 830
1206 2 2 9 8 791 792 855
1207 2 2 9 8 796 797 872
1208 2 2 9 8 799 800 859
1209 2 2 9 8 825 856 826
1210 2 2 9 8 776 777 861
1211 2 2 9 8 794 795 869
1212 2 2 9 8 787 788 864
1213 2 2 9 8 831 862 832
1214 2 2 9 8 833 863 834
1215 2 2 9 8 814 860 815
1216 2 2 9 8 836 871 837
1217 2 2 9 8 790 791 880
1218 2 2 9 8 786 787 882
1219 2 2 9 8 788 789 879
1220 2 2 9 8 787 864 882
1221 2 2 9 8 776 861 876
1222 2 2 9 8 791 855 880
1223 2 2 9 8 788 879 864
1224 2 2 9 8 818 884 868
1225 2 2 9 8 792 793 881
1226 2 2 9 8 820 877 821
1227 2 2 9 8 814 883 860
1228 2 2 9 8 817 884 818
1229 2 2 9 8 779 780 875
1230 2 2 9 8 775 776 876
1231 2 2 9 8 792 881 855
1232 2 2 9 8 834 878 835
1233 2 2 9 8 813 883 814
1234 2 2 9 8 769 841 847
1235 2 2 9 8 849 888 886
1236 2 2 9 8 766 770 849
1237 2 2 9 8 783 852 911
1238 2 2 9 8 767 846 805
1239 2 2 9 8 795 913 869
1240 2 2 9 8 896 922 857
1241 2 2 9 8 812 889 923
1242 2 2 9 8 865 887 885
1243 2 2 9 8 768 848 806
1244 2 2 9 8 806 874 807
1245 2 2 9 8 834 863 878
1246 2 2 9 8 835 878 915
1247 2 2 9 8 826 856 906
1248 2 2 9 8 771 867 888
1249 2 2 9 8 775 876 890
1250 2 2 9 8 839 854 903
1251 2 2 9 8 794 869 910
1252 2 2 9 8 773 870 897
1253 2 2 9 8 829 899 858
1254 2 2 9 8 819 868 901
1255 2 2 9 8 825 902 856
1256 2 2 9 8 884 922 896
1257 2 2 9 8 831 919 862
1258 2 2 9 8 800 905 859
1259 2 2 9 8 789 918 879
1260 2 2 9 8 790 880 918
1261 2 2 9 8 799 859 892
1262 2 2 9 8 830 858 919
1263 2 2 9 8 772 897 867
1264 2 2 9 8 874 886 888
1265 2 2 9 8 836 915 871
1266 2 2 9 8 837 871 908
1267 2 2 9 8 777 894 861
1268 2 2 9 8 801 873 905
1269 2 2 9 8 822 853 900
1270 2 2 9 8 793 910 881
1271 2 2 9 8 784 895 852
1272 2 2 9 8 833 914 863
1273 2 2 9 8 832 862 914
1274 2 2 9 8 779 875 920
1275 2 2 9 8 820 901 877
1276 2 2 9 8 808 904 851
1277 2 2 9 8 838 908 854
1278 2 2 9 8 907 812 923
1279 2 2 9 8 797 917 872
1280 2 2 9 8 804 805 887
1281 2 2 9 8 813 907 883
1282 2 2 9 8 774 890 870
1283 2 2 9 8 786 882 898
1284 2 2 9 8 815 921 816
1285 2 2 9 8 840 865 841
1286 2 2 9 8 796 872 913
1287 2 2 9 8 785 898 895
1288 2 2 9 8 811 889 812
1289 2 2 9 8 840 903 865
1290 2 2 9 8 810 891 850
1291 2 2 9 8 857 893 875
1292 2 2 9 8 841 865 847
1293 2 2 9 8 842 886 843
1294 2 2 9 8 798 892 917
1295 2 2 9 8 782 911 896
1296 2 2 9 8 770 771 888
1297 2 2 9 8 807 904 808
1298 2 2 9 8 809 891 810
1299 2 2 9 8 781 896 857
1300 2 2 9 8 802 803 909
1301 2 2 9 8 846 885 887
1302 2 2 9 8 774 775 890
1303 2 2 9 8 772 773 897
1304 2 2 9 8 798 799 892
1305 2 2 9 8 777 778 894
1306 2 2 9 8 839 903 840
1307 2 2 9 8 781 782 896
1308 2 2 9 8 784 785 895
1309 2 2 9 8 802 909 873
1310 2 2 9 8 837 908 838
1311 2 2 9 8 819 901 820
1312 2 2 9 8 822 900 823
1313 2 2 9 8 785 786 898
1314 2 2 9 8 800 801 905
1315 2 2 9 8 828 899 829
1316 2 2 9 8 778 920 894
1317 2 2 9 8 835 915 836
1318 2 2 9 8 812 907 813
1319 2 2 9 8 795 796 913
1320 2 2 9 8 782 783 911
1321 2 2 9 8 797 798 917
1322 2 2 9 8 832 914 833
1323 2 2 9 8 824 916 902
1324 2 2 9 8 824 902 825
1325 2 2 9 8 793 794 910
1326 2 2 9 8 826 906 827
1327 2 2 9 8 827 912 828
1328 2 2 9 8 778 779 920
1329 2 2 9 8 830 919 831
1330 2 2 9 8 789 790 918
1331 2 2 9 8 823 916 824
1332 2 2 9 8 766 849 842
1333 2 2 9 8 823 900 916
1334 2 2 9 8 816 921 893
1335 2 2 9 8 768 843 848
1336 2 2 9 8 828 912 899
1337 2 2 9 8 861 923 876
1338 2 2 9 8 811 850 889
1339 2 2 9 8 848 886 874
1340 2 2 9 8 827 906 912
1341 2 2 9 8 844 845 885
1342 2 2 9 8 842 849 886
1343 2 2 9 8 815 860 921
1344 2 2 9 8 857 922 893
1345 2 2 9 8 769 847 845
1346 2 2 9 8 817 922 884
1347 2 2 9 8 770 888 849
1348 2 2 9 8 767 844 846
1349 2 2 9 8 843 886 848
1350 2 2 9 8 806 848 874
1351 2 2 9 8 845 847 885
1352 2 2 9 8 844 885 846
1353 2 2 9 8 805 846 887
1354 2 2 9 8 875 893 921
1355 2 2 9 8 876 923 889
1356 2 2 9 8 861 907 923
1357 2 2 9 8 932 933 943
1358 2 2 9 8 933 942 943
1359 2 2 9 8 941 945 943
1360 2 2 9 8 936 939 937
1361 2 2 9 8 931 932 946
1362 2 2 9 8 939 947 937
1363 2 2 9 8 928 945 929
1364 2 2 9 8 929 945 941
1365 2 2 9 8 943 945 946
1366 2 2 9 8 932 943 946
1367 2 2 9 8 930 941 939
1368 2 2 9 8 925 930 939
1369 2 2 9 8 929 941 930
1370 2 2 9 8 931 946 938
1371 2 2 9 8 927 937 942
1372 2 2 9 8 942 947 943
1373 2 2 9 8 935 938 944
1374 2 2 9 8 926 938 935
1375 2 2 9 8 924 934 940
1376 2 2 9 8 937 947 942
1377 2 2 9 8 934 935 944
1378 2 2 9 8 928 940 945
1379 2 2 9 8 938 946 944
1380 2 2 9 8 939 941 947
1381 2 2 9 8 934 944 940
1382 2 2 9 8 941 943 947
1383 2 2 9 8 925 939 936
1384 2 2 9 8 944 946 945
1385 2 2 9 8 926 931 938
1386 2 2 9 8 927 942 933
1387 2 2 9 8 924 940 928
1388 2 2 9 8 940 944 945
1389 2 2 9 8 1070 1033 1065
1390 2 2 9 8 1048 1071 1064
1391 2 2 9 8 1048 1073 1071
1392 2 2 9 8 1066 1069 1032
1393 2 2 9 8 1103 1033 1070
1394 2 2 9 8 1032 1069 1072
1395 2 2 9 8 1032 1064 1071
1396 2 2 9 8 1032 1072 1064
1397 2 2 9 8 1041 1087 1057
1398 2 2 9 8 1040 1056 1088
1399 2 2 9 8 1041 1057 1086
1400 2 2 9 8 1042 1085 1058
1401 2 2 9 8 1040 1089 1056
1402 2 2 9 8 1039 1049 1090
1403 2 2 9 8 1042 1058 1084
1404 2 2 9 8 1043 1083 1059
1405 2 2 9 8 1039 1091 1049
1406 2 2 9 8 1038 1050 1092
1407 2 2 9 8 1043 1059 1082
1408 2 2 9 8 1044 1081 1060
1409 2 2 9 8 1038 1093 1050
1410 2 2 9 8 1037 1051 1094
1411 2 2 9 8 1044 1060 1080
1412 2 2 9 8 1045 1079 1061
1413 2 2 9 8 1037 1095 1051
1414 2 2 9 8 1036 1052 1096
1415 2 2 9 8 1045 1061 1078
1416 2 2 9 8 1046 1077 1062
1417 2 2 9 8 1036 1097 1052
1418 2 2 9 8 1035 1053 1098
1419 2 2 9 8 1046 1062 1076
1420 2 2 9 8 1047 1075 1063
1421 2 2 9 8 1035 1099 1053
1422 2 2 9 8 1034 1054 1100
1423 2 2 9 8 1047 1063 1074
1424 2 2 9 8 1034 1101 1054
1425 2 2 9 8 1033 1055 1102
1426 2 2 9 8 1041 1056 1087
1427 2 2 9 8 1041 1088 1056
1428 2 2 9 8 1042 1086 1057
1429 2 2 9 8 1042 1057 1085
1430 2 2 9 8 1040 1049 1089
1431 2 2 9 8 1040 1090 1049
1432 2 2 9 8 1043 1084 1058
1433 2 2 9 8 1043 1058 1083
1434 2 2 9 8 1039 1050 1091
1435 2 2 9 8 1039 1092 1050
1436 2 2 9 8 1044 1082 1059
1437 2 2 9 8 1044 1059 1081
1438 2 2 9 8 1038 1051 1093
1439 2 2 9 8 1038 1094 1051
1440 2 2 9 8 1045 1080 1060
1441 2 2 9 8 1045 1060 1079
1442 2 2 9 8 1037 1052 1095
1443 2 2 9 8 1037 1096 1052
1444 2 2 9 8 1046 1078 1061
1445 2 2 9 8 1046 1061 1077
1446 2 2 9 8 1036 1053 1097
1447 2 2 9 8 1036 1098 1053
1448 2 2 9 8 1047 1076 1062
1449 2 2 9 8 1047 1062 1075
1450 2 2 9 8 1035 1054 1099
1451 2 2 9 8 1035 1100 1054
1452 2 2 9 8 1048 1074 1063
1453 2 2 9 8 1048 1063 1073
1454 2 2 9 8 1034 1055 1101
1455 2 2 9 8 1034 1102 1055
1456 2 2 9 8 1033 1103 1055
1457 2 2 9 8 1031 1068 1066
1458 2 2 9 8 1030 1067 1065
1459 2 2 9 8 956 1063 957
1460 2 2 9 8 958 1062 959
1461 2 2 9 8 960 1061 961
1462 2 2 9 8 962 1060 963
1463 2 2 9 8 964 1059 965
1464 2 2 9 8 966 1058 967
1465 2 2 9 8 968 1057 969
1466 2 2 9 8 974 1050 975
1467 2 2 9 8 976 1051 977
1468 2 2 9 8 972 1049 973
1469 2 2 9 8 978 1052 979
1470 2 2 9 8 970 1056 971
1471 2 2 9 8 980 1053 981
1472 2 2 9 8 982 1054 983
1473 2 2 9 8 984 1055 985
1474 2 2 9 8 953 1032 954
1475 2 2 9 8 991 992 1048
1476 2 2 9 8 993 994 1047
1477 2 2 9 8 995 996 1046
1478 2 2 9 8 997 998 1045
1479 2 2 9 8 999 1000 1044
1480 2 2 9 8 1001 1002 1043
1481 2 2 9 8 1003 1004 1042
1482 2 2 9 8 1005 1006 1041
1483 2 2 9 8 1007 1008 1040
1484 2 2 9 8 1009 1010 1039
1485 2 2 9 8 1011 1012 1038
1486 2 2 9 8 1013 1014 1037
1487 2 2 9 8 1015 1016 1036
1488 2 2 9 8 1017 1018 1035
1489 2 2 9 8 1019 1020 1034
1490 2 2 9 8 1021 1022 1033
1491 2 2 9 8 1065 1067 1070
1492 2 2 9 8 991 1048 1064
1493 2 2 9 8 1022 1023 1065
1494 2 2 9 8 952 1066 953
1495 2 2 9 8 990 991 1064
1496 2 2 9 8 951 1030 1023
1497 2 2 9 8 948 1031 952
1498 2 2 9 8 1024 1025 1068
1499 2 2 9 8 954 1032 1071
1500 2 2 9 8 985 1055 1103
1501 2 2 9 8 1066 1068 1069
1502 2 2 9 8 1020 1102 1034
1503 2 2 9 8 1021 1033 1102
1504 2 2 9 8 983 1054 1101
1505 2 2 9 8 984 1101 1055
1506 2 2 9 8 956 1073 1063
1507 2 2 9 8 992 1074 1048
1508 2 2 9 8 993 1047 1074
1509 2 2 9 8 1018 1100 1035
1510 2 2 9 8 1019 1034 1100
1511 2 2 9 8 981 1053 1099
1512 2 2 9 8 982 1099 1054
1513 2 2 9 8 957 1063 1075
1514 2 2 9 8 958 1075 1062
1515 2 2 9 8 950 988 1028
1516 2 2 9 8 994 1076 1047
1517 2 2 9 8 995 1046 1076
1518 2 2 9 8 1016 1098 1036
1519 2 2 9 8 1017 1035 1098
1520 2 2 9 8 979 1052 1097
1521 2 2 9 8 980 1097 1053
1522 2 2 9 8 959 1062 1077
1523 2 2 9 8 960 1077 1061
1524 2 2 9 8 996 1078 1046
1525 2 2 9 8 997 1045 1078
1526 2 2 9 8 1014 1096 1037
1527 2 2 9 8 1015 1036 1096
1528 2 2 9 8 949 987 1029
1529 2 2 9 8 977 1051 1095
1530 2 2 9 8 978 1095 1052
1531 2 2 9 8 961 1061 1079
1532 2 2 9 8 962 1079 1060
1533 2 2 9 8 998 1080 1045
1534 2 2 9 8 999 1044 1080
1535 2 2 9 8 1012 1094 1038
1536 2 2 9 8 1013 1037 1094
1537 2 2 9 8 975 1050 1093
1538 2 2 9 8 976 1093 1051
1539 2 2 9 8 963 1060 1081
1540 2 2 9 8 964 1081 1059
1541 2 2 9 8 1000 1082 1044
1542 2 2 9 8 1001 1043 1082
1543 2 2 9 8 1010 1092 1039
1544 2 2 9 8 1011 1038 1092
1545 2 2 9 8 974 1091 1050
1546 2 2 9 8 973 1049 1091
1547 2 2 9 8 965 1059 1083
1548 2 2 9 8 966 1083 1058
1549 2 2 9 8 1002 1084 1043
1550 2 2 9 8 1003 1042 1084
1551 2 2 9 8 1008 1090 1040
1552 2 2 9 8 1009 1039 1090
1553 2 2 9 8 972 1089 1049
1554 2 2 9 8 971 1056 1089
1555 2 2 9 8 967 1058 1085
1556 2 2 9 8 968 1085 1057
1557 2 2 9 8 1004 1086 1042
1558 2 2 9 8 1005 1041 1086
1559 2 2 9 8 1006 1088 1041
1560 2 2 9 8 1007 1040 1088
1561 2 2 9 8 969 1057 1087
1562 2 2 9 8 970 1087 1056
1563 2 2 9 8 990 1064 1072
1564 2 2 9 8 951 1027 1030
1565 2 2 9 8 948 1024 1031
1566 2 2 9 8 1026 1067 1027
1567 2 2 9 8 949 1029 1026
1568 2 2 9 8 950 1028 1025
1569 2 2 9 8 1023 1030 1065
1570 2 2 9 8 1022 1065 1033
1571 2 2 9 8 952 1031 1066
1572 2 2 9 8 953 1066 1032
1573 2 2 9 8 988 989 1069
1574 2 2 9 8 1024 1068 1031
1575 2 2 9 8 986 1070 987
1576 2 2 9 8 1029 1070 1067
1577 2 2 9 8 986 1103 1070
1578 2 2 9 8 989 1072 1069
1579 2 2 9 8 954 1071 955
1580 2 2 9 8 989 990 1072
1581 2 2 9 8 985 1103 986
1582 2 2 9 8 955 1071 1073
1583 2 2 9 8 1020 1021 1102
1584 2 2 9 8 983 1101 984
1585 2 2 9 8 955 1073 956
1586 2 2 9 8 992 993 1074
1587 2 2 9 8 1018 1019 1100
1588 2 2 9 8 981 1099 982
1589 2 2 9 8 957 1075 958
1590 2 2 9 8 994 995 1076
1591 2 2 9 8 1016 1017 1098
1592 2 2 9 8 979 1097 980
1593 2 2 9 8 959 1077 960
1594 2 2 9 8 996 997 1078
1595 2 2 9 8 1014 1015 1096
1596 2 2 9 8 977 1095 978
1597 2 2 9 8 961 1079 962
1598 2 2 9 8 998 999 1080
1599 2 2 9 8 1012 1013 1094
1600 2 2 9 8 975 1093 976
1601 2 2 9 8 963 1081 964
1602 2 2 9 8 1000 1001 1082
1603 2 2 9 8 1010 1011 1092
1604 2 2 9 8 973 1091 974
1605 2 2 9 8 965 1083 966
1606 2 2 9 8 1002 1003 1084
1607 2 2 9 8 1008 1009 1090
1608 2 2 9 8 971 1089 972
1609 2 2 9 8 967 1085 968
1610 2 2 9 8 1004 1005 1086
1611 2 2 9 8 1006 1007 1088
1612 2 2 9 8 969 1087 970
1613 2 2 9 8 1027 1067 1030
1614 2 2 9 8 1026 1029 1067
1615 2 2 9 8 1028 1069 1068
1616 2 2 9 8 1025 1028 1068
1617 2 2 9 8 988 1069 1028
1618 2 2 9 8 987 1070 1029
1619 2 2 9 8 1239 1245 1217
1620 2 2 9 8 1216 1249 1250
1621 2 2 9 8 1216 1238 1249
1622 2 2 9 8 1222 1236 1277
1623 2 2 9 8 1222 1277 1279
1624 2 2 9 8 1214 1247 1275
1625 2 2 9 8 1214 1237 1247
1626 2 2 9 8 1217 1245 1251
1627 2 2 9 8 1182 1201 1218
1628 2 2 9 8 1220 1227 1253
1629 2 2 9 8 1200 1248 1219
1630 2 2 9 8 1283 1213 1271
1631 2 2 9 8 1218 1283 1271
1632 2 2 9 8 1212 1237 1255
1633 2 2 9 8 1200 1219 1254
1634 2 2 9 8 1212 1247 1237
1635 2 2 9 8 1220 1252 1227
1636 2 2 9 8 1209 1232 1269
1637 2 2 9 8 1211 1272 1233
1638 2 2 9 8 1209 1256 1232
1639 2 2 9 8 1208 1231 1264
1640 2 2 9 8 1211 1233 1278
1641 2 2 9 8 1215 1281 1234
1642 2 2 9 8 1208 1258 1231
1643 2 2 9 8 1207 1230 1265
1644 2 2 9 8 1215 1234 1282
1645 2 2 9 8 1214 1221 1280
1646 2 2 9 8 1207 1260 1230
1647 2 2 9 8 1210 1229 1273
1648 2 2 9 8 1214 1275 1221
1649 2 2 9 8 1210 1276 1229
1650 2 2 9 8 1212 1255 1235
1651 2 2 9 8 1206 1222 1279
1652 2 2 9 8 1212 1235 1259
1653 2 2 9 8 1206 1274 1222
1654 2 2 9 8 1205 1223 1270
1655 2 2 9 8 1205 1261 1223
1656 2 2 9 8 1204 1224 1268
1657 2 2 9 8 1204 1262 1224
1658 2 2 9 8 1203 1225 1267
1659 2 2 9 8 1203 1257 1225
1660 2 2 9 8 1202 1226 1263
1661 2 2 9 8 1202 1266 1226
1662 2 2 9 8 1217 1227 1252
1663 2 2 9 8 1211 1269 1232
1664 2 2 9 8 1211 1232 1272
1665 2 2 9 8 1209 1231 1256
1666 2 2 9 8 1209 1264 1231
1667 2 2 9 8 1215 1278 1233
1668 2 2 9 8 1215 1233 1281
1669 2 2 9 8 1208 1230 1258
1670 2 2 9 8 1208 1265 1230
1671 2 2 9 8 1221 1282 1234
1672 2 2 9 8 1221 1234 1280
1673 2 2 9 8 1207 1229 1260
1674 2 2 9 8 1207 1273 1229
1675 2 2 9 8 1210 1236 1276
1676 2 2 9 8 1210 1277 1236
1677 2 2 9 8 1213 1259 1235
1678 2 2 9 8 1206 1223 1274
1679 2 2 9 8 1213 1235 1271
1680 2 2 9 8 1206 1270 1223
1681 2 2 9 8 1205 1224 1261
1682 2 2 9 8 1205 1268 1224
1683 2 2 9 8 1204 1225 1262
1684 2 2 9 8 1204 1267 1225
1685 2 2 9 8 1203 1226 1257
1686 2 2 9 8 1196 1240 1242
1687 2 2 9 8 1203 1263 1226
1688 2 2 9 8 1202 1228 1266
1689 2 2 9 8 1217 1251 1227
1690 2 2 9 8 1216 1250 1220
1691 2 2 9 8 1110 1244 1202
1692 2 2 9 8 1200 1249 1238
1693 2 2 9 8 1198 1241 1239
1694 2 2 9 8 1202 1244 1228
1695 2 2 9 8 1216 1220 1253
1696 2 2 9 8 1200 1238 1248
1697 2 2 9 8 1146 1253 1227
1698 2 2 9 8 1182 1183 1201
1699 2 2 9 8 1240 1243 1242
1700 2 2 9 8 1109 1244 1110
1701 2 2 9 8 1144 1238 1216
1702 2 2 9 8 1187 1188 1220
1703 2 2 9 8 1184 1185 1200
1704 2 2 9 8 1144 1216 1145
1705 2 2 9 8 1146 1227 1147
1706 2 2 9 8 1141 1219 1142
1707 2 2 9 8 1162 1163 1236
1708 2 2 9 8 1181 1182 1218
1709 2 2 9 8 1176 1177 1214
1710 2 2 9 8 1151 1152 1228
1711 2 2 9 8 1164 1165 1229
1712 2 2 9 8 1174 1175 1234
1713 2 2 9 8 1161 1162 1222
1714 2 2 9 8 1172 1173 1233
1715 2 2 9 8 1129 1211 1130
1716 2 2 9 8 1118 1206 1119
1717 2 2 9 8 1162 1236 1222
1718 2 2 9 8 1131 1215 1132
1719 2 2 9 8 1133 1221 1134
1720 2 2 9 8 1166 1167 1230
1721 2 2 9 8 1168 1169 1231
1722 2 2 9 8 1155 1156 1225
1723 2 2 9 8 1157 1158 1224
1724 2 2 9 8 1153 1154 1226
1725 2 2 9 8 1138 1213 1139
1726 2 2 9 8 1179 1180 1235
1727 2 2 9 8 1159 1160 1223
1728 2 2 9 8 1121 1210 1122
1729 2 2 9 8 1170 1171 1232
1730 2 2 9 8 1110 1202 1111
1731 2 2 9 8 1116 1205 1117
1732 2 2 9 8 1127 1209 1128
1733 2 2 9 8 1136 1212 1137
1734 2 2 9 8 1123 1207 1124
1735 2 2 9 8 1112 1203 1113
1736 2 2 9 8 1114 1204 1115
1737 2 2 9 8 1125 1208 1126
1738 2 2 9 8 1189 1190 1217
1739 2 2 9 8 1143 1238 1144
1740 2 2 9 8 1142 1219 1248
1741 2 2 9 8 1177 1178 1237
1742 2 2 9 8 1240 1244 1243
1743 2 2 9 8 1177 1237 1214
1744 2 2 9 8 1190 1191 1239
1745 2 2 9 8 1201 1246 1218
1746 2 2 9 8 1140 1284 1141
1747 2 2 9 8 1239 1241 1245
1748 2 2 9 8 1107 1198 1191
1749 2 2 9 8 1104 1199 1108
1750 2 2 9 8 1140 1246 1284
1751 2 2 9 8 1150 1151 1240
1752 2 2 9 8 1150 1240 1196
1753 2 2 9 8 1106 1150 1196
1754 2 2 9 8 1105 1149 1197
1755 2 2 9 8 1188 1252 1220
1756 2 2 9 8 1192 1193 1242
1757 2 2 9 8 1184 1200 1254
1758 2 2 9 8 1178 1255 1237
1759 2 2 9 8 1139 1283 1140
1760 2 2 9 8 1152 1266 1228
1761 2 2 9 8 1153 1226 1266
1762 2 2 9 8 1111 1202 1263
1763 2 2 9 8 1112 1263 1203
1764 2 2 9 8 1155 1225 1257
1765 2 2 9 8 1154 1257 1226
1766 2 2 9 8 1136 1247 1212
1767 2 2 9 8 1114 1267 1204
1768 2 2 9 8 1113 1203 1267
1769 2 2 9 8 1156 1262 1225
1770 2 2 9 8 1157 1224 1262
1771 2 2 9 8 1116 1268 1205
1772 2 2 9 8 1115 1204 1268
1773 2 2 9 8 1158 1261 1224
1774 2 2 9 8 1159 1223 1261
1775 2 2 9 8 1118 1270 1206
1776 2 2 9 8 1117 1205 1270
1777 2 2 9 8 1181 1218 1271
1778 2 2 9 8 1180 1271 1235
1779 2 2 9 8 1161 1222 1274
1780 2 2 9 8 1160 1274 1223
1781 2 2 9 8 1138 1259 1213
1782 2 2 9 8 1137 1212 1259
1783 2 2 9 8 1119 1206 1279
1784 2 2 9 8 1179 1235 1255
1785 2 2 9 8 1121 1277 1210
1786 2 2 9 8 1163 1276 1236
1787 2 2 9 8 1164 1229 1276
1788 2 2 9 8 1134 1221 1275
1789 2 2 9 8 1122 1210 1273
1790 2 2 9 8 1123 1273 1207
1791 2 2 9 8 1165 1260 1229
1792 2 2 9 8 1166 1230 1260
1793 2 2 9 8 1175 1280 1234
1794 2 2 9 8 1176 1214 1280
1795 2 2 9 8 1132 1215 1282
1796 2 2 9 8 1133 1282 1221
1797 2 2 9 8 1124 1207 1265
1798 2 2 9 8 1125 1265 1208
1799 2 2 9 8 1168 1231 1258
1800 2 2 9 8 1167 1258 1230
1801 2 2 9 8 1174 1234 1281
1802 2 2 9 8 1173 1281 1233
1803 2 2 9 8 1131 1278 1215
1804 2 2 9 8 1130 1211 1278
1805 2 2 9 8 1127 1264 1209
1806 2 2 9 8 1126 1208 1264
1807 2 2 9 8 1169 1256 1231
1808 2 2 9 8 1170 1232 1256
1809 2 2 9 8 1172 1233 1272
1810 2 2 9 8 1171 1272 1232
1811 2 2 9 8 1129 1269 1211
1812 2 2 9 8 1128 1209 1269
1813 2 2 9 8 1189 1217 1252
1814 2 2 9 8 1147 1227 1251
1815 2 2 9 8 1201 1254 1219
1816 2 2 9 8 1187 1220 1250
1817 2 2 9 8 1185 1249 1200
1818 2 2 9 8 1191 1198 1239
1819 2 2 9 8 1109 1243 1244
1820 2 2 9 8 1107 1195 1198
1821 2 2 9 8 1104 1192 1199
1822 2 2 9 8 1190 1239 1217
1823 2 2 9 8 1194 1241 1195
1824 2 2 9 8 1106 1196 1193
1825 2 2 9 8 1105 1197 1194
1826 2 2 9 8 1148 1251 1245
1827 2 2 9 8 1192 1242 1199
1828 2 2 9 8 1148 1245 1149
1829 2 2 9 8 1199 1242 1243
1830 2 2 9 8 1108 1243 1109
1831 2 2 9 8 1201 1219 1284
1832 2 2 9 8 1143 1248 1238
1833 2 2 9 8 1140 1283 1246
1834 2 2 9 8 1228 1244 1240
1835 2 2 9 8 1145 1216 1253
1836 2 2 9 8 1197 1245 1241
1837 2 2 9 8 1151 1228 1240
1838 2 2 9 8 1147 1251 1148
1839 2 2 9 8 1145 1253 1146
1840 2 2 9 8 1152 1153 1266
1841 2 2 9 8 1186 1250 1249
1842 2 2 9 8 1188 1189 1252
1843 2 2 9 8 1142 1248 1143
1844 2 2 9 8 1111 1263 1112
1845 2 2 9 8 1154 1155 1257
1846 2 2 9 8 1135 1247 1136
1847 2 2 9 8 1186 1187 1250
1848 2 2 9 8 1185 1186 1249
1849 2 2 9 8 1113 1267 1114
1850 2 2 9 8 1156 1157 1262
1851 2 2 9 8 1135 1275 1247
1852 2 2 9 8 1183 1184 1254
1853 2 2 9 8 1115 1268 1116
1854 2 2 9 8 1158 1159 1261
1855 2 2 9 8 1117 1270 1118
1856 2 2 9 8 1180 1181 1271
1857 2 2 9 8 1160 1161 1274
1858 2 2 9 8 1137 1259 1138
1859 2 2 9 8 1119 1279 1120
1860 2 2 9 8 1120 1279 1277
1861 2 2 9 8 1178 1179 1255
1862 2 2 9 8 1120 1277 1121
1863 2 2 9 8 1163 1164 1276
1864 2 2 9 8 1134 1275 1135
1865 2 2 9 8 1122 1273 1123
1866 2 2 9 8 1165 1166 1260
1867 2 2 9 8 1175 1176 1280
1868 2 2 9 8 1132 1282 1133
1869 2 2 9 8 1124 1265 1125
1870 2 2 9 8 1167 1168 1258
1871 2 2 9 8 1173 1174 1281
1872 2 2 9 8 1130 1278 1131
1873 2 2 9 8 1126 1264 1127
1874 2 2 9 8 1169 1170 1256
1875 2 2 9 8 1171 1172 1272
1876 2 2 9 8 1128 1269 1129
1877 2 2 9 8 1195 1241 1198
1878 2 2 9 8 1183 1254 1201
1879 2 2 9 8 1194 1197 1241
1880 2 2 9 8 1139 1213 1283
1881 2 2 9 8 1193 1196 1242
1882 2 2 9 8 1141 1284 1219
1883 2 2 9 8 1201 1284 1246
1884 2 2 9 8 1218 1246 1283
1885 2 2 9 8 1149 1245 1197
1886 2 2 9 8 1108 1199 1243
1887 2 2 9 8 1306 1310 1312
1888 2 2 9 8 1306 1312 1316
1889 2 2 9 8 1308 1309 1314
1890 2 2 9 8 1308 1314 1315
1891 2 2 9 8 1289 1290 1315
1892 2 2 9 8 1292 1293 1312
1893 2 2 9 8 1297 1316 1298
1894 2 2 9 8 1294 1314 1295
1895 2 2 9 8 1292 1312 1310
1896 2 2 9 8 1290 1291 1308
1897 2 2 9 8 1296 1306 1297
1898 2 2 9 8 1297 1306 1316
1899 2 2 9 8 1299 1313 1300
1900 2 2 9 8 1308 1317 1309
1901 2 2 9 8 1287 1300 1304
1902 2 2 9 8 1286 1301 1303
1903 2 2 9 8 1289 1315 1307
1904 2 2 9 8 1301 1302 1311
1905 2 2 9 8 1285 1307 1299
1906 2 2 9 8 1288 1305 1302
1907 2 2 9 8 1299 1307 1313
1908 2 2 9 8 1296 1309 1306
1909 2 2 9 8 1291 1292 1310
1910 2 2 9 8 1307 1315 1313
1911 2 2 9 8 1294 1304 1314
1912 2 2 9 8 1301 1311 1303
1913 2 2 9 8 1313 1315 1314
1914 2 2 9 8 1302 1305 1311
1915 2 2 9 8 1300 1313 1304
1916 2 2 9 8 1293 1303 1312
1917 2 2 9 8 1290 1308 1315
1918 2 2 9 8 1304 1313 1314
1919 2 2 9 8 1298 1316 1305
1920 2 2 9 8 1291 1310 1308
1921 2 2 9 8 1295 1309 1296
1922 2 2 9 8 1295 1314 1309
1923 2 2 9 8 1306 1317 1310
1924 2 2 9 8 1303 1311 1312
1925 2 2 9 8 1305 1316 1311
1926 2 2 9 8 1311 1316 1312
1927 2 2 9 8 1287 1304 1294
1928 2 2 9 8 1286 1303 1293
1929 2 2 9 8 1288 1298 1305
1930 2 2 9 8 1285 1289 1307
1931 2 2 9 8 1306 1309 1317
1932 2 2 9 8 1308 1310 1317
1933 2 2 9 8 1419 1426 1440
1934 2 2 9 8 1419 1455 1426
1935 2 2 9 8 1406 1442 1463
1936 2 2 9 8 1405 1445 1449
1937 2 2 9 8 1405 1429 1445
1938 2 2 9 8 1434 1466 1451
1939 2 2 9 8 1416 1466 1434
1940 2 2 9 8 1413 1418 1446
1941 2 2 9 8 1427 1442 1406
1942 2 2 9 8 1409 1459 1423
1943 2 2 9 8 1416 1454 1466
1944 2 2 9 8 1416 1430 1454
1945 2 2 9 8 1432 1450 1407
1946 2 2 9 8 1407 1450 1462
1947 2 2 9 8 1461 1436 1447
1948 2 2 9 8 1407 1457 1431
1949 2 2 9 8 1407 1462 1457
1950 2 2 9 8 1420 1436 1461
1951 2 2 9 8 1435 1456 1443
1952 2 2 9 8 1425 1456 1435
1953 2 2 9 8 1368 1423 1459
1954 2 2 9 8 1402 1441 1433
1955 2 2 9 8 1403 1433 1441
1956 2 2 9 8 1328 1413 1446
1957 2 2 9 8 1402 1444 1441
1958 2 2 9 8 1406 1435 1443
1959 2 2 9 8 1413 1458 1418
1960 2 2 9 8 1406 1463 1435
1961 2 2 9 8 1409 1423 1471
1962 2 2 9 8 1403 1448 1433
1963 2 2 9 8 1404 1420 1461
1964 2 2 9 8 1410 1450 1432
1965 2 2 9 8 1404 1452 1420
1966 2 2 9 8 1410 1432 1460
1967 2 2 9 8 1408 1431 1457
1968 2 2 9 8 1410 1460 1428
1969 2 2 9 8 1415 1421 1467
1970 2 2 9 8 1405 1434 1451
1971 2 2 9 8 1408 1454 1430
1972 2 2 9 8 1408 1430 1468
1973 2 2 9 8 1408 1468 1431
1974 2 2 9 8 1403 1419 1448
1975 2 2 9 8 1411 1421 1470
1976 2 2 9 8 1415 1470 1421
1977 2 2 9 8 1411 1465 1421
1978 2 2 9 8 1412 1423 1472
1979 2 2 9 8 1412 1471 1423
1980 2 2 9 8 1405 1449 1434
1981 2 2 9 8 1404 1445 1429
1982 2 2 9 8 1413 1469 1422
1983 2 2 9 8 1415 1424 1464
1984 2 2 9 8 1412 1422 1469
1985 2 2 9 8 1411 1456 1425
1986 2 2 9 8 1404 1429 1452
1987 2 2 9 8 1411 1425 1465
1988 2 2 9 8 1412 1472 1422
1989 2 2 9 8 1413 1422 1458
1990 2 2 9 8 1415 1467 1424
1991 2 2 9 8 1410 1428 1473
1992 2 2 9 8 1403 1455 1419
1993 2 2 9 8 1414 1464 1424
1994 2 2 9 8 1402 1418 1444
1995 2 2 9 8 1359 1426 1455
1996 2 2 9 8 1399 1417 1437
1997 2 2 9 8 1414 1424 1474
1998 2 2 9 8 1409 1447 1436
1999 2 2 9 8 1402 1446 1418
2000 2 2 9 8 1347 1414 1428
2001 2 2 9 8 1363 1418 1364
2002 2 2 9 8 1360 1403 1361
2003 2 2 9 8 1361 1403 1441
2004 2 2 9 8 1335 1336 1404
2005 2 2 9 8 1332 1333 1409
2006 2 2 9 8 1323 1324 1419
2007 2 2 9 8 1373 1405 1374
2008 2 2 9 8 1370 1420 1371
2009 2 2 9 8 1381 1410 1382
2010 2 2 9 8 1354 1355 1406
2011 2 2 9 8 1343 1344 1407
2012 2 2 9 8 1384 1424 1385
2013 2 2 9 8 1351 1352 1411
2014 2 2 9 8 1346 1347 1428
2015 2 2 9 8 1377 1408 1378
2016 2 2 9 8 1386 1421 1387
2017 2 2 9 8 1328 1329 1413
2018 2 2 9 8 1365 1422 1366
2019 2 2 9 8 1339 1340 1416
2020 2 2 9 8 1347 1348 1414
2021 2 2 9 8 1326 1327 1402
2022 2 2 9 8 1367 1423 1368
2023 2 2 9 8 1349 1350 1415
2024 2 2 9 8 1330 1331 1412
2025 2 2 9 8 1388 1425 1389
2026 2 2 9 8 1373 1429 1405
2027 2 2 9 8 1342 1343 1431
2028 2 2 9 8 1409 1436 1459
2029 2 2 9 8 1338 1339 1434
2030 2 2 9 8 1340 1341 1430
2031 2 2 9 8 1339 1416 1434
2032 2 2 9 8 1343 1407 1431
2033 2 2 9 8 1391 1463 1442
2034 2 2 9 8 1370 1436 1420
2035 2 2 9 8 1340 1430 1416
2036 2 2 9 8 1344 1345 1432
2037 2 2 9 8 1372 1429 1373
2038 2 2 9 8 1369 1436 1370
2039 2 2 9 8 1344 1432 1407
2040 2 2 9 8 1321 1393 1399
2041 2 2 9 8 1364 1418 1458
2042 2 2 9 8 1401 1440 1438
2043 2 2 9 8 1326 1402 1433
2044 2 2 9 8 1318 1322 1401
2045 2 2 9 8 1335 1404 1461
2046 2 2 9 8 1319 1398 1357
2047 2 2 9 8 1355 1356 1427
2048 2 2 9 8 1389 1435 1390
2049 2 2 9 8 1325 1326 1433
2050 2 2 9 8 1417 1439 1437
2051 2 2 9 8 1320 1400 1358
2052 2 2 9 8 1332 1409 1471
2053 2 2 9 8 1358 1426 1359
2054 2 2 9 8 1356 1439 1475
2055 2 2 9 8 1386 1467 1421
2056 2 2 9 8 1378 1408 1457
2057 2 2 9 8 1323 1419 1440
2058 2 2 9 8 1346 1428 1460
2059 2 2 9 8 1381 1450 1410
2060 2 2 9 8 1371 1420 1452
2061 2 2 9 8 1377 1454 1408
2062 2 2 9 8 1356 1475 1427
2063 2 2 9 8 1363 1444 1418
2064 2 2 9 8 1389 1425 1435
2065 2 2 9 8 1350 1470 1415
2066 2 2 9 8 1352 1456 1411
2067 2 2 9 8 1342 1431 1468
2068 2 2 9 8 1341 1468 1430
2069 2 2 9 8 1382 1473 1383
2070 2 2 9 8 1324 1448 1419
2071 2 2 9 8 1367 1472 1423
2072 2 2 9 8 1388 1465 1425
2073 2 2 9 8 1387 1421 1465
2074 2 2 9 8 1426 1438 1440
2075 2 2 9 8 1351 1411 1470
2076 2 2 9 8 1331 1471 1412
2077 2 2 9 8 1330 1412 1469
2078 2 2 9 8 1374 1405 1451
2079 2 2 9 8 1366 1422 1472
2080 2 2 9 8 1329 1469 1413
2081 2 2 9 8 1345 1460 1432
2082 2 2 9 8 1336 1445 1404
2083 2 2 9 8 1349 1415 1464
2084 2 2 9 8 1348 1464 1414
2085 2 2 9 8 1383 1474 1384
2086 2 2 9 8 1325 1433 1448
2087 2 2 9 8 1372 1452 1429
2088 2 2 9 8 1360 1455 1403
2089 2 2 9 8 1354 1406 1443
2090 2 2 9 8 1365 1458 1422
2091 2 2 9 8 1355 1427 1406
2092 2 2 9 8 1385 1424 1467
2093 2 2 9 8 1356 1357 1439
2094 2 2 9 8 1338 1434 1449
2095 2 2 9 8 1392 1417 1393
2096 2 2 9 8 1392 1442 1417
2097 2 2 9 8 1337 1449 1445
2098 2 2 9 8 1383 1453 1474
2099 2 2 9 8 1393 1417 1399
2100 2 2 9 8 1327 1328 1446
2101 2 2 9 8 1383 1473 1453
2102 2 2 9 8 1394 1438 1395
2103 2 2 9 8 1361 1441 1362
2104 2 2 9 8 1390 1435 1463
2105 2 2 9 8 1334 1461 1447
2106 2 2 9 8 1322 1323 1440
2107 2 2 9 8 1391 1442 1392
2108 2 2 9 8 1368 1459 1369
2109 2 2 9 8 1359 1455 1360
2110 2 2 9 8 1333 1447 1409
2111 2 2 9 8 1353 1354 1443
2112 2 2 9 8 1398 1437 1439
2113 2 2 9 8 1390 1463 1391
2114 2 2 9 8 1362 1444 1363
2115 2 2 9 8 1324 1325 1448
2116 2 2 9 8 1414 1453 1428
2117 2 2 9 8 1353 1443 1456
2118 2 2 9 8 1333 1334 1447
2119 2 2 9 8 1336 1337 1445
2120 2 2 9 8 1371 1452 1372
2121 2 2 9 8 1374 1451 1375
2122 2 2 9 8 1337 1338 1449
2123 2 2 9 8 1352 1353 1456
2124 2 2 9 8 1380 1450 1381
2125 2 2 9 8 1387 1465 1388
2126 2 2 9 8 1364 1458 1365
2127 2 2 9 8 1350 1351 1470
2128 2 2 9 8 1334 1335 1461
2129 2 2 9 8 1385 1467 1386
2130 2 2 9 8 1329 1330 1469
2131 2 2 9 8 1348 1349 1464
2132 2 2 9 8 1376 1466 1454
2133 2 2 9 8 1376 1454 1377
2134 2 2 9 8 1345 1346 1460
2135 2 2 9 8 1366 1472 1367
2136 2 2 9 8 1378 1457 1379
2137 2 2 9 8 1379 1462 1380
2138 2 2 9 8 1331 1332 1471
2139 2 2 9 8 1341 1342 1468
2140 2 2 9 8 1375 1466 1376
2141 2 2 9 8 1318 1401 1394
2142 2 2 9 8 1375 1451 1466
2143 2 2 9 8 1320 1395 1400
2144 2 2 9 8 1380 1462 1450
2145 2 2 9 8 1400 1438 1426
2146 2 2 9 8 1379 1457 1462
2147 2 2 9 8 1417 1442 1475
2148 2 2 9 8 1327 1446 1402
2149 2 2 9 8 1396 1397 1437
2150 2 2 9 8 1394 1401 1438
2151 2 2 9 8 1382 1410 1473
2152 2 2 9 8 1369 1459 1436
2153 2 2 9 8 1384 1474 1424
2154 2 2 9 8 1321 1399 1397
2155 2 2 9 8 1322 1440 1401
2156 2 2 9 8 1319 1396 1398
2157 2 2 9 8 1362 1441 1444
2158 2 2 9 8 1395 1438 1400
2159 2 2 9 8 1358 1400 1426
2160 2 2 9 8 1397 1399 1437
2161 2 2 9 8 1417 1475 1439
2162 2 2 9 8 1414 1474 1453
2163 2 2 9 8 1396 1437 1398
2164 2 2 9 8 1357 1398 1439
2165 2 2 9 8 1428 1453 1473
2166 2 2 9 8 1427 1475 1442
2167 2 2 9 8 1493 1495 1497
2168 2 2 9 8 1484 1485 1495
2169 2 2 9 8 1483 1484 1498
2170 2 2 9 8 1493 1498 1495
2171 2 2 9 8 1485 1490 1495
2172 2 2 9 8 1484 1495 1498
2173 2 2 9 8 1490 1496 1495
2174 2 2 9 8 1483 1498 1494
2175 2 2 9 8 1495 1496 1497
2176 2 2 9 8 1476 1491 1480
2177 2 2 9 8 1481 1493 1497
2178 2 2 9 8 1480 1493 1481
2179 2 2 9 8 1489 1496 1490
2180 2 2 9 8 1480 1491 1493
2181 2 2 9 8 1481 1497 1482
2182 2 2 9 8 1479 1489 1490
2183 2 2 9 8 1477 1492 1488
2184 2 2 9 8 1491 1499 1493
2185 2 2 9 8 1478 1494 1486
2186 2 2 9 8 1488 1496 1489
2187 2 2 9 8 1493 1499 1498
2188 2 2 9 8 1486 1499 1487
2189 2 2 9 8 1492 1497 1496
2190 2 2 9 8 1488 1492 1496
2191 2 2 9 8 1476 1487 1491
2192 2 2 9 8 1479 1490 1485
2193 2 2 9 8 1482 1497 1492
2194 2 2 9 8 1477 1482 1492
2195 2 2 9 8 1478 1483 1494
2196 2 2 9 8 1486 1494 1499
2197 2 2 9 8 1487 1499 1491
2198 2 2 9 8 1494 1498 1499
2199 2 2 9 8 1618 1621 1585
2200 2 2 9 8 1617 1622 1584
2201 2 2 9 8 1616 1626 1623
2202 2 2 9 8 1584 1626 1616
2203 2 2 9 8 1585 1621 1624
2204 2 2 9 8 1584 1622 1626
2205 2 2 9 8 1593 1641 1609
2206 2 2 9 8 1592 1608 1642
2207 2 2 9 8 1593 1609 1640
2208 2 2 9 8 1594 1639 1610
2209 2 2 9 8 1592 1643 1608
2210 2 2 9 8 1591 1601 1644
2211 2 2 9 8 1594 1610 1638
2212 2 2 9 8 1595 1637 1611
2213 2 2 9 8 1591 1645 1601
2214 2 2 9 8 1590 1602 1646
2215 2 2 9 8 1595 1611 1636
2216 2 2 9 8 1596 1635 1612
2217 2 2 9 8 1590 1647 1602
2218 2 2 9 8 1589 1603 1648
2219 2 2 9 8 1596 1612 1634
2220 2 2 9 8 1597 1633 1613
2221 2 2 9 8 1589 1649 1603
2222 2 2 9 8 1588 1604 1650
2223 2 2 9 8 1597 1613 1632
2224 2 2 9 8 1598 1631 1614
2225 2 2 9 8 1588 1651 1604
2226 2 2 9 8 1587 1605 1652
2227 2 2 9 8 1598 1614 1630
2228 2 2 9 8 1600 1627 1616
2229 2 2 9 8 1599 1629 1615
2230 2 2 9 8 1587 1653 1605
2231 2 2 9 8 1586 1606 1654
2232 2 2 9 8 1599 1615 1628
2233 2 2 9 8 1586 1655 1606
2234 2 2 9 8 1600 1616 1623
2235 2 2 9 8 1585 1607 1625
2236 2 2 9 8 1593 1608 1641
2237 2 2 9 8 1593 1642 1608
2238 2 2 9 8 1594 1640 1609
2239 2 2 9 8 1594 1609 1639
2240 2 2 9 8 1592 1601 1643
2241 2 2 9 8 1592 1644 1601
2242 2 2 9 8 1595 1638 1610
2243 2 2 9 8 1595 1610 1637
2244 2 2 9 8 1591 1602 1645
2245 2 2 9 8 1591 1646 1602
2246 2 2 9 8 1596 1636 1611
2247 2 2 9 8 1596 1611 1635
2248 2 2 9 8 1590 1603 1647
2249 2 2 9 8 1590 1648 1603
2250 2 2 9 8 1597 1634 1612
2251 2 2 9 8 1597 1612 1633
2252 2 2 9 8 1589 1604 1649
2253 2 2 9 8 1589 1650 1604
2254 2 2 9 8 1598 1632 1613
2255 2 2 9 8 1598 1613 1631
2256 2 2 9 8 1588 1605 1651
2257 2 2 9 8 1588 1652 1605
2258 2 2 9 8 1599 1630 1614
2259 2 2 9 8 1599 1614 1629
2260 2 2 9 8 1587 1606 1653
2261 2 2 9 8 1587 1654 1606
2262 2 2 9 8 1600 1628 1615
2263 2 2 9 8 1585 1624 1607
2264 2 2 9 8 1600 1615 1627
2265 2 2 9 8 1586 1607 1655
2266 2 2 9 8 1586 1625 1607
2267 2 2 9 8 1582 1619 1617
2268 2 2 9 8 1618 1620 1621
2269 2 2 9 8 1583 1620 1618
2270 2 2 9 8 1542 1543 1607
2271 2 2 9 8 1573 1574 1584
2272 2 2 9 8 1570 1571 1615
2273 2 2 9 8 1568 1569 1614
2274 2 2 9 8 1566 1567 1613
2275 2 2 9 8 1564 1565 1612
2276 2 2 9 8 1562 1563 1611
2277 2 2 9 8 1560 1561 1610
2278 2 2 9 8 1558 1559 1609
2279 2 2 9 8 1550 1551 1603
2280 2 2 9 8 1554 1555 1601
2281 2 2 9 8 1548 1549 1604
2282 2 2 9 8 1552 1553 1602
2283 2 2 9 8 1556 1557 1608
2284 2 2 9 8 1546 1547 1605
2285 2 2 9 8 1544 1545 1606
2286 2 2 9 8 1535 1600 1536
2287 2 2 9 8 1533 1599 1534
2288 2 2 9 8 1531 1598 1532
2289 2 2 9 8 1529 1597 1530
2290 2 2 9 8 1527 1596 1528
2291 2 2 9 8 1525 1595 1526
2292 2 2 9 8 1523 1594 1524
2293 2 2 9 8 1521 1593 1522
2294 2 2 9 8 1519 1592 1520
2295 2 2 9 8 1517 1591 1518
2296 2 2 9 8 1515 1590 1516
2297 2 2 9 8 1513 1589 1514
2298 2 2 9 8 1511 1588 1512
2299 2 2 9 8 1509 1587 1510
2300 2 2 9 8 1507 1586 1508
2301 2 2 9 8 1505 1585 1506
2302 2 2 9 8 1573 1584 1616
2303 2 2 9 8 1572 1573 1616
2304 2 2 9 8 1617 1619 1622
2305 2 2 9 8 1574 1575 1617
2306 2 2 9 8 1504 1618 1505
2307 2 2 9 8 1542 1607 1624
2308 2 2 9 8 1503 1582 1575
2309 2 2 9 8 1500 1583 1504
2310 2 2 9 8 1580 1621 1620
2311 2 2 9 8 1536 1600 1623
2312 2 2 9 8 1506 1585 1625
2313 2 2 9 8 1507 1625 1586
2314 2 2 9 8 1544 1606 1655
2315 2 2 9 8 1543 1655 1607
2316 2 2 9 8 1571 1627 1615
2317 2 2 9 8 1535 1628 1600
2318 2 2 9 8 1534 1599 1628
2319 2 2 9 8 1509 1654 1587
2320 2 2 9 8 1508 1586 1654
2321 2 2 9 8 1546 1605 1653
2322 2 2 9 8 1545 1653 1606
2323 2 2 9 8 1570 1615 1629
2324 2 2 9 8 1569 1629 1614
2325 2 2 9 8 1502 1540 1580
2326 2 2 9 8 1533 1630 1599
2327 2 2 9 8 1532 1598 1630
2328 2 2 9 8 1511 1652 1588
2329 2 2 9 8 1510 1587 1652
2330 2 2 9 8 1548 1604 1651
2331 2 2 9 8 1547 1651 1605
2332 2 2 9 8 1568 1614 1631
2333 2 2 9 8 1567 1631 1613
2334 2 2 9 8 1531 1632 1598
2335 2 2 9 8 1530 1597 1632
2336 2 2 9 8 1513 1650 1589
2337 2 2 9 8 1512 1588 1650
2338 2 2 9 8 1501 1539 1581
2339 2 2 9 8 1550 1603 1649
2340 2 2 9 8 1549 1649 1604
2341 2 2 9 8 1566 1613 1633
2342 2 2 9 8 1565 1633 1612
2343 2 2 9 8 1529 1634 1597
2344 2 2 9 8 1528 1596 1634
2345 2 2 9 8 1515 1648 1590
2346 2 2 9 8 1514 1589 1648
2347 2 2 9 8 1552 1602 1647
2348 2 2 9 8 1551 1647 1603
2349 2 2 9 8 1564 1612 1635
2350 2 2 9 8 1563 1635 1611
2351 2 2 9 8 1527 1636 1596
2352 2 2 9 8 1526 1595 1636
2353 2 2 9 8 1517 1646 1591
2354 2 2 9 8 1516 1590 1646
2355 2 2 9 8 1554 1601 1645
2356 2 2 9 8 1553 1645 1602
2357 2 2 9 8 1562 1611 1637
2358 2 2 9 8 1561 1637 1610
2359 2 2 9 8 1525 1638 1595
2360 2 2 9 8 1524 1594 1638
2361 2 2 9 8 1519 1644 1592
2362 2 2 9 8 1518 1591 1644
2363 2 2 9 8 1555 1643 1601
2364 2 2 9 8 1556 1608 1643
2365 2 2 9 8 1560 1610 1639
2366 2 2 9 8 1559 1639 1609
2367 2 2 9 8 1523 1640 1594
2368 2 2 9 8 1522 1593 1640
2369 2 2 9 8 1521 1642 1593
2370 2 2 9 8 1520 1592 1642
2371 2 2 9 8 1558 1609 1641
2372 2 2 9 8 1557 1641 1608
2373 2 2 9 8 1572 1616 1627
2374 2 2 9 8 1503 1579 1582
2375 2 2 9 8 1500 1576 1583
2376 2 2 9 8 1578 1619 1579
2377 2 2 9 8 1501 1581 1578
2378 2 2 9 8 1502 1580 1577
2379 2 2 9 8 1575 1582 1617
2380 2 2 9 8 1574 1617 1584
2381 2 2 9 8 1504 1583 1618
2382 2 2 9 8 1505 1618 1585
2383 2 2 9 8 1576 1577 1620
2384 2 2 9 8 1538 1622 1539
2385 2 2 9 8 1540 1541 1621
2386 2 2 9 8 1581 1622 1619
2387 2 2 9 8 1538 1626 1622
2388 2 2 9 8 1577 1580 1620
2389 2 2 9 8 1541 1542 1624
2390 2 2 9 8 1537 1626 1538
2391 2 2 9 8 1541 1624 1621
2392 2 2 9 8 1537 1623 1626
2393 2 2 9 8 1536 1623 1537
2394 2 2 9 8 1506 1625 1507
2395 2 2 9 8 1543 1544 1655
2396 2 2 9 8 1571 1572 1627
2397 2 2 9 8 1534 1628 1535
2398 2 2 9 8 1508 1654 1509
2399 2 2 9 8 1545 1546 1653
2400 2 2 9 8 1569 1570 1629
2401 2 2 9 8 1532 1630 1533
2402 2 2 9 8 1510 1652 1511
2403 2 2 9 8 1547 1548 1651
2404 2 2 9 8 1567 1568 1631
2405 2 2 9 8 1530 1632 1531
2406 2 2 9 8 1512 1650 1513
2407 2 2 9 8 1549 1550 1649
2408 2 2 9 8 1565 1566 1633
2409 2 2 9 8 1528 1634 1529
2410 2 2 9 8 1514 1648 1515
2411 2 2 9 8 1551 1552 1647
2412 2 2 9 8 1563 1564 1635
2413 2 2 9 8 1526 1636 1527
2414 2 2 9 8 1516 1646 1517
2415 2 2 9 8 1553 1554 1645
2416 2 2 9 8 1561 1562 1637
2417 2 2 9 8 1524 1638 1525
2418 2 2 9 8 1518 1644 1519
2419 2 2 9 8 1555 1556 1643
2420 2 2 9 8 1559 1560 1639
2421 2 2 9 8 1522 1640 1523
2422 2 2 9 8 1520 1642 1521
2423 2 2 9 8 1557 1558 1641
2424 2 2 9 8 1579 1619 1582
2425 2 2 9 8 1578 1581 1619
2426 2 2 9 8 1576 1620 1583
2427 2 2 9 8 1539 1622 1581
2428 2 2 9 8 1540 1621 1580
$EndElements
