$MeshFormat
4.1 0 8
$EndMeshFormat
$PhysicalNames
1
2 1 "Surface"
$EndPhysicalNames
$Entities
31 141 47 0
1 567729.02 4144762.48 -95.14 0 
2 567572.2 4144611.17 -857.83 0 
3 567232.4300000001 4144283.34 -1783.96 0 
4 567023.33 4144081.6 -2419.54 0 
5 566866.51 4143930.29 -3291.19 0 
6 566775.03 4143842.03 -4162.84 0 
7 566526.74 4143602.46 -4871.06 0 
8 566186.96 4143274.63 -5216.09 0 
9 567389.25 4144434.65 -3509.1 0 
10 567428.45 4144472.47 -3472.78 0 
11 566735.83 4143804.21 -4144.68 0 
12 566722.76 4143791.6 -4181 0 
13 567740.0600000001 4138434.63 -7587.13 0 
14 575265.6 4140657.09 234.99 0 
15 574746.1899999999 4140146.16 -913.9299999999999 0 
16 573887.1800000001 4139301.15 -1894.72 0 
17 573068.13 4138495.44 -2931.55 0 
18 572608.66 4138043.46 -3520.02 0 
19 571989.37 4137434.27 -4416.73 0 
20 571469.97 4136923.33 -5173.34 0 
21 570750.8 4136215.88 -6182.15 0 
22 570171.47 4135645.99 -7611.29 0 
23 567740.0600000001 4138434.63 -7639.31 0 
24 576184.54 4141561.06 122.9 0 
25 575465.37 4140853.61 -1278.22 0 
26 574746.1899999999 4140146.16 -1950.76 0 
27 574106.9300000001 4139517.31 -3043.64 0 
28 573447.6899999999 4138868.82 -4472.78 0 
29 572988.22 4138416.84 -5425.54 0 
30 572189.14 4137630.78 -7555.25 0 
31 567740.0600000001 4138434.63 -8059.65 0 
1 573068.13 4138495.44 -2931.55 575265.6 4140657.09 234.99 0 2 14 -17 
2 570171.47 4135645.99 -7611.29 573068.13 4138495.44 -2931.55 0 2 17 -22 
3 570171.47 4135645.99 -7611.29 575265.6 4140657.09 234.9899999999998 0 2 22 -14 
4 567572.2 4138434.63 -7587.13 567740.0600000001 4144611.17 -857.8299999999999 0 2 2 -13 
5 567740.0600000001 4138434.63 -7587.13 573068.13 4138495.44 -2931.55 0 2 13 -17 
6 567572.2 4138495.44 -2931.55 573068.13 4144611.17 -857.8299999999999 0 2 17 -2 
7 567023.33 4144081.6 -2419.54 567572.2 4144611.17 -857.8299999999999 0 2 4 -2 
8 567572.2 4144611.17 -857.83 567729.02 4144762.48 -95.13999999999999 0 2 2 -1 
9 567023.33 4144081.6 -2419.54 567729.02 4144762.48 -95.1400000000001 0 2 1 -4 
10 567729.02 4140853.61 -1278.22 575465.37 4144762.48 -95.13999999999999 0 2 1 -25 
11 575465.37 4140853.61 -1278.22 576184.54 4141561.06 122.9000000000001 0 2 25 -24 
12 567729.02 4141561.06 -95.14000000000001 576184.54 4144762.48 122.9 0 2 24 -1 
13 575265.6 4140657.09 -1278.22 575465.37 4140853.61 234.99 0 2 25 -14 
14 575265.6 4140657.09 122.9 576184.54 4141561.06 234.99 0 2 14 -24 
15 575465.37 4140853.61 -1278.22 576184.54 4141561.06 122.9 0 2 24 -25 
16 575265.6 4140657.09 -1278.22 575465.37 4140853.61 234.99 0 2 14 -25 
17 567729.02 4140853.61 -1278.22 575465.37 4144762.48 -95.1400000000001 0 2 25 -1 
18 567729.02 4140657.09 -95.13999999999999 575265.6 4144762.48 234.99 0 2 1 -14 
19 574106.9300000001 4139517.31 -3043.64 575265.6 4140657.09 234.99 0 2 14 -27 
20 573068.13 4138495.44 -3043.64 574106.9300000001 4139517.31 -2931.55 0 2 27 -17 
21 573068.13 4138495.44 -2931.55 575265.6 4140657.09 234.9899999999998 0 2 17 -14 
22 567740.0600000001 4136215.88 -7587.13 570750.8 4138434.63 -6182.15 0 2 21 -13 
23 567740.0600000001 4135645.99 -7611.29 570171.47 4138434.63 -7587.13 0 2 13 -22 
24 570171.47 4135645.99 -7611.29 570750.8 4136215.88 -6182.15 0 2 22 -21 
25 570750.8 4136215.88 -6182.15 571469.97 4136923.33 -5173.34 0 2 21 -20 
26 567740.0600000001 4136923.33 -7587.13 571469.97 4138434.63 -5173.34 0 2 20 -13 
27 567740.0600000001 4136215.88 -7587.13 570750.8 4138434.63 -6182.15 0 2 13 -21 
28 566722.76 4143791.6 -4181 567023.33 4144081.6 -2419.54 0 2 12 -4 
29 567023.33 4144081.6 -2419.54 567729.02 4144762.48 -95.13999999999987 0 2 4 -1 
30 566722.76 4143791.6 -4181 567729.02 4144762.48 -95.1400000000001 0 2 1 -12 
31 567023.33 4144081.6 -2419.54 567232.4300000001 4144283.34 -1783.96 0 2 3 -4 
32 567023.33 4138434.63 -7587.13 567740.0600000001 4144081.6 -2419.54 0 2 4 -13 
33 567232.4300000001 4138434.63 -7587.13 567740.0600000001 4144283.34 -1783.96 0 2 13 -3 
34 573447.6899999999 4138868.82 -4472.78 574106.9300000001 4139517.31 -3043.64 0 2 27 -28 
35 573068.13 4138495.44 -4472.78 573447.6899999999 4138868.82 -2931.55 0 2 28 -17 
36 573068.13 4138495.44 -3043.64 574106.9300000001 4139517.31 -2931.55 0 2 17 -27 
37 567572.2 4138868.82 -4472.78 573447.6899999999 4144611.17 -857.8299999999999 0 2 28 -2 
38 567572.2 4138495.44 -2931.55 573068.13 4144611.17 -857.8299999999999 0 2 2 -17 
39 573068.13 4138495.44 -4472.78 573447.6899999999 4138868.82 -2931.55 0 2 17 -28 
40 567572.2 4138868.82 -4472.78 573447.6899999999 4144611.17 -857.8299999999999 0 2 2 -28 
41 567729.02 4138868.82 -4472.78 573447.6899999999 4144762.48 -95.14000000000033 0 2 28 -1 
42 567572.2 4144611.17 -857.83 567729.02 4144762.48 -95.13999999999999 0 2 1 -2 
43 574746.1899999999 4140146.16 -1950.76 575265.6 4140657.09 234.99 0 2 26 -14 
44 567729.02 4140657.09 -95.13999999999999 575265.6 4144762.48 234.99 0 2 14 -1 
45 567729.02 4140146.16 -1950.76 574746.1899999999 4144762.48 -95.13999999999999 0 2 1 -26 
46 574106.9300000001 4139517.31 -3043.64 574746.1899999999 4140146.16 -1950.76 0 2 27 -26 
47 567729.02 4140146.16 -1950.76 574746.1899999999 4144762.48 -95.1400000000001 0 2 26 -1 
48 567729.02 4139517.31 -3043.64 574106.9300000001 4144762.48 -95.1400000000001 0 2 1 -27 
49 574106.9300000001 4139517.31 -3043.64 574746.1899999999 4140146.16 -1950.76 0 2 26 -27 
50 574106.9300000001 4139517.31 -3043.64 575265.6 4140657.09 234.9900000000002 0 2 27 -14 
51 574746.1899999999 4140146.16 -1950.76 575265.6 4140657.09 234.99 0 2 14 -26 
52 572189.14 4137630.78 -7555.25 572608.66 4138043.46 -3520.02 0 2 30 -18 
53 567740.0600000001 4138043.46 -7587.13 572608.66 4138434.63 -3520.02 0 2 18 -13 
54 567740.0600000001 4137630.78 -7587.13 572189.14 4138434.63 -7555.25 0 2 13 -30 
55 572189.14 4137630.78 -7555.25 572608.66 4138043.46 -3520.02 0 2 18 -30 
56 571469.97 4136923.33 -7555.25 572189.14 4137630.78 -5173.34 0 2 30 -20 
57 571469.97 4136923.33 -5173.34 572608.66 4138043.46 -3520.02 0 2 20 -18 
58 570750.8 4136215.88 -6182.15 572608.66 4138043.46 -3520.02 0 2 21 -18 
59 571469.97 4136923.33 -5173.34 572608.66 4138043.46 -3520.02 0 2 18 -20 
60 570750.8 4136215.88 -6182.15 571469.97 4136923.33 -5173.34 0 2 20 -21 
61 572608.66 4138043.46 -3520.02 573068.13 4138495.44 -2931.55 0 2 17 -18 
62 570171.47 4135645.99 -7611.29 572608.66 4138043.46 -3520.02 0 2 18 -22 
63 570171.47 4135645.99 -7611.29 573068.13 4138495.44 -2931.55 0 2 22 -17 
64 570750.8 4136215.88 -6182.15 572608.66 4138043.46 -3520.02 0 2 18 -21 
65 570171.47 4135645.99 -7611.29 570750.8 4136215.88 -6182.15 0 2 21 -22 
66 570171.47 4135645.99 -7611.29 572608.66 4138043.46 -3520.02 0 2 22 -18 
67 571469.97 4136923.33 -5173.34 571989.37 4137434.27 -4416.73 0 2 20 -19 
68 567740.0600000001 4137434.27 -7587.13 571989.37 4138434.63 -4416.73 0 2 19 -13 
69 567740.0600000001 4136923.33 -7587.13 571469.97 4138434.63 -5173.34 0 2 13 -20 
70 571989.37 4137434.27 -7555.25 572189.14 4137630.78 -4416.73 0 2 19 -30 
71 567740.0600000001 4137630.78 -7587.13 572189.14 4138434.63 -7555.25 0 2 30 -13 
72 567740.0600000001 4137434.27 -7587.13 571989.37 4138434.63 -4416.73 0 2 13 -19 
73 571989.37 4137434.27 -7555.25 572189.14 4137630.78 -4416.73 0 2 30 -19 
74 571469.97 4136923.33 -5173.34 571989.37 4137434.27 -4416.73 0 2 19 -20 
75 571469.97 4136923.33 -7555.25 572189.14 4137630.78 -5173.34 0 2 20 -30 
76 566526.74 4138434.63 -7587.13 567740.0600000001 4143602.46 -4871.06 0 2 13 -7 
77 566186.96 4143274.63 -5216.09 566526.74 4143602.46 -4871.06 0 2 7 -8 
78 566186.96 4138434.63 -7587.13 567740.0600000001 4143274.63 -5216.09 0 2 8 -13 
79 566526.74 4143602.46 -4871.06 566722.76 4143791.6 -4181 0 2 7 -12 
80 566186.96 4143274.63 -5216.09 566722.76 4143791.6 -4181 0 2 12 -8 
81 566186.96 4143274.63 -5216.09 566526.74 4143602.46 -4871.06 0 2 8 -7 
82 566526.74 4143602.46 -4871.06 566722.76 4143791.6 -4181 0 2 12 -7 
83 566526.74 4138434.63 -7587.13 567740.0600000001 4143602.46 -4871.06 0 2 7 -13 
84 566722.76 4138434.63 -7587.13 567740.0600000001 4143791.6 -4181 0 2 13 -12 
85 566866.51 4143930.29 -3291.19 567023.33 4144081.6 -2419.54 0 2 4 -5 
86 566866.51 4138434.63 -7587.130000000001 567740.0600000001 4143930.29 -3291.19 0 2 5 -13 
87 567023.33 4138434.63 -7587.13 567740.0600000001 4144081.6 -2419.54 0 2 13 -4 
88 567389.25 4144434.65 -3509.1 567572.2 4144611.17 -857.8299999999999 0 2 9 -2 
89 567023.33 4144081.6 -2419.54 567572.2 4144611.17 -857.83 0 2 2 -4 
90 567023.33 4144081.6 -3509.1 567389.25 4144434.65 -2419.54 0 2 4 -9 
91 567232.4300000001 4144283.34 -3509.1 567389.25 4144434.65 -1783.96 0 2 3 -9 
92 567023.33 4144081.6 -3509.1 567389.25 4144434.65 -2419.54 0 2 9 -4 
93 567023.33 4144081.6 -2419.54 567232.4300000001 4144283.34 -1783.96 0 2 4 -3 
94 567232.4300000001 4144283.34 -3509.1 567389.25 4144434.65 -1783.96 0 2 9 -3 
95 567232.4300000001 4138434.63 -7587.13 567740.0600000001 4144283.34 -1783.96 0 2 3 -13 
96 567389.25 4138434.63 -7587.13 567740.0600000001 4144434.65 -3509.1 0 2 13 -9 
97 573887.1800000001 4139301.15 -3043.64 574106.9300000001 4139517.31 -1894.72 0 2 16 -27 
98 567729.02 4139517.31 -3043.64 574106.9300000001 4144762.48 -95.13999999999987 0 2 27 -1 
99 567729.02 4139301.15 -1894.72 573887.1800000001 4144762.48 -95.13999999999999 0 2 1 -16 
100 573447.6899999999 4138868.82 -4472.78 573887.1800000001 4139301.15 -1894.72 0 2 28 -16 
101 567729.02 4139301.15 -1894.72 573887.1800000001 4144762.48 -95.1400000000001 0 2 16 -1 
102 567729.02 4138868.82 -4472.78 573447.6899999999 4144762.48 -95.13999999999987 0 2 1 -28 
103 573447.6899999999 4138868.82 -4472.78 573887.1800000001 4139301.15 -1894.72 0 2 16 -28 
104 573447.6899999999 4138868.82 -4472.78 574106.9300000001 4139517.31 -3043.64 0 2 28 -27 
105 573887.1800000001 4139301.15 -3043.64 574106.9300000001 4139517.31 -1894.72 0 2 27 -16 
106 567740.0600000001 4138416.84 -7587.13 572988.22 4138434.63 -5425.54 0 2 13 -29 
107 572988.22 4138416.84 -5425.54 573068.13 4138495.44 -2931.55 0 2 29 -17 
108 567740.0600000001 4138434.63 -7587.13 573068.13 4138495.44 -2931.55 0 2 17 -13 
109 572608.66 4138043.46 -5425.54 572988.22 4138416.84 -3520.02 0 2 29 -18 
110 572608.66 4138043.46 -3520.02 573068.13 4138495.44 -2931.55 0 2 18 -17 
111 572988.22 4138416.84 -5425.54 573068.13 4138495.44 -2931.55 0 2 17 -29 
112 572608.66 4138043.46 -5425.54 572988.22 4138416.84 -3520.02 0 2 18 -29 
113 567740.0600000001 4138416.84 -7587.13 572988.22 4138434.63 -5425.54 0 2 29 -13 
114 567740.0600000001 4138043.46 -7587.13 572608.66 4138434.63 -3520.02 0 2 13 -18 
115 566775.03 4143842.03 -4162.84 566866.51 4143930.29 -3291.19 0 2 6 -5 
116 566866.51 4143930.29 -3291.19 567023.33 4144081.6 -2419.54 0 2 5 -4 
117 566775.03 4143842.03 -4162.84 567023.33 4144081.6 -2419.54 0 2 4 -6 
118 566775.03 4143842.03 -4162.84 566866.51 4143930.29 -3291.19 0 2 5 -6 
119 566775.03 4138434.63 -7587.13 567740.0600000001 4143842.03 -4162.84 0 2 6 -13 
120 566866.51 4138434.63 -7587.13 567740.0600000001 4143930.29 -3291.19 0 2 13 -5 
121 567428.45 4144472.47 -3472.78 567572.2 4144611.17 -857.8299999999999 0 2 2 -10 
122 567428.45 4138434.63 -7587.130000000001 567740.0600000001 4144472.47 -3472.78 0 2 10 -13 
123 567572.2 4138434.63 -7587.13 567740.0600000001 4144611.17 -857.8299999999999 0 2 13 -2 
124 567389.25 4144434.65 -3509.1 567428.45 4144472.47 -3472.78 0 2 10 -9 
125 567389.25 4138434.63 -7587.13 567740.0600000001 4144434.65 -3509.1 0 2 9 -13 
126 567428.45 4138434.63 -7587.13 567740.0600000001 4144472.47 -3472.78 0 2 13 -10 
127 567389.25 4144434.65 -3509.1 567428.45 4144472.47 -3472.78 0 2 9 -10 
128 567428.45 4144472.47 -3472.78 567572.2 4144611.17 -857.8299999999999 0 2 10 -2 
129 567389.25 4144434.65 -3509.1 567572.2 4144611.17 -857.8299999999999 0 2 2 -9 
130 566722.76 4143791.6 -4181 566735.83 4143804.21 -4144.68 0 2 12 -11 
131 566735.83 4143804.21 -4144.68 567023.33 4144081.6 -2419.54 0 2 11 -4 
132 566722.76 4143791.6 -4181 567023.33 4144081.6 -2419.54 0 2 4 -12 
133 566735.83 4143804.21 -4162.84 566775.03 4143842.03 -4144.68 0 2 11 -6 
134 566775.03 4143842.03 -4162.84 567023.33 4144081.6 -2419.54 0 2 6 -4 
135 566735.83 4143804.21 -4144.68 567023.33 4144081.6 -2419.54 0 2 4 -11 
136 566722.76 4143791.6 -4181 566735.83 4143804.21 -4144.68 0 2 11 -12 
137 566722.76 4138434.63 -7587.13 567740.0600000001 4143791.6 -4181 0 2 12 -13 
138 566735.83 4138434.63 -7587.13 567740.0600000001 4143804.21 -4144.68 0 2 13 -11 
139 566735.83 4143804.21 -4162.84 566775.03 4143842.03 -4144.68 0 2 6 -11 
140 566735.83 4138434.63 -7587.13 567740.0600000001 4143804.21 -4144.68 0 2 11 -13 
141 566775.03 4138434.63 -7587.13 567740.0600000001 4143842.03 -4162.84 0 2 13 -6 
1 570171.47 4135645.99 -7611.29 575265.6 4140657.09 234.9900000000002 1 1 3 1 2 3 
2 567572.2 4138434.63 -7587.13 573068.13 4144611.17 -857.8299999999999 1 1 3 4 5 6 
3 567023.33 4144081.6 -2419.54 567729.02 4144762.48 -95.1400000000001 1 1 3 7 8 9 
4 567729.02 4140853.61 -1278.22 576184.54 4144762.48 122.9000000000001 1 1 3 10 11 12 
5 575265.6 4140657.09 -1278.22 576184.54 4141561.06 234.99 1 1 3 13 14 15 
6 567729.02 4140657.09 -1278.22 575465.37 4144762.48 234.99 1 1 3 16 17 18 
7 573068.13 4138495.44 -3043.64 575265.6 4140657.09 234.99 1 1 3 19 20 21 
8 567740.0600000001 4135645.99 -7611.29 570750.8 4138434.63 -6182.15 1 1 3 22 23 24 
9 567740.0600000001 4136215.88 -7587.13 571469.97 4138434.63 -5173.34 1 1 3 25 26 27 
10 566722.76 4143791.6 -4181 567729.02 4144762.48 -95.13999999999987 1 1 3 28 29 30 
11 567023.33 4138434.63 -7587.13 567740.0600000001 4144283.34 -1783.96 1 1 3 31 32 33 
12 573068.13 4138495.44 -4472.78 574106.9300000001 4139517.31 -2931.55 1 1 3 34 35 36 
13 567572.2 4138495.44 -4472.78 573447.6899999999 4144611.17 -857.8299999999999 1 1 3 37 38 39 
14 567572.2 4138868.82 -4472.78 573447.6899999999 4144762.48 -95.13999999999987 1 1 3 40 41 42 
15 567729.02 4140146.16 -1950.76 575265.6 4144762.48 234.99 1 1 3 43 44 45 
16 567729.02 4139517.31 -3043.64 574746.1899999999 4144762.48 -95.1400000000001 1 1 3 46 47 48 
17 574106.9300000001 4139517.31 -3043.64 575265.6 4140657.09 234.9900000000002 1 1 3 49 50 51 
18 567740.0600000001 4137630.78 -7587.13 572608.66 4138434.63 -3520.02 1 1 3 52 53 54 
19 571469.97 4136923.33 -7555.25 572608.66 4138043.46 -3520.02 1 1 3 55 56 57 
20 570750.8 4136215.88 -6182.15 572608.66 4138043.46 -3520.02 1 1 3 58 59 60 
21 570171.47 4135645.99 -7611.29 573068.13 4138495.44 -2931.55 1 1 3 61 62 63 
22 570171.47 4135645.99 -7611.29 572608.66 4138043.46 -3520.02 1 1 3 64 65 66 
23 567740.0600000001 4136923.33 -7587.13 571989.37 4138434.63 -4416.73 1 1 3 67 68 69 
24 567740.0600000001 4137434.27 -7587.13 572189.14 4138434.63 -4416.73 1 1 3 70 71 72 
25 571469.97 4136923.33 -7555.25 572189.14 4137630.78 -4416.73 1 1 3 73 74 75 
26 566186.96 4138434.63 -7587.13 567740.0600000001 4143602.46 -4871.06 1 1 3 76 77 78 
27 566186.96 4143274.63 -5216.09 566722.76 4143791.6 -4181 1 1 3 79 80 81 
28 566526.74 4138434.63 -7587.13 567740.0600000001 4143791.6 -4181 1 1 3 82 83 84 
29 566866.51 4138434.63 -7587.130000000001 567740.0600000001 4144081.6 -2419.54 1 1 3 85 86 87 
30 567023.33 4144081.6 -3509.1 567572.2 4144611.17 -857.8299999999999 1 1 3 88 89 90 
31 567023.33 4144081.6 -3509.1 567389.25 4144434.65 -1783.96 1 1 3 91 92 93 
32 567232.4300000001 4138434.63 -7587.13 567740.0600000001 4144434.65 -1783.96 1 1 3 94 95 96 
33 567729.02 4139301.15 -3043.64 574106.9300000001 4144762.48 -95.13999999999987 1 1 3 97 98 99 
34 567729.02 4138868.82 -4472.78 573887.1800000001 4144762.48 -95.13999999999987 1 1 3 100 101 102 
35 573447.6899999999 4138868.82 -4472.78 574106.9300000001 4139517.31 -1894.72 1 1 3 103 104 105 
36 567740.0600000001 4138416.84 -7587.13 573068.13 4138495.44 -2931.55 1 1 3 106 107 108 
37 572608.66 4138043.46 -5425.54 573068.13 4138495.44 -2931.55 1 1 3 109 110 111 
38 567740.0600000001 4138043.46 -7587.13 572988.22 4138434.63 -3520.02 1 1 3 112 113 114 
39 566775.03 4143842.03 -4162.84 567023.33 4144081.6 -2419.54 1 1 3 115 116 117 
40 566775.03 4138434.63 -7587.13 567740.0600000001 4143930.29 -3291.19 1 1 3 118 119 120 
41 567428.45 4138434.63 -7587.130000000001 567740.0600000001 4144611.17 -857.8299999999999 1 1 3 121 122 123 
42 567389.25 4138434.63 -7587.13 567740.0600000001 4144472.47 -3472.78 1 1 3 124 125 126 
43 567389.25 4144434.65 -3509.1 567572.2 4144611.17 -857.8299999999999 1 1 3 127 128 129 
44 566722.76 4143791.6 -4181 567023.33 4144081.6 -2419.54 1 1 3 130 131 132 
45 566735.83 4143804.21 -4162.84 567023.33 4144081.6 -2419.54 1 1 3 133 134 135 
46 566722.76 4138434.63 -7587.13 567740.0600000001 4143804.21 -4144.68 1 1 3 136 137 138 
47 566735.83 4138434.63 -7587.13 567740.0600000001 4143842.03 -4144.68 1 1 3 139 140 141 
$EndEntities
$Nodes
210 4590 1 4590
0 1 0 1
1
567729.02 4144762.48 -95.14
0 2 0 1
2
567572.2 4144611.17 -857.83
0 3 0 1
3
567232.4300000001 4144283.34 -1783.96
0 4 0 1
4
567023.33 4144081.6 -2419.54
0 5 0 1
5
566866.51 4143930.29 -3291.19
0 6 0 1
6
566775.03 4143842.03 -4162.84
0 7 0 1
7
566526.74 4143602.46 -4871.06
0 8 0 1
8
566186.96 4143274.63 -5216.09
0 9 0 1
9
567389.25 4144434.65 -3509.1
0 10 0 1
10
567428.45 4144472.47 -3472.78
0 11 0 1
11
566735.83 4143804.21 -4144.68
0 12 0 1
12
566722.76 4143791.6 -4181
0 13 0 1
13
567740.0600000001 4138434.63 -7587.13
0 14 0 1
14
575265.6 4140657.09 234.99
0 16 0 1
15
573887.1800000001 4139301.15 -1894.72
0 17 0 1
16
573068.13 4138495.44 -2931.55
0 18 0 1
17
572608.66 4138043.46 -3520.02
0 19 0 1
18
571989.37 4137434.27 -4416.73
0 20 0 1
19
571469.97 4136923.33 -5173.34
0 21 0 1
20
570750.8 4136215.88 -6182.15
0 22 0 1
21
570171.47 4135645.99 -7611.29
0 24 0 1
22
576184.54 4141561.06 122.9
0 25 0 1
23
575465.37 4140853.61 -1278.22
0 26 0 1
24
574746.1899999999 4140146.16 -1950.76
0 27 0 1
25
574106.9300000001 4139517.31 -3043.64
0 28 0 1
26
573447.6899999999 4138868.82 -4472.78
0 29 0 1
27
572988.22 4138416.84 -5425.54
0 30 0 1
28
572189.14 4137630.78 -7555.25
1 1 0 17
29
30
31
32
33
34
35
36
37
38
39
40
41
42
43
44
45
575143.5183332911 4140536.998333292 59.07111105018222
575021.4366665786 4140416.90666658 -116.8477779046692
574899.35499991 4140296.814999911 -292.7666667962948
574777.2733332794 4140176.72333328 -468.685555633165
574655.1916665891 4140056.63166659 -644.604444556109
574533.109999966 4139936.539999967 -820.5233333823339
574411.02833329 4139816.448333291 -996.442222284571
574288.9466666613 4139696.356666661 -1172.361111118863
574166.8650000015 4139576.265000002 -1348.279999997777
574044.7833333415 4139456.173333341 -1524.198888877157
573922.7016667123 4139336.081666712 -1700.11777771196
573800.6200000361 4139215.990000036 -1876.036666614709
573678.5383334125 4139095.898333411 -2051.955555441516
573556.4566667217 4138975.806666721 -2227.874444365015
573434.3750000908 4138855.715000089 -2403.793333202448
573312.293333422 4138735.623333421 -2579.712222094433
573190.2116667093 4138615.531666709 -2755.631111049713
1 2 0 24
46
47
48
49
50
51
52
53
54
55
56
57
58
59
60
61
62
63
64
65
66
67
68
69
572952.2635999988 4138381.461999999 -3118.73960000193
572836.3972000025 4138267.484000002 -3305.929199995975
572720.5308000045 4138153.506000004 -3493.118799992813
572604.6643999976 4138039.527999998 -3680.30840000385
572488.7979999959 4137925.549999996 -3867.498000006601
572372.9315999978 4137811.571999998 -4054.687600003604
572257.0652000016 4137697.594000001 -4241.877199997482
572141.1988000009 4137583.616000001 -4429.066799998516
572025.3323999941 4137469.637999994 -4616.25640000938
571909.4659999834 4137355.659999984 -4803.446000026835
571793.599599987 4137241.681999987 -4990.635600020938
571677.7331999888 4137127.703999989 -5177.825200018037
571561.8668000264 4137013.726000026 -5365.014799957263
571446.0004000277 4136899.748000028 -5552.204399955115
571330.1340000307 4136785.77000003 -5739.393999950353
571214.2676000192 4136671.792000019 -5926.583599968901
571098.4012000122 4136557.814000012 -6113.773199980276
570982.5348000114 4136443.836000011 -6300.962799981422
570866.668400015 4136329.858000015 -6488.152399975705
570750.802000016 4136215.880000016 -6675.341999974071
570634.9356000135 4136101.902000013 -6862.531599978256
570519.0692000064 4135987.924000007 -7049.721199989634
570403.202799998 4135873.945999998 -7236.910800003141
570287.3364000015 4135759.968000002 -7424.100399997507
1 3 0 42
70
71
72
73
74
75
76
77
78
79
80
81
82
83
84
85
86
87
88
89
90
91
92
93
94
95
96
97
98
99
100
101
102
103
104
105
106
107
108
109
110
111
570289.9381395559 4135762.527209323 -7428.818372060629
570408.4062790921 4135879.064418627 -7246.34674415163
570526.8744186264 4135995.601627929 -7063.875116245578
570645.342558133 4136112.138837203 -6881.403488382142
570763.8106976766 4136228.676046514 -6698.931860461782
570882.2788371906 4136345.213255796 -6516.460232586853
571000.7469767292 4136461.750465102 -6333.988604674146
571119.215116261 4136578.287674401 -6151.516976771887
571237.6832557799 4136694.824883688 -5969.045348889566
571356.1513953314 4136811.362093006 -5786.573720957032
571474.6195348873 4136927.899302329 -5604.102093017854
571593.0876744393 4137044.436511648 -5421.630465084299
571711.5558139498 4137160.973720927 -5239.158837214974
571830.0239534925 4137277.510930237 -5056.687209295904
571948.4920930071 4137394.048139519 -4874.215581420228
572066.9602325499 4137510.585348829 -4691.743953500986
572185.4283720774 4137627.122558124 -4509.272325605372
572303.8965116006 4137743.659767415 -4326.800697716404
572422.3646511477 4137860.19697673 -4144.329069790516
572540.8327906624 4137976.734186012 -3961.857441914765
572659.3009302183 4138093.271395335 -3779.385813975441
572777.7690697638 4138209.808604648 -3596.914186051967
572896.2372093201 4138326.345813971 -3414.442558112186
573014.705348835 4138442.883023254 -3231.970930235933
573133.1734883825 4138559.420232568 -3049.499302309468
573251.6416279061 4138675.957441859 -2867.027674419923
573370.109767434 4138792.494651155 -2684.556046523732
573488.5779069772 4138909.031860466 -2502.084418603913
573607.0460464922 4139025.569069748 -2319.61279072766
573725.5141860353 4139142.106279059 -2137.141162808011
573843.9823255527 4139258.643488344 -1954.669534927788
573962.450465109 4139375.180697667 -1772.19790698791
574080.9186046652 4139491.717906991 -1589.726279048058
574199.3867442172 4139608.25511631 -1407.254651114773
574317.8548837365 4139724.792325597 -1224.783023231873
574436.3230232686 4139841.329534896 -1042.311395329033
574554.7911628076 4139957.866744203 -859.8397674158578
574673.2593023219 4140074.403953485 -677.3681395405411
574791.7274418658 4140190.941162796 -494.8965116196887
574910.1955813726 4140307.47837207 -312.4248837558689
575028.6637209072 4140424.015581373 -129.9532558493393
575147.1318604437 4140540.552790677 52.51837206014534
1 4 0 36
112
113
114
115
116
117
118
119
120
121
122
123
124
125
126
127
128
129
130
131
132
133
134
135
136
137
138
139
140
141
142
143
144
145
146
147
567576.7367567557 4144444.236486523 -1039.702972933285
567581.2735135126 4144277.302973005 -1221.575945911567
567585.8102702695 4144110.369459487 -1403.448918888076
567590.3470270263 4143943.435945971 -1585.321891864576
567594.8837837832 4143776.502432453 -1767.194864842137
567599.4205405401 4143609.568918935 -1949.067837820625
567603.957297297 4143442.635405416 -2130.940810799113
567608.4940540539 4143275.701891898 -2312.813783777393
567613.0308108107 4143108.768378381 -2494.686756753852
567617.5675675676 4142941.834864864 -2676.559729730211
567622.1043243244 4142774.901351347 -2858.432702707526
567626.6410810814 4142607.967837828 -3040.305675686013
567631.1778378382 4142441.03432431 -3222.178648664501
567635.7145945951 4142274.100810791 -3404.051621642855
567640.251351352 4142107.167297274 -3585.924594619388
567644.7881081088 4141940.233783758 -3767.797567595748
567649.3248648656 4141773.30027024 -3949.670540572914
567653.8616216226 4141606.366756722 -4131.543513551401
567658.3983783772 4141439.433243286 -4313.416486439661
567662.9351351341 4141272.499729767 -4495.289459418694
567667.471891891 4141105.566216249 -4677.162432396333
567672.0086486478 4140938.632702732 -4859.035405373252
567676.5454054048 4140771.699189215 -5040.908378350174
567681.0821621616 4140604.765675696 -5222.781351329097
567685.6189189185 4140437.832162177 -5404.654324308157
567690.1556756755 4140270.898648658 -5586.527297287119
567694.6924324323 4140103.96513514 -5768.400270264965
567699.2291891892 4139937.031621623 -5950.273243241933
567703.7659459461 4139770.098108105 -6132.146216218866
567708.3027027029 4139603.164594587 -6314.01918919764
567712.8394594599 4139436.231081068 -6495.892162176751
567717.3762162168 4139269.297567549 -6677.765135155736
567721.9129729737 4139102.36405403 -6859.638108133674
567726.4497297305 4138935.430540513 -7041.51108111064
567730.9864864873 4138768.497026996 -7223.384054087556
567735.5232432443 4138601.563513477 -7405.257027066237
1 5 0 28
148
149
150
151
152
153
154
155
156
157
158
159
160
161
162
163
164
165
166
167
168
169
170
171
172
173
174
175
567923.7865517266 4138436.726896551 -7426.592758618556
568107.5131034545 4138438.823793103 -7266.055517235978
568291.2396551862 4138440.920689655 -7105.518275850052
568474.9662069175 4138443.017586207 -6944.981034464501
568658.6927586303 4138445.114482759 -6784.443793095153
568842.4193103444 4138447.21137931 -6623.906551724582
569026.1458620707 4138449.308275862 -6463.369310343369
569209.8724137993 4138451.405172414 -6302.832068960117
569393.5989655311 4138453.502068966 -6142.294827574101
569577.3255172363 4138455.598965517 -5981.75758621136
569761.0520689626 4138457.695862069 -5821.220344830147
569944.7786206887 4138459.792758621 -5660.683103449162
570128.5051724149 4138461.889655172 -5500.145862068
570312.2317241441 4138463.986551724 -5339.608620684319
570495.95827585 4138466.083448275 -5179.071379320911
570679.6848275795 4138468.180344827 -5018.534137936877
570863.4113793065 4138470.277241379 -4857.996896555138
571047.1379310335 4138472.374137931 -4697.459655173247
571230.8644827604 4138474.471034483 -4536.922413791574
571414.5910344657 4138476.567931034 -4376.385172428669
571598.3175861975 4138478.664827586 -4215.847931042654
571782.0441379264 4138480.761724138 -4055.3106896592
571965.7706896532 4138482.85862069 -3894.773448277571
572149.4972413681 4138484.955517241 -3734.236206906431
572333.2237930812 4138487.052413793 -3573.698965536614
572516.9503448128 4138489.149310344 -3413.161724150871
572700.6768965448 4138491.246206896 -3252.624482764689
572884.4034482732 4138493.343103448 -3092.08724138163
1 6 0 33
176
177
178
179
180
181
182
183
184
185
186
187
188
189
190
191
192
193
194
195
196
197
198
199
200
201
202
203
204
205
206
207
208
572906.4849999895 4138675.314411776 -2870.558235290168
572744.8399999565 4138855.188823578 -2809.566470571833
572583.1950000015 4139035.063235292 -2748.574705882919
572421.5500000785 4139214.937646972 -2687.582941206101
572259.9050001081 4139394.812058703 -2626.591176511356
572098.2600000976 4139574.68647048 -2565.599411801512
571936.6150000721 4139754.560882273 -2504.607647086019
571774.9700000341 4139934.43529408 -2443.615882365807
571613.3249999961 4140114.309705887 -2382.624117645577
571451.6800000119 4140294.184117634 -2321.632352945693
571290.0350001015 4140474.058529299 -2260.640588273602
571128.3900000835 4140653.932941083 -2199.648823560937
570966.7450000405 4140833.807352896 -2138.657058838828
570805.1000000208 4141013.681764683 -2077.665294125501
570643.4549999884 4141193.556176483 -2016.673529407404
570481.8099999679 4141373.430588271 -1955.681764693797
570320.1650000099 4141553.304999989 -1894.690000003774
570158.5200000519 4141733.179411707 -1833.698235313746
569996.8750000314 4141913.053823494 -1772.706470600112
569835.2299999989 4142092.928235295 -1711.714705881982
569673.5849999792 4142272.802647082 -1650.722941168631
569511.9399999361 4142452.677058895 -1589.731176446502
569350.2949999181 4142632.551470679 -1528.739411733808
569188.6500000076 4142812.425882345 -1467.747647061688
569027.0050000234 4142992.300294091 -1406.755882361795
568865.3599999854 4143172.174705898 -1345.764117641565
568703.7149999473 4143352.049117705 -1284.772352921337
568542.0699999218 4143531.923529499 -1223.780588205812
568380.4249999112 4143711.797941275 -1162.788823495949
568218.7799999408 4143891.672353007 -1101.797058801184
568057.1350000014 4144071.546764704 -1040.805294118198
567895.4900000435 4144251.421176422 -979.8135294282038
567733.8450000104 4144431.295588224 -918.8217647098529
1 7 0 6
209
210
211
212
213
214
567101.7399999917 4144157.252857135 -2196.438571452149
567180.1500000008 4144232.905714286 -1973.337142854745
567258.5600000025 4144308.558571431 -1750.235714278573
567336.9699999964 4144384.211428568 -1527.134285724537
567415.3799999984 4144459.864285713 -1304.032857147319
567493.790000008 4144535.517142865 -1080.931428548794
1 8 0 3
215
216
217
567611.4049999982 4144648.997499998 -667.1575000087003
567650.6099999998 4144686.825 -476.4850000009241
567689.8150000016 4144724.652500002 -285.8124999921213
1 9 0 10
218
219
220
221
222
223
224
225
226
227
567664.8663636337 4144700.581818179 -306.449090918023
567600.7127272586 4144638.68363635 -517.7581818647734
567536.5590908988 4144576.785454535 -729.0672727611535
567472.4054545369 4144514.887272719 -940.3763636646892
567408.251818175 4144452.989090902 -1151.685454568175
567344.0981818265 4144391.090909099 -1362.994545427023
567279.9445454642 4144329.192727282 -1574.303636331642
567215.790909102 4144267.294545465 -1785.612727236148
567151.637272742 4144205.39636365 -1996.921818133376
567087.4836363666 4144143.498181821 -2208.230909081055
1 10 0 34
228
229
230
231
232
233
234
235
236
237
238
239
240
241
242
243
244
245
246
247
248
249
250
251
252
253
254
255
256
257
258
259
260
261
567950.058571463 4144650.797999983 -128.9422857195489
568171.0971428191 4144539.116000019 -162.7445714227475
568392.135714263 4144427.434000012 -196.5468571393825
568613.174285726 4144315.751999994 -230.3491428589316
568834.2128571788 4144204.069999982 -264.1514285769101
569055.251428526 4144092.388000023 -297.9537142787648
569276.289999989 4143980.706000005 -331.7559999983134
569497.3285714519 4143869.023999988 -365.558285717862
569718.3671428477 4143757.342000005 -399.3605714271231
569939.4057143239 4143645.659999981 -433.1628571486868
570160.4442857868 4143533.977999963 -466.9651428682353
570381.482857218 4143422.295999962 -500.7674285829161
570602.5214285771 4143310.613999997 -534.5697142865914
570823.5600000498 4143198.931999975 -568.3720000076171
571044.5985715128 4143087.249999957 -602.1742857271648
571265.6371428495 4142975.568000004 -635.9765714273998
571486.6757142742 4142863.886000006 -669.7788571410924
571707.7142857255 4142752.203999994 -703.5811428588555
571928.7528571502 4142640.521999996 -737.383428572553
572149.7914284869 4142528.840000043 -771.1857142727899
572370.8299999499 4142417.158000025 -804.9879999923419
572591.8685714225 4142305.476000003 -838.7902857133693
572812.9071427818 4142193.794000038 -872.5925714170486
573033.945714213 4142082.112000037 -906.3948571317325
573254.9842856759 4141970.430000019 -940.1971428512837
573476.0228571522 4141858.747999995 -973.9994285728508
573697.0614285478 4141747.066000012 -1007.801714282114
573918.1000000109 4141635.383999994 -1041.604000001667
574139.1385714739 4141523.701999977 -1075.406285721218
574360.1771428213 4141412.020000018 -1109.208571423076
574581.215714274 4141300.338000006 -1143.010857141059
574802.2542857369 4141188.655999988 -1176.81314286061
575023.2928571809 4141076.973999981 -1210.615428577247
575244.331428537 4140965.292000017 -1244.417714280448
1 11 0 6
262
263
264
265
266
267
575568.1085714489 4140954.674285734 -1078.059999960247
575670.8471428541 4141055.738571425 -877.9000000059508
575773.5857142459 4141156.802857104 -677.740000077624
575876.3242857531 4141257.867142895 -477.5799999243858
575979.0628571453 4141358.931428574 -277.4199999953094
576081.8014285507 4141459.995714265 -77.26000004045522
1 12 0 36
268
269
270
271
272
273
274
275
276
277
278
279
280
281
282
283
284
285
286
287
288
289
290
291
292
293
294
295
296
297
298
299
300
301
302
303
575956.0124324276 4141647.584864867 117.0070270269008
575727.4848648567 4141734.109729733 111.1140540538431
575498.9572972826 4141820.6345946 105.2210810807023
575270.4297297134 4141907.159459466 99.32810810768616
575041.902162192 4141993.684324313 93.43513513590382
574813.3745946055 4142080.209189185 87.54216216244444
574584.8470270487 4142166.734054046 81.64918918974691
574356.3194594607 4142253.258918919 75.75621621624597
574127.7918919054 4142339.783783779 69.86324324359001
573899.2643243157 4142426.308648652 63.97027027004754
573670.736756762 4142512.833513511 58.07729729743313
573442.2091891707 4142599.358378385 52.18432432384911
573213.6816216182 4142685.883243245 46.29135135126239
572985.154054069 4142772.408108103 40.39837837876249
572756.6264864937 4142858.93297297 34.50540540559129
572528.0989189411 4142945.457837829 28.61243243300459
572299.5713513488 4143031.982702704 22.71945945939282
572071.0437837963 4143118.507567563 16.82648648680612
571842.5162162039 4143205.032432437 10.93351351319437
571613.9886486513 4143291.557297296 5.040540540607651
571385.461081059 4143378.082162171 -0.8524324330040827
571156.9335135063 4143464.60702703 -6.745405405590816
570928.4059459311 4143551.131891897 -12.63837837876207
570699.8783783818 4143637.656756755 -18.53135135126197
570471.3508108293 4143724.181621615 -24.42432432384874
570242.823243238 4143810.706486489 -30.31729729743279
570014.2956756843 4143897.231351348 -36.21027027004723
569785.7681080947 4143983.756216221 -42.10324324358976
569557.2405405394 4144070.281081081 -47.99621621624578
569328.7129729514 4144156.805945954 -53.88918918974673
569100.1854053945 4144243.330810815 -59.78216216244428
568871.657837808 4144329.855675687 -65.67513513590367
568643.1302702867 4144416.380540534 -71.56810810768599
568414.6027027174 4144502.9054054 -77.4610810807022
568186.0751351434 4144589.430270267 -83.35405405384302
567957.5475675724 4144675.955135133 -89.24702702690075
1 13 0 6
304
305
306
307
308
309
575436.8314285716 4140825.535714286 -1062.047142858463
575408.2928571431 4140797.461428571 -845.8742857160676
575379.7542857165 4140769.387142859 -629.7014285882185
575351.2157142839 4140741.312857141 -413.5285714151432
575322.6771428572 4140713.238571429 -197.3557142860948
575294.1385714285 4140685.164285714 18.81714285740736
1 14 0 5
310
311
312
313
314
575418.7566666332 4140807.751666634 216.308333337409
575571.9133332802 4140958.413333281 197.6266666731349
575725.0699999999 4141109.075 178.945000000001
575878.2266667197 4141259.736666719 160.2633333268666
576031.3833333667 4141410.398333366 141.5816666625918
1 15 0 6
315
316
317
318
319
320
576081.8014285511 4141459.995714266 -77.26000003979581
575979.0628571459 4141358.931428574 -277.4199999940561
575876.3242857541 4141257.867142896 -477.5799999224115
575773.5857142468 4141156.802857105 -677.7400000756409
575670.8471428547 4141055.738571426 -877.9000000047087
575568.1085714493 4140954.674285735 -1078.059999959554
1 16 0 6
321
322
323
324
325
326
575294.1385714284 4140685.164285714 18.817142858393
575322.6771428569 4140713.238571428 -197.3557142839233
575351.2157142835 4140741.31285714 -413.5285714117877
575379.7542857161 4140769.387142859 -629.7014285848614
575408.2928571427 4140797.461428571 -845.8742857139082
575436.8314285715 4140825.535714285 -1062.047142857409
1 17 0 34
327
328
329
330
331
332
333
334
335
336
337
338
339
340
341
342
343
344
345
346
347
348
349
350
351
352
353
354
355
356
357
358
359
360
575244.3314285381 4140965.292000017 -1244.417714280607
575023.2928571829 4141076.973999979 -1210.615428577562
574802.2542857401 4141188.655999987 -1176.813142861084
574581.215714278 4141300.338000004 -1143.010857141689
574360.1771428264 4141412.020000015 -1109.208571423867
574139.1385714801 4141523.701999974 -1075.406285722167
573918.1000000181 4141635.383999991 -1041.604000002774
573697.0614285562 4141747.066000008 -1007.80171428338
573476.0228571615 4141858.74799999 -973.9994285742739
573254.9842856863 4141970.430000014 -940.1971428528657
573033.9457142244 4142082.112000031 -906.3948571334729
572812.9071427942 4142193.794000032 -872.5925714189481
572591.868571436 4142305.475999996 -838.7902857154271
572370.8299999645 4142417.158000018 -804.9879999945576
572149.7914285024 4142528.840000035 -771.1857142751646
571928.7528571668 4142640.521999988 -737.383428575085
571707.7142857431 4142752.203999985 -703.5811428615477
571486.6757142928 4142863.885999996 -669.7788571439401
571265.6371428336 4142975.568000012 -635.9765714249594
571044.5985714978 4143087.249999965 -602.174285724878
570823.5600000358 4143198.931999982 -568.3720000054813
570602.5214285642 4143310.614000004 -534.5697142846095
570381.482857206 4143422.295999968 -500.7674285810856
570160.4442857759 4143533.977999969 -466.9651428665571
569939.4057143138 4143645.659999986 -433.1628571471614
569718.3671428387 4143757.342000009 -399.3605714257496
569497.328571444 4143869.023999992 -365.5582857166419
569276.289999982 4143980.706000009 -331.755999997245
569055.2514285201 4144092.388000026 -297.9537142778499
568834.2128571738 4144204.069999984 -264.1514285761465
568613.174285722 4144315.751999996 -230.3491428583202
568392.13571426 4144427.434000013 -196.5468571389247
568171.0971428171 4144539.11600002 -162.7445714224425
567950.0585714621 4144650.797999983 -128.9422857193968
1 18 0 34
361
362
363
364
365
366
367
368
369
370
371
372
373
374
375
376
377
378
379
380
381
382
383
384
385
386
387
388
389
390
391
392
393
394
567944.3508571927 4144645.18314283 -85.70771428353532
568159.6817143677 4144527.88628567 -76.27542856783758
568375.0125714665 4144410.589428551 -66.84314285548201
568590.3434285653 4144293.292571432 -57.41085714312646
568805.6742856991 4144175.995714294 -47.97857142923702
569021.0051427979 4144058.698857175 -38.54628571688147
569236.3359998966 4143941.402000056 -29.11400000452592
569451.6668570718 4143824.105142896 -19.6817142888282
569666.9977142469 4143706.808285736 -10.24942857313047
569882.328571457 4143589.511428556 -0.8171428558988794
570097.6594286321 4143472.214571395 8.61514285979888
570312.9902857308 4143354.917714277 18.04742857215444
570528.3211428296 4143237.620857158 27.47971428451002
570743.6519999495 4143120.324000027 36.91199999778588
570958.9828570622 4143003.027142901 46.34428571075502
571174.3137142373 4142885.73028574 55.77657142645272
571389.6445714125 4142768.43342858 65.20885714215045
571604.9754285875 4142651.13657142 74.64114285784821
571820.3062857626 4142533.839714259 84.07342857354602
572035.6371429377 4142416.542857099 93.50571428924381
572250.9680000505 4142299.245999972 102.938000002213
572466.2988571703 4142181.949142842 112.3702857154889
572681.6297142691 4142064.652285723 121.8025714278446
572896.9605713679 4141947.355428604 131.2348571402002
573112.291428543 4141830.058571444 140.6671428558981
573327.6222857531 4141712.761714264 150.0994285731297
573542.9531429282 4141595.464857104 159.5317142888275
573758.2840001032 4141478.167999944 168.9640000045254
573973.614857202 4141360.871142825 178.396285716881
574188.9457143008 4141243.574285706 187.8285714292367
574404.2765714347 4141126.277428568 197.2608571431261
574619.6074285335 4141008.980571449 206.6931428554818
574834.9382856323 4140891.68371433 216.1254285678374
575050.2691428073 4140774.38685717 225.5577142835353
1 19 0 14
395
396
397
398
399
400
401
402
403
404
405
406
407
408
575188.3553333492 4140581.104666682 16.41466671176093
575111.1106666453 4140505.119333312 -202.1606667271164
575033.8660000174 4140429.134000017 -420.7359999509414
574956.6213333257 4140353.148666659 -639.3113333549055
574879.3766666643 4140277.163333331 -857.8866666733611
574802.1320000093 4140201.178000009 -1076.46199997374
574724.8873333138 4140125.192666647 -1295.037333388634
574647.6426666882 4140049.207333354 -1513.612666605952
574570.3979999922 4139973.221999992 -1732.188000021858
574493.1533333372 4139897.236666671 -1950.763333322728
574415.9086666752 4139821.251333342 -2169.338666642447
574338.6639999836 4139745.265999984 -2387.914000046523
574261.4193333552 4139669.280666688 -2606.489333271715
574184.1746666508 4139593.295333317 -2825.064666711728
1 20 0 5
409
410
411
412
413
573933.7966668063 4139346.998333471 -3024.958333348404
573760.6633331936 4139176.686666529 -3006.276666651594
573587.53 4139006.375 -2987.595000000001
573414.3966668064 4138836.063333471 -2968.913333348406
573241.2633331937 4138665.751666529 -2950.231666651595
1 21 0 17
414
415
416
417
418
419
420
421
422
423
424
425
426
427
428
429
430
573190.2116667089 4138615.531666708 -2755.631111050216
573312.2933334213 4138735.62333342 -2579.712222095432
573434.3750000899 4138855.715000088 -2403.793333203856
573556.4566667206 4138975.80666672 -2227.874444366832
573678.5383334109 4139095.898333409 -2051.955555443847
573800.620000034 4139215.990000033 -1876.036666617649
573922.70166671 4139336.081666709 -1700.117777715406
574044.7833333387 4139456.173333338 -1524.198888881107
574166.8649999985 4139576.264999998 -1348.280000002188
574288.9466666585 4139696.356666659 -1172.361111122802
574411.0283332877 4139816.448333289 -996.4422222879921
574533.109999964 4139936.539999965 -820.523333385237
574655.1916665876 4140056.631666589 -644.6044445584248
574777.2733332781 4140176.723333279 -468.6855556350101
574899.3549999092 4140296.814999911 -292.7666667975718
575021.4366665781 4140416.906666579 -116.8477779054879
575143.5183332907 4140536.998333291 59.07111104975593
1 22 0 15
431
432
433
434
435
436
437
438
439
440
441
442
443
444
445
570562.6287500049 4136354.551874996 -6269.961249997718
570374.4574999969 4136493.223750002 -6357.772500001506
570186.2862500018 4136631.895624998 -6445.583749999225
569998.1150000067 4136770.567499995 -6533.394999996899
569809.9437500115 4136909.239374992 -6621.20624999464
569621.7725000165 4137047.911249988 -6709.017499992336
569433.6012500084 4137186.583124994 -6796.82874999608
569245.4300000134 4137325.25499999 -6884.639999993754
569057.2587500181 4137463.926874986 -6972.45124999156
568869.08750001 4137602.598749992 -7060.262499995349
568680.9162500149 4137741.270624989 -7148.073749993089
568492.7450000197 4137879.942499985 -7235.884999990873
568304.5737500244 4138018.614374982 -7323.696249988636
568116.4025000293 4138157.286249978 -7411.507499986354
567928.2312499953 4138295.958125004 -7499.318750002238
1 23 0 14
446
447
448
449
450
451
452
453
454
455
456
457
458
459
567902.1540000173 4138248.720666647 -7588.740666666838
568064.2480000352 4138062.811333293 -7590.351333333682
568226.3420000322 4137876.901999963 -7591.962000000319
568388.4359999606 4137690.992666712 -7593.572666666275
568550.529999957 4137505.083333383 -7595.183333332905
568712.6239999761 4137319.174000028 -7596.793999999762
568874.7179999888 4137133.26466668 -7598.404666666555
569036.8120000112 4136947.35533332 -7600.015333333445
569198.9060000239 4136761.445999973 -7601.626000000238
569361.0000000431 4136575.536666617 -7603.236666667095
569523.0940000394 4136389.627333288 -7604.847333333725
569685.1879999678 4136203.718000037 -7606.457999999681
569847.2819999648 4136017.808666707 -7608.068666666318
570009.3759999827 4135831.899333353 -7609.679333333162
1 24 0 6
460
461
462
463
464
465
570254.2314285618 4135727.402857134 -7407.127142880722
570336.9928571304 4135808.815714274 -7202.964285745061
570419.754285702 4135890.228571417 -6998.801428601669
570502.5157142971 4135971.641428583 -6794.638571400499
570585.2771428691 4136053.054285726 -6590.475714256359
570668.0385714378 4136134.467142866 -6386.312857120083
1 25 0 5
466
467
468
469
470
570870.6616667067 4136333.788333373 -6014.01499994397
570990.5233332932 4136451.696666627 -5845.880000056325
571110.3849999995 4136569.605 -5677.745000000622
571230.2466667063 4136687.513333372 -5509.609999944385
571350.1083332932 4136805.421666627 -5341.475000056207
1 26 0 18
471
472
473
474
475
476
477
478
479
480
481
482
483
484
485
486
487
488
571273.6589474023 4137002.87210525 -5300.381578925482
571077.3478947926 4137082.414210504 -5427.423157858681
570881.0368421939 4137161.956315754 -5554.464736784724
570684.7257894867 4137241.498421047 -5681.506315781056
570488.4147368537 4137321.040526311 -5808.547894729337
570292.1036841359 4137400.582631609 -5935.589473732439
570095.7926315172 4137480.124736867 -6062.631052671534
569899.4815789245 4137559.666842115 -6189.672631593782
569703.1705262866 4137639.20894738 -6316.714210545217
569506.8594737159 4137718.751052618 -6443.755789453186
569310.5484210778 4137798.293157884 -6570.79736840481
569114.2373684847 4137877.835263132 -6697.838947327238
568917.9263158657 4137957.37736839 -6824.880526266435
568721.6152631477 4138036.919473688 -6951.922105269739
568525.3042105144 4138116.461578952 -7078.963684218243
568328.9931578069 4138196.003684246 -7206.005263214714
568132.6821052079 4138275.545789496 -7333.046842141015
567936.3710525979 4138355.08789475 -7460.088421074484
1 27 0 15
489
490
491
492
493
494
495
496
497
498
499
500
501
502
503
567928.2312499952 4138295.958125004 -7499.318750002287
568116.4025000032 4138157.286249998 -7411.507499998504
568304.5737499982 4138018.614375001 -7323.696250000836
568492.7449999934 4137879.942500005 -7235.885000003123
568680.9162499885 4137741.270625008 -7148.07375000541
568869.0874999836 4137602.598750012 -7060.262500007697
569057.2587499914 4137463.926875006 -6972.451250004002
569245.4299999867 4137325.25500001 -6884.640000006268
569433.6012499819 4137186.583125013 -6796.828750008489
569621.77249999 4137047.911250007 -6709.017500004706
569809.9437499852 4136909.239375011 -6621.206250006927
569998.1149999804 4136770.567500014 -6533.39500000917
570186.2862499757 4136631.895625018 -6445.583750011391
570374.4574999709 4136493.223750021 -6357.772500013612
570562.6287500048 4136354.551874996 -6269.961249997778
1 28 0 7
504
505
506
507
508
509
510
566760.3312499991 4143827.849999999 -3960.81750000539
566797.9025000001 4143864.1 -3740.63499999934
566835.4737500011 4143900.350000001 -3520.452499993711
566873.0449999996 4143936.6 -3300.270000002354
566910.6162499982 4143972.849999998 -3080.087500009989
566948.1874999994 4144009.1 -2859.905000003266
566985.7587500006 4144045.350000001 -2639.722499995955
1 29 0 10
511
512
513
514
515
516
517
518
519
520
567087.4836363661 4144143.498181821 -2208.23090908287
567151.6372727408 4144205.39636365 -1996.921818137107
567215.7909091003 4144267.294545464 -1785.612727241818
567279.9445454619 4144329.19272728 -1574.30363633939
567344.0981818235 4144391.090909096 -1362.994545437026
567408.2518181716 4144452.989090899 -1151.685454579265
567472.4054545335 4144514.887272716 -940.3763636757324
567536.5590908955 4144576.785454532 -729.0672727723133
567600.7127272587 4144638.68363635 -517.7581818644512
567664.8663636337 4144700.581818179 -306.4490909178576
1 30 0 17
521
522
523
524
525
526
527
528
529
530
531
532
533
534
535
536
537
567673.1166666683 4144708.542222224 -322.1322222153565
567617.2133333251 4144654.604444436 -549.1244444780815
567561.3100000051 4144600.666666672 -776.116666646083
567505.4066666523 4144546.728888875 -1003.108888947264
567449.5033333488 4144492.791111126 -1230.10111104848
567393.599999996 4144438.853333329 -1457.093333349661
567337.6966666761 4144384.915555565 -1684.085555517461
567281.7933333329 4144330.977777777 -1911.077777779942
567225.8900000012 4144277.040000001 -2138.069999995062
567169.9866666694 4144223.102222225 -2365.062222211198
567114.0833333258 4144169.164444437 -2592.054444474846
567058.1800000056 4144115.226666672 -2819.046666643711
567002.2766666526 4144061.288888875 -3046.038888945987
566946.3733333488 4144007.351111126 -3273.031111048394
566890.4699999958 4143953.413333329 -3500.023333350741
566834.5666666755 4143899.475555564 -3727.01555551972
566778.6633333319 4143845.537777776 -3954.007777783315
1 31 0 2
538
539
567162.7299999896 4144216.093333323 -1995.820000031749
567093.0300000106 4144148.846666677 -2207.679999967725
1 32 0 30
540
541
542
543
544
545
546
547
548
549
550
551
552
553
554
555
556
557
558
559
560
561
562
563
564
565
566
567
568
569
567046.4503225917 4143899.439677333 -2586.23645169264
567069.5706451752 4143717.279354729 -2752.932903325899
567092.6909677412 4143535.119032264 -2919.629354833174
567115.81129031 4143352.958709776 -3086.325806361384
567138.9316129014 4143170.798387111 -3253.022258051843
567162.0519354931 4142988.638064443 -3419.718709744358
567185.1722580788 4142806.477741823 -3586.415161393468
567208.2925806448 4142624.317419358 -3753.111612900661
567231.4129032118 4142442.157096885 -3919.808064414972
567254.5332258031 4142259.99677422 -4086.504516104711
567277.6535483944 4142077.836451555 -4253.200967795339
567300.7738709823 4141895.676128917 -4419.897419460237
567323.894193548 4141713.515806455 -4586.593870965113
567347.0145161136 4141531.355483992 -4753.290322469432
567370.1348387037 4141349.195161337 -4919.98677415049
567393.2551612954 4141167.034838669 -5086.683225843261
567416.3754838856 4140984.874516014 -5253.37967752471
567439.4958064512 4140802.714193552 -5420.076129029243
567462.616129017 4140620.553871088 -5586.77258053494
567485.7364516049 4140438.39354845 -5753.469032200248
567508.8567741964 4140256.233225784 -5920.165483891179
567531.9770967878 4140074.072903119 -6086.861935581363
567555.0974193548 4139891.912580646 -6253.558387096166
567578.2177419208 4139709.75225818 -6420.254838603578
567601.3380645065 4139527.59193556 -6586.951290253262
567624.4583870983 4139345.431612891 -6753.647741946274
567647.5787096898 4139163.271290225 -6920.344193637171
567670.6990322587 4138981.110967737 -7087.040645165792
567693.8193548247 4138798.950645271 -7253.737096673399
567716.9396774083 4138616.790322668 -7420.433548307069
1 33 0 33
570
571
572
573
574
575
576
577
578
579
580
581
582
583
584
585
586
587
588
589
590
591
592
593
594
595
596
597
598
599
600
601
602
567725.1297058874 4138606.650882296 -7416.44852946837
567710.1994117667 4138778.671764683 -7245.767058845962
567695.2691176472 4138950.692647058 -7075.085588235781
567680.338823533 4139122.71352937 -6904.404117688163
567665.4085294125 4139294.734411757 -6733.722647065863
567650.4782352941 4139466.755294118 -6563.041176470402
567635.5479411766 4139638.77617647 -6392.359705882935
567620.617647059 4139810.797058822 -6221.678235295345
567605.6873529414 4139982.817941174 -6050.996764707756
567590.7570588238 4140154.838823527 -5880.315294120108
567575.8267647061 4140326.859705881 -5709.633823530521
567560.8964705877 4140498.880588241 -5538.952352934935
567545.9661764671 4140670.901470629 -5368.270882312785
567531.0358823533 4140842.922352938 -5197.589411767774
567516.1055882338 4141014.943235312 -5026.907941158887
567501.1752941132 4141186.964117699 -4856.226470536608
567486.2450000005 4141358.984999996 -4685.545000003995
567471.3147058876 4141531.005882293 -4514.863529470876
567456.3844117669 4141703.026764681 -4344.182058848179
567441.4541176474 4141875.047647055 -4173.500588238784
567426.5238235336 4142047.068529365 -4002.819117693477
567411.5935294129 4142219.089411753 -3832.137647070751
567396.6632352945 4142391.110294113 -3661.45617647469
567381.7329411767 4142563.131176468 -3490.774705884663
567366.8026470591 4142735.152058821 -3320.093235296616
567351.8723529414 4142907.172941174 -3149.411764708451
567336.9420588238 4143079.193823527 -2978.730294120433
567322.0117647062 4143251.214705879 -2808.048823532387
567307.0814705879 4143423.23558824 -2637.367352936317
567292.1511764672 4143595.256470628 -2466.685882313594
567277.220882353 4143767.27735294 -2296.004411765501
567262.2905882335 4143939.298235316 -2125.322941154835
567247.3602941128 4144111.319117703 -1954.641470532117
1 34 0 6
603
604
605
606
607
608
574012.7528571368 4139424.668571423 -3247.8028571561
573918.5757142784 4139332.02714285 -3451.965714301543
573824.3985714337 4139239.385714291 -3656.128571417286
573730.2214285672 4139146.74428571 -3860.291428580585
573636.0442857223 4139054.102857151 -4064.454285696828
573541.8671428636 4138961.461428578 -4268.617142843085
1 35 0 6
609
610
611
612
613
614
573393.4671428634 4138815.480000006 -4252.604285739846
573339.2442857171 4138762.140000003 -4032.428571440303
573285.0214285661 4138708.799999995 -3812.252857121368
573230.7985714345 4138655.460000006 -3592.077142881069
573176.5757142832 4138602.119999997 -3371.901428561249
573122.3528571367 4138548.779999994 -3151.725714260891
1 36 0 5
615
616
617
618
619
573241.2633331937 4138665.751666529 -2950.231666651595
573414.3966668064 4138836.063333471 -2968.913333348406
573587.53 4139006.375 -2987.594999999999
573760.6633331936 4139176.686666529 -3006.276666651592
573933.7966668063 4139346.998333471 -3024.958333348404
1 37 0 35
620
621
622
623
624
625
626
627
628
629
630
631
632
633
634
635
636
637
638
639
640
641
642
643
644
645
646
647
648
649
650
651
652
653
654
573284.4819444054 4139028.32972226 -4372.364722198202
573121.2738888338 4139187.839444498 -4271.949444410599
572958.0658332348 4139347.349166763 -4171.53416660608
572794.8577776402 4139506.858889023 -4071.118888804267
572631.6497220466 4139666.368611283 -3970.703611003044
572468.4416664698 4139825.878333526 -3870.288333212223
572305.2336108753 4139985.388055786 -3769.87305541049
572142.025555357 4140144.897777972 -3669.457777655627
571978.8174998289 4140304.407500167 -3569.042499894754
571815.6094442627 4140463.9172224 -3468.627222110454
571652.4013887444 4140623.426944586 -3368.211944355569
571489.193333226 4140782.936666771 -3267.796666600711
571325.9852776662 4140942.446388998 -3167.381388820303
571162.7772221318 4141101.956111199 -3066.96611105557
570999.5691666136 4141261.465833385 -2966.550833300706
570836.3611110824 4141420.975555583 -2866.135555537925
570673.1530555194 4141580.485277813 -2765.72027775557
570509.9450000011 4141739.994999999 -2665.305000000721
570346.7369444827 4141899.504722185 -2564.889722245784
570183.5288889195 4142059.014444415 -2464.474444463313
570020.3208333881 4142218.524166613 -2364.059166700418
569857.1127778697 4142378.033888799 -2263.643888945472
569693.9047223352 4142537.543611001 -2163.228611180637
569530.6966667752 4142697.053333227 -2062.813333400106
569367.4886112567 4142856.563055413 -1962.398055645156
569204.2805557383 4143016.072777599 -1861.982777890202
569041.072500172 4143175.582499832 -1761.567500105822
568877.8644446437 4143335.092222027 -1661.152222344875
568714.6563891253 4143494.601944213 -1560.736944589922
568551.4483335307 4143654.111666474 -1460.321666788103
568388.2402779537 4143813.621388717 -1359.906388997157
568225.0322223599 4143973.131110976 -1259.491111195868
568061.8241667653 4144132.640833237 -1159.075833394054
567898.6161111662 4144292.150555502 -1058.660555589498
567735.4080555945 4144451.66027774 -958.2452778018201
1 38 0 33
655
656
657
658
659
660
661
662
663
664
665
666
667
668
669
670
671
672
673
674
675
676
677
678
679
680
681
682
683
684
685
686
687
567733.845000011 4144431.295588223 -918.8217647100549
567895.4900000446 4144251.421176421 -979.8135294285947
568057.1350000001 4144071.546764706 -1040.80529411772
568218.7799999237 4143891.672353026 -1101.79705879475
568380.4249998947 4143711.797941294 -1162.788823489708
568542.0699999058 4143531.923529516 -1223.780588199761
568703.7149999319 4143352.049117723 -1284.772352915468
568865.3599999704 4143172.174705915 -1345.764117635892
569027.005000009 4142992.300294108 -1406.755882356329
569188.6499999936 4142812.42588236 -1467.747647056422
569350.2949999046 4142632.551470694 -1528.739411728724
569511.9399999231 4142452.677058909 -1589.7311764416
569673.5849999667 4142272.802647096 -1650.722941163921
569835.2299999871 4142092.928235308 -1711.714705877459
569996.8750000199 4141913.053823507 -1772.706470595772
570158.520000041 4141733.179411719 -1833.698235309591
570320.1649999996 4141553.305000001 -1894.689999999829
570481.809999958 4141373.430588282 -1955.681764690069
570643.4549999792 4141193.556176494 -2016.673529403917
570805.1000000122 4141013.681764692 -2077.66529412226
570966.7450000326 4140833.807352905 -2138.657058835822
571128.3900000761 4140653.932941092 -2199.648823558163
571290.0350000948 4140474.058529306 -2260.640588271069
571451.6800000059 4140294.18411764 -2321.632352943401
571613.3249999906 4140114.309705893 -2382.62411764351
571774.9700000292 4139934.435294085 -2443.615882363952
571936.6150000677 4139754.560882277 -2504.60764708439
572098.2600000938 4139574.686470484 -2565.599411800126
572259.905000105 4139394.812058707 -2626.591176510201
572421.5500000761 4139214.937646974 -2687.582941205178
572583.1949999997 4139035.063235295 -2748.574705882229
572744.8399999553 4138855.188823579 -2809.566470571375
572906.4849999889 4138675.314411777 -2870.558235289935
1 39 0 6
688
689
690
691
692
693
573122.3528571365 4138548.779999994 -3151.72571426012
573176.5757142828 4138602.119999997 -3371.901428559583
573230.7985714339 4138655.460000005 -3592.07714287854
573285.0214285655 4138708.799999994 -3812.252857118862
573339.2442857168 4138762.140000002 -4032.428571438704
573393.4671428632 4138815.480000006 -4252.604285739301
1 40 0 35
694
695
696
697
698
699
700
701
702
703
704
705
706
707
708
709
710
711
712
713
714
715
716
717
718
719
720
721
722
723
724
725
726
727
728
567735.4080555945 4144451.66027774 -958.2452778017597
567898.616111166 4144292.150555502 -1058.660555589345
568061.824166765 4144132.640833237 -1159.075833393824
568225.0322223594 4143973.131110977 -1259.491111195578
568388.2402779531 4143813.621388718 -1359.90638899678
568551.4483335299 4143654.111666474 -1460.321666787615
568714.6563891243 4143494.601944214 -1560.736944589359
568877.8644446427 4143335.092222028 -1661.152222344212
569041.0725001707 4143175.582499833 -1761.567500105074
569204.2805557369 4143016.0727776 -1861.982777889384
569367.4886112553 4142856.563055415 -1962.398055644273
569530.6966667735 4142697.053333229 -2062.81333339912
569693.9047223334 4142537.543611002 -2163.228611179531
569857.1127778677 4142378.033888801 -2263.643888944282
570020.320833386 4142218.524166615 -2364.05916669914
570183.5288889173 4142059.014444416 -2464.47444446192
570346.7369444802 4141899.504722187 -2564.889722244286
570509.9449999986 4141739.995000001 -2665.304999999174
570673.1530555171 4141580.485277815 -2765.720277754149
570836.3611110803 4141420.975555586 -2866.135555536618
570999.5691666116 4141261.465833387 -2966.550833299529
571162.7772221301 4141101.956111201 -3066.966111054478
571325.9852776646 4140942.446388999 -3167.381388819318
571489.1933332246 4140782.936666773 -3267.796666599851
571652.4013887432 4140623.426944587 -3368.211944354805
571815.6094442616 4140463.917222401 -3468.627222109762
571978.8174998279 4140304.407500168 -3569.042499894146
572142.0255553561 4140144.897777973 -3669.457777655095
572305.2336108745 4139985.388055786 -3769.873055410052
572468.4416664692 4139825.878333526 -3870.288333211874
572631.6497220462 4139666.368611283 -3970.703611002823
572794.85777764 4139506.858889023 -4071.118888804116
572958.0658332346 4139347.349166763 -4171.534166605934
573121.2738888337 4139187.839444498 -4271.949444410508
573284.4819444054 4139028.32972226 -4372.364722198182
1 41 0 37
729
730
731
732
733
734
735
736
737
738
739
740
741
742
743
744
745
746
747
748
749
750
751
752
753
754
755
756
757
758
759
760
761
762
763
764
765
573297.1986841969 4139023.916315803 -4357.578947358085
573146.7073684209 4139179.012631579 -4242.377894736793
572996.2160526265 4139334.108947373 -4127.176842101387
572845.7247368504 4139489.205263149 -4011.975789480039
572695.2334210546 4139644.301578945 -3896.774736843648
572544.742105252 4139799.397894748 -3781.573684201988
572394.2507894734 4139954.494210526 -3666.372631578765
572243.7594736741 4140109.590526326 -3551.171578939654
572093.2681578981 4140264.686842102 -3435.97052631836
571942.7768421036 4140419.783157896 -3320.769473682977
571792.2855263276 4140574.879473672 -3205.568421061682
571641.7942105283 4140729.975789472 -3090.367368422524
571491.3028947496 4140885.07210525 -2975.166315799271
571340.8115789469 4141040.168421053 -2859.965263157588
571190.3202631512 4141195.264736849 -2744.764210521181
571039.8289473752 4141350.361052624 -2629.563157899892
570889.3376315807 4141505.457368419 -2514.362105264511
570738.8463158045 4141660.553684195 -2399.161052643137
570588.3550000016 4141815.649999998 -2283.960000001259
570437.8636841985 4141970.746315802 -2168.758947359237
570287.3723684222 4142125.842631578 -2053.557894737743
570136.8810526277 4142280.938947372 -1938.356842102306
569986.3897368514 4142436.035263148 -1823.155789480818
569835.8984210555 4142591.131578944 -1707.954736844341
569685.4071052526 4142746.227894748 -1592.753684202487
569534.9157894739 4142901.324210526 -1477.552631579089
569384.4244736744 4143056.420526326 -1362.351578939835
569233.933157898 4143211.516842102 -1247.150526318348
569083.4418421036 4143366.613157896 -1131.949473682912
568932.9505263272 4143521.709473672 -1016.748421061424
568782.4592105278 4143676.805789472 -901.5473684221702
568631.967894749 4143831.90210525 -786.3463157987721
568481.4765789461 4143986.998421054 -671.1452631569196
568330.9852631502 4144142.09473685 -555.9442105204407
568180.4939473739 4144297.191052626 -440.7431578989535
568030.0026315794 4144452.287368421 -325.5421052635211
567879.511315803 4144607.383684197 -210.3410526419975
1 42 0 3
766
767
768
567689.8150000018 4144724.652500002 -285.8124999912831
567650.6100000002 4144686.825 -476.4849999990787
567611.4049999984 4144648.997499998 -667.1575000078698
1 43 0 9
769
770
771
772
773
774
775
776
777
574798.1309999947 4140197.252999995 -1732.185000021876
574850.0720000054 4140248.346000005 -1513.60999997685
574902.0129999937 4140299.438999994 -1295.035000025948
574953.954000004 4140350.532000004 -1076.459999983139
575005.894999999 4140401.624999999 -857.8850000040368
575057.8359999944 4140452.717999994 -639.310000023368
575109.7770000051 4140503.811000005 -420.7349999785131
575161.7179999939 4140554.903999994 -202.1600000255642
575213.659000005 4140605.997000005 16.41500002123598
1 44 0 34
778
779
780
781
782
783
784
785
786
787
788
789
790
791
792
793
794
795
796
797
798
799
800
801
802
803
804
805
806
807
808
809
810
811
575050.2691428073 4140774.38685717 225.5577142835353
574834.9382856323 4140891.68371433 216.1254285678376
574619.6074285335 4141008.980571449 206.693142855482
574404.2765714347 4141126.277428568 197.2608571431265
574188.9457143008 4141243.574285706 187.8285714292371
573973.614857202 4141360.871142825 178.3962857168815
573758.2840001034 4141478.167999944 168.9640000045259
573542.9531429282 4141595.464857104 159.5317142888282
573327.6222857531 4141712.761714264 150.0994285731305
573112.291428543 4141830.058571444 140.6671428558989
572896.9605713679 4141947.355428604 131.2348571402011
572681.6297142692 4142064.652285723 121.8025714278456
572466.2988571704 4142181.949142842 112.37028571549
572250.9680000505 4142299.245999972 102.9380000022141
572035.6371429377 4142416.542857099 93.50571428924502
571820.3062857627 4142533.839714259 84.07342857354729
571604.9754285875 4142651.13657142 74.64114285784956
571389.6445714125 4142768.43342858 65.2088571421518
571174.3137142374 4142885.73028574 55.77657142645398
570958.9828570622 4143003.027142901 46.3442857107562
570743.6519999495 4143120.324000027 36.91199999778701
570528.3211428297 4143237.620857158 27.47971428451106
570312.9902857309 4143354.917714277 18.04742857215538
570097.6594286321 4143472.214571395 8.615142859799789
569882.328571457 4143589.511428556 -0.8171428558980551
569666.9977142469 4143706.808285736 -10.24942857312973
569451.6668570718 4143824.105142896 -19.68171428882749
569236.3359998967 4143941.402000056 -29.11400000452534
569021.0051427979 4144058.698857175 -38.54628571688096
568805.6742856991 4144175.995714294 -47.97857142923664
568590.3434285653 4144293.292571432 -57.41085714312612
568375.0125714665 4144410.589428551 -66.8431428554818
568159.6817143677 4144527.88628567 -76.27542856783742
567944.3508571927 4144645.18314283 -85.70771428353527
1 45 0 34
812
813
814
815
816
817
818
819
820
821
822
823
824
825
826
827
828
829
830
831
832
833
834
835
836
837
838
839
840
841
842
843
844
845
567929.5105714885 4144630.585142818 -148.1577143015633
568130.0011428493 4144498.690285719 -201.1754285693611
568330.4917143843 4144366.795428507 -254.1931428832176
568530.9822856986 4144234.900571439 -307.2108571387241
568731.4728572441 4144103.005714219 -360.2285714553214
568931.9634285932 4143971.110857129 -413.2462857200419
569132.4540000977 4143839.215999936 -466.2640000258214
569332.9445715075 4143707.321142805 -519.2817143065824
569533.4351428673 4143575.426285707 -572.2994285741207
569733.9257143543 4143443.531428526 -625.3171428752836
569934.4162857166 4143311.636571427 -678.3348571434772
570134.9068572244 4143179.741714232 -731.3525714501286
570335.3974285625 4143047.846857149 -784.3702857119317
570535.8880000148 4142915.95199999 -837.3880000039145
570736.3785714607 4142784.057142836 -890.4057142942238
570936.8691428775 4142652.162285701 -943.4234285768152
571137.3597143374 4142520.267428537 -996.4411428708011
571337.8502856618 4142388.372571463 -1049.458857128983
571538.3408571217 4142256.4777143 -1102.476571422982
571738.8314285385 4142124.582857165 -1155.494285705586
571939.3219999844 4141992.68800001 -1208.511999995908
572139.8125714369 4141860.793142852 -1261.529714287907
572340.3031427751 4141728.898285768 -1314.547428549725
572540.7937142828 4141597.003428573 -1367.565142856389
572741.2842856452 4141465.108571474 -1420.582857124595
572941.7748571322 4141333.213714293 -1473.600571425771
573142.2654284921 4141201.318857195 -1526.618285693322
573342.755999902 4141069.424000064 -1579.635999974096
573543.2465714065 4140937.529142872 -1632.653714279888
573743.7371427558 4140805.634285781 -1685.671428544622
573944.2277143011 4140673.739428561 -1738.689142861235
574144.7182856156 4140541.844571494 -1791.706857116752
574345.2088571505 4140409.949714281 -1844.724571430618
574545.6994285114 4140278.054857182 -1897.742285698426
1 46 0 5
846
847
848
849
850
574213.4733332737 4139622.118333274 -2861.493333435447
574320.0166666283 4139726.926666629 -2679.346666732312
574426.5599999995 4139831.734999999 -2497.20000000085
574533.1033333711 4139936.543333371 -2315.053333268662
574639.6466667261 4140041.351666725 -2132.906666565066
1 47 0 34
851
852
853
854
855
856
857
858
859
860
861
862
863
864
865
866
867
868
869
870
871
872
873
874
875
876
877
878
879
880
881
882
883
884
574545.6994285114 4140278.054857182 -1897.742285698435
574345.2088571506 4140409.949714281 -1844.724571430635
574144.7182856157 4140541.844571494 -1791.706857116782
573944.2277143013 4140673.739428561 -1738.68914286127
573743.7371427559 4140805.634285781 -1685.671428544675
573543.2465714067 4140937.529142871 -1632.65371427996
573342.7559999023 4141069.424000064 -1579.635999974179
573142.2654284925 4141201.318857195 -1526.618285693416
572941.7748571327 4141333.213714292 -1473.600571425884
572741.2842856457 4141465.108571474 -1420.582857124722
572540.7937142833 4141597.003428573 -1367.565142856517
572340.3031427755 4141728.898285768 -1314.547428549869
572139.8125714374 4141860.793142851 -1261.529714288075
571939.3219999851 4141992.68800001 -1208.511999996087
571738.8314285392 4142124.582857164 -1155.49428570577
571538.3408571224 4142256.477714299 -1102.476571423188
571337.8502856627 4142388.372571463 -1049.458857129204
571137.3597143382 4142520.267428537 -996.4411428710167
570936.8691428782 4142652.1622857 -943.4234285770183
570736.3785714614 4142784.057142836 -890.4057142944141
570535.8880000155 4142915.95199999 -837.3880000040917
570335.3974285631 4143047.846857148 -784.3702857120929
570134.9068572249 4143179.741714232 -731.3525714502757
569934.4162857172 4143311.636571427 -678.3348571436115
569733.9257143547 4143443.531428526 -625.3171428754058
569533.4351428677 4143575.426285707 -572.2994285742291
569332.9445715079 4143707.321142805 -519.2817143066784
569132.4540000979 4143839.215999936 -466.2640000259046
568931.9634285935 4143971.110857128 -413.2462857201122
568731.4728572442 4144103.005714219 -360.2285714553782
568530.9822856989 4144234.900571439 -307.2108571387648
568330.4917143844 4144366.795428507 -254.1931428832481
568130.0011428494 4144498.690285719 -201.1754285693826
567929.5105714885 4144630.585142818 -148.1577143015741
1 48 0 35
885
886
887
888
889
890
891
892
893
894
895
896
897
898
899
900
901
902
903
904
905
906
907
908
909
910
911
912
913
914
915
916
917
918
919
567906.1841666837 4144616.780833319 -177.0427777856416
568083.3483333674 4144471.081666639 -258.9455555712792
568260.5124999759 4144325.38250002 -340.8483333221826
568437.676666689 4144179.683333315 -422.751111121427
568614.8408333203 4144033.984166678 -504.6538888828389
568792.0050000279 4143888.284999977 -586.5566666795957
568969.1691666325 4143742.585833361 -668.4594444286398
569146.3333333161 4143596.886666681 -750.3622222142737
569323.4974999998 4143451.1875 -832.2649999999077
569500.6616666889 4143305.488333315 -914.1677777880137
569677.8258333779 4143159.78916663 -996.0705555761195
569854.9899999877 4143014.09000001 -1077.973333327636
570032.1541666915 4142868.390833313 -1159.876111122539
570209.3183333173 4142722.69166668 -1241.77888888147
570386.4825000197 4142576.992499984 -1323.681666675755
570563.6466666335 4142431.29333336 -1405.584444429125
570740.8108333226 4142285.594166676 -1487.487222217231
570917.9750000116 4142139.894999991 -1569.390000005342
571095.1391667008 4141994.195833305 -1651.292777793514
571272.3033333899 4141848.49666662 -1733.195555581691
571449.467499996 4141702.797500004 -1815.098333331425
571626.6316666824 4141557.098333321 -1897.001111118366
571803.7958333085 4141411.399166687 -1978.903888877368
571980.9600000123 4141265.69999999 -2060.806666672343
572158.1241666223 4141120.00083337 -2142.709444423921
572335.2883333113 4140974.301666685 -2224.612222212028
572512.4525000004 4140828.6025 -2306.515000000134
572689.616666684 4140682.903333319 -2388.417777785769
572866.7808333676 4140537.204166639 -2470.320555571403
573043.9449999721 4140391.505000023 -2552.223333320447
573221.1091666799 4140245.805833322 -2634.126111117204
573398.2733333111 4140100.106666685 -2716.028888878607
573575.4375000242 4139954.40749998 -2797.931666677835
573752.6016666327 4139808.708333361 -2879.834444428733
573929.7658333164 4139663.009166681 -2961.737222214367
1 49 0 5
920
921
922
923
924
574639.6466667263 4140041.351666726 -2132.906666564597
574533.1033333718 4139936.543333371 -2315.053333267458
574426.5600000005 4139831.735000001 -2497.199999999018
574320.0166666289 4139726.92666663 -2679.346666731338
574213.473333274 4139622.118333275 -2861.493333434731
1 50 0 14
925
926
927
928
929
930
931
932
933
934
935
936
937
938
574184.1746666507 4139593.295333317 -2825.064666711853
574261.4193333547 4139669.280666688 -2606.489333273187
574338.6639999826 4139745.265999983 -2387.914000049109
574415.9086666744 4139821.251333341 -2169.338666644872
574493.1533333356 4139897.236666669 -1950.763333326812
574570.3979999906 4139973.221999991 -1732.188000026486
574647.6426666861 4140049.207333352 -1513.612666611647
574724.8873333117 4140125.192666645 -1295.037333394383
574802.1320000076 4140201.178000007 -1076.461999978531
574879.3766666627 4140277.163333329 -857.8866666777149
574956.6213333246 4140353.148666658 -639.311333357989
575033.8660000165 4140429.134000016 -420.7359999533146
575111.1106666446 4140505.119333311 -202.1606667288097
575188.355333349 4140581.104666682 16.41466671110265
1 51 0 9
939
940
941
942
943
944
945
946
947
575213.6590000053 4140605.997000005 16.4150000224443
575161.7179999945 4140554.903999995 -202.1600000230859
575109.7770000059 4140503.811000006 -420.7349999747308
575057.8359999956 4140452.717999996 -639.3100000182818
575005.8950000006 4140401.625 -857.884999997367
574953.9540000053 4140350.532000005 -1076.459999977755
574902.0129999947 4140299.438999995 -1295.035000022329
574850.0720000059 4140248.346000006 -1513.609999974998
574798.1309999948 4140197.252999995 -1732.185000021517
1 52 0 16
948
949
950
951
952
953
954
955
956
957
958
959
960
961
962
963
572213.8176470585 4137655.055294117 -7317.883529414359
572238.4952941176 4137679.330588235 -7080.51705882393
572263.1729411749 4137703.605882351 -6843.150588250626
572287.8505882345 4137727.88117647 -6605.784117654825
572312.5282352922 4137752.156470586 -6368.417647077292
572337.2058823514 4137776.431764704 -6131.05117648613
572361.8835294102 4137800.707058822 -5893.684705896881
572386.5611764697 4137824.98235294 -5656.318235303381
572411.2388235293 4137849.257647058 -5418.95176470714
572435.9164705888 4137873.532941177 -5181.585294112912
572460.594117648 4137897.808235295 -4944.218823521238
572485.2717647071 4137922.083529413 -4706.852352929831
572509.9494117651 4137946.358823529 -4469.485882349871
572534.6270588248 4137970.634117648 -4232.119411753405
572559.3047058822 4137994.909411764 -3994.752941178429
572583.9823529414 4138019.184705882 -3757.386470586689
1 53 0 25
964
965
966
967
968
969
970
971
972
973
974
975
976
977
978
979
980
981
982
983
984
985
986
987
988
572421.4061538653 4138058.504999998 -3676.447307676314
572234.152307722 4138073.549999997 -3832.874615359822
572046.8984615819 4138088.594999996 -3989.30192304065
571859.644615441 4138103.639999995 -4145.729230722134
571672.3907693037 4138118.684999994 -4302.15653840071
571485.1369231548 4138133.729999993 -4458.58384608885
571297.8830769944 4138148.774999994 -4615.011153786557
571110.6292308272 4138163.819999995 -4771.438461490016
570923.375384664 4138178.864999996 -4927.865769190192
570736.1215384975 4138193.909999997 -5084.293076893078
570548.867692332 4138208.954999998 -5240.720384595099
570361.6138461631 4138223.999999999 -5397.147692299997
570174.3600000027 4138239.045 -5553.574999997816
569987.1061538418 4138254.09 -5710.002307695921
569799.8523076726 4138269.135000002 -5866.429615401116
569612.5984615065 4138284.180000002 -6022.856923103629
569425.3446153397 4138299.225000003 -6179.284230806823
569238.090769176 4138314.270000004 -6335.711538507335
569050.8369230083 4138329.315000006 -6492.138846211226
568863.5830768476 4138344.360000006 -6648.566153909258
568676.3292306983 4138359.405000005 -6804.993461597717
568489.0753845604 4138374.450000004 -6961.420769276724
568301.8215384191 4138389.495000003 -7117.848076958559
568114.5676922788 4138404.540000002 -7274.275384639639
567927.313846135 4138419.585000001 -7430.702692323395
1 54 0 18
989
990
991
992
993
994
995
996
997
998
999
1000
1001
1002
1003
1004
1005
1006
567974.222105269 4138392.322105262 -7585.452105263117
568208.3842105338 4138350.014210525 -7583.774210526263
568442.5463157865 4138307.70631579 -7582.096315789495
568676.7084210474 4138265.398421053 -7580.418421052669
568910.8705263272 4138223.090526314 -7578.740526315708
569145.0326316078 4138180.782631574 -7577.06263157874
569379.1947368539 4138138.47473684 -7575.38473684202
569613.3568421091 4138096.166842104 -7573.706842105236
569847.5189473897 4138053.858947365 -7572.028947368269
570081.6810526544 4138011.551052627 -7570.351052631416
570315.843157891 4137969.243157895 -7568.673157894764
570550.0052631461 4137926.93526316 -7566.99526315798
570784.1673683922 4137884.627368426 -7565.31736842126
571018.3294736729 4137842.319473686 -7563.639473684292
571252.4915789526 4137800.011578946 -7561.961578947331
571486.6536842135 4137757.70368421 -7560.283684210505
571720.8157894663 4137715.395789475 -7558.605789473737
571954.9778947311 4137673.087894738 -7556.927894736883
1 55 0 16
1007
1008
1009
1010
1011
1012
1013
1014
1015
1016
1017
1018
1019
1020
1021
1022
572583.9823529414 4138019.184705882 -3757.386470585749
572559.3047058824 4137994.909411765 -3994.75294117603
572534.6270588252 4137970.634117648 -4232.119411749139
572509.9494117656 4137946.35882353 -4469.485882344919
572485.2717647078 4137922.083529414 -4706.852352923179
572460.5941176488 4137897.808235296 -4944.218823513573
572435.9164705897 4137873.532941178 -5181.585294103775
572411.2388235304 4137849.25764706 -5418.951764696631
572386.5611764707 4137824.982352941 -5656.318235292758
572361.8835294113 4137800.707058823 -5893.68470588763
572337.2058823522 4137776.431764705 -6131.051176478017
572312.5282352929 4137752.156470587 -6368.417647070733
572287.850588235 4137727.88117647 -6605.78411765017
572263.1729411753 4137703.605882352 -6843.150588246512
572238.4952941178 4137679.330588235 -7080.517058821872
572213.8176470587 4137655.055294117 -7317.883529412978
1 56 0 10
1023
1024
1025
1026
1027
1028
1029
1030
1031
1032
572123.7609090836 4137566.466363629 -7338.712727248475
572058.3818181846 4137502.152727275 -7122.175454554749
571993.0027272905 4137437.839090927 -6905.638181876877
571927.6236363606 4137373.525454542 -6689.10090908082
571862.244545444 4137309.211818171 -6472.563636328807
571796.8654545572 4137244.89818183 -6256.026363675589
571731.4863636404 4137180.584545459 -6039.489090922494
571666.1072727103 4137116.270909074 -5822.951818125823
571600.7281818157 4137051.957272725 -5606.414545446349
571535.3490909166 4136987.643636371 -5389.877272752225
1 57 0 9
1033
1034
1035
1036
1037
1038
1039
1040
1041
571583.8389999658 4137035.342999966 -5008.00800004965
571697.7079999865 4137147.355999987 -4842.67600001967
571811.5770000162 4137259.369000016 -4677.343999976472
571925.4460000424 4137371.382000042 -4512.011999938522
572039.3149999994 4137483.395 -4346.680000000965
572153.1839999564 4137595.407999957 -4181.348000063317
572267.052999983 4137707.420999983 -4016.016000024713
572380.9220000129 4137819.434000012 -3850.68399998125
572494.791000034 4137931.447000033 -3685.351999950654
1 58 0 14
1042
1043
1044
1045
1046
1047
1048
1049
1050
1051
1052
1053
1054
1055
570874.6573333035 4136337.718666637 -6004.674666709489
570998.5146667123 4136459.557333378 -5827.19933326813
571122.3719999972 4136581.395999997 -5649.724000004078
571246.2293333096 4136703.234666643 -5472.248666700831
571370.0866667053 4136825.073333371 -5294.773333278059
571493.9439999989 4136946.911999999 -5117.298000001691
571617.8013333008 4137068.750666635 -4939.822666713391
571741.6586666967 4137190.589333363 -4762.347333290304
571865.5159999991 4137312.427999999 -4584.872000001303
571989.373333293 4137434.266666627 -4407.396666724571
572113.230666689 4137556.105333355 -4229.921333301347
572237.0880000019 4137677.944000002 -4052.445999997372
572360.9453332874 4137799.782666621 -3874.970666732648
572484.8026666963 4137921.621333363 -3697.495333291033
1 59 0 9
1056
1057
1058
1059
1060
1061
1062
1063
1064
572494.7910000343 4137931.447000034 -3685.351999950304
572380.9220000134 4137819.434000013 -3850.683999980587
572267.0529999838 4137707.420999984 -4016.016000023573
572153.1839999574 4137595.407999958 -4181.348000061919
572039.3150000008 4137483.395000001 -4346.679999998943
571925.4460000438 4137371.382000043 -4512.011999936425
571811.577000017 4137259.369000017 -4677.343999975277
571697.7079999869 4137147.355999987 -4842.676000018897
571583.8389999659 4137035.342999966 -5008.008000049447
1 60 0 5
1065
1066
1067
1068
1069
571350.1083332933 4136805.421666627 -5341.47500005603
571230.2466667069 4136687.513333373 -5509.609999943675
571110.3850000005 4136569.605 -5677.744999999378
570990.5233332937 4136451.696666628 -5845.880000055615
570870.6616667068 4136333.788333373 -6014.014999943793
1 61 0 3
1070
1071
1072
572953.2625000869 4138382.445000086 -3078.667499888623
572838.3950000003 4138269.45 -3225.784999999637
572723.5274999135 4138156.454999915 -3372.902500110893
1 62 0 21
1073
1074
1075
1076
1077
1078
1079
1080
1081
1082
1083
1084
1085
1086
1087
1088
1089
1090
1091
1092
1093
572497.8786363846 4137934.48409093 -3705.986818146625
572387.0972727693 4137825.508181859 -3891.953636293145
572276.3159090893 4137716.532272726 -4077.92045454816
572165.5345454358 4137607.556363618 -4263.887272758775
572054.7531818111 4137498.580454539 -4449.854090921152
571943.9718181867 4137389.604545459 -4635.820909082812
571833.1904545628 4137280.628636381 -4821.787727243758
571722.4090909099 4137171.652727274 -5007.754545453205
571611.6277272309 4137062.676818141 -5193.721363706545
571500.8463636164 4136953.700909072 -5379.688181851606
571390.065000002 4136844.725000002 -5565.654999996495
571279.283636387 4136735.749090932 -5751.621818142707
571168.5022727725 4136626.773181863 -5937.588636287663
571057.7209090928 4136517.797272729 -6123.555454542288
570946.93954544 4136408.821363622 -6309.522272751696
570836.1581818153 4136299.845454543 -6495.489090913859
570725.376818191 4136190.869545464 -6681.455909075501
570614.5954545655 4136081.893636384 -6867.422727239075
570503.8140909118 4135972.917727276 -7053.389545450011
570393.0327272313 4135863.941818141 -7239.356363706009
570282.2513636156 4135754.965909071 -7425.323181852929
1 63 0 24
1094
1095
1096
1097
1098
1099
1100
1101
1102
1103
1104
1105
1106
1107
1108
1109
1110
1111
1112
1113
1114
1115
1116
1117
570287.3364000015 4135759.968000002 -7424.100399997441
570403.2027999985 4135873.945999999 -7236.910800002423
570519.0691999967 4135987.923999997 -7049.721200005417
570634.935600004 4136101.902000004 -6862.531599993429
570750.8020000063 4136215.880000006 -6675.341999989825
570866.668400005 4136329.858000005 -6488.152399991959
570982.5348000017 4136443.836000002 -6300.962799997392
571098.4012000026 4136557.814000003 -6113.773199995684
571214.2676000098 4136671.79200001 -5926.583599984146
571330.134000021 4136785.770000021 -5739.393999966017
571446.0004000178 4136899.748000018 -5552.204399971239
571561.8668000164 4137013.726000016 -5365.014799973465
571677.7331999792 4137127.703999979 -5177.825200033566
571793.5995999783 4137241.681999979 -4990.635600035039
571909.4659999758 4137355.659999976 -4803.446000039126
572025.3323999876 4137469.637999988 -4616.256400019904
572141.1987999951 4137583.615999995 -4429.066800007855
572257.0651999962 4137697.593999996 -4241.877200006034
572372.9315999931 4137811.571999993 -4054.687600011078
572488.7979999922 4137925.549999992 -3867.498000012726
572604.6643999948 4138039.527999995 -3680.308400008495
572720.5308000023 4138153.506000002 -3493.118799996359
572836.3972000011 4138267.484000001 -3305.929199998208
572952.2635999981 4138381.461999998 -3118.739600003167
1 64 0 14
1118
1119
1120
1121
1122
1123
1124
1125
1126
1127
1128
1129
1130
1131
572484.8026666965 4137921.621333363 -3697.495333290582
572360.9453332878 4137799.782666622 -3874.970666731967
572237.0880000025 4137677.944000002 -4052.445999996411
572113.2306666903 4137556.105333357 -4229.921333299539
571989.3733332948 4137434.266666628 -4407.396666722031
571865.5160000009 4137312.428000001 -4584.871999998835
571741.658666699 4137190.589333365 -4762.347333287116
571617.8013333034 4137068.750666637 -4939.822666709617
571493.9440000013 4136946.912000001 -5117.297999998152
571370.0866667069 4136825.073333373 -5294.773333275731
571246.229333311 4136703.234666645 -5472.248666698726
571122.3719999985 4136581.395999998 -5649.724000002319
570998.5146667128 4136459.557333379 -5827.199333267161
570874.6573333039 4136337.718666638 -6004.674666708916
1 65 0 6
1132
1133
1134
1135
1136
1137
570668.0385714382 4136134.467142866 -6386.312857119392
570585.2771428697 4136053.054285727 -6590.475714254901
570502.515714298 4135971.641428584 -6794.638571398158
570419.7542857028 4135890.228571417 -6998.801428599711
570336.9928571309 4135808.815714274 -7202.964285743756
570254.2314285621 4135727.402857134 -7407.12714288007
1 66 0 21
1138
1139
1140
1141
1142
1143
1144
1145
1146
1147
1148
1149
1150
1151
1152
1153
1154
1155
1156
1157
1158
570282.2513636157 4135754.965909071 -7425.323181852764
570393.0327272316 4135863.941818141 -7239.356363705358
570503.814090912 4135972.917727276 -7053.389545449671
570614.5954545661 4136081.893636384 -6867.422727238059
570725.3768181914 4136190.869545464 -6681.45590907489
570836.158181816 4136299.845454543 -6495.489090912666
570946.9395454406 4136408.821363623 -6309.522272750758
571057.7209090841 4136517.797272721 -6123.55545455688
571168.5022727638 4136626.773181854 -5937.588636302348
571279.2836363785 4136735.749090924 -5751.621818156933
571390.0649999934 4136844.724999994 -5565.655000011062
571500.8463636084 4136953.700909064 -5379.688181865171
571611.6277272238 4137062.676818134 -5193.721363718491
571722.4090909035 4137171.652727267 -5007.754545463931
571833.1904545573 4137280.628636375 -4821.787727252951
571943.971818182 4137389.604545455 -4635.820909090491
572054.753181807 4137498.580454534 -4449.854090927849
572165.5345454329 4137607.556363615 -4263.887272763615
572276.3159090871 4137716.532272724 -4077.92045455189
572387.0972727678 4137825.508181858 -3891.953636295651
572497.8786363839 4137934.484090929 -3705.986818147826
1 67 0 4
1159
1160
1161
1162
571573.850000045 4137025.518000044 -5022.017999934344
571677.7300000008 4137127.706000001 -4870.695999998814
571781.6099999984 4137229.893999998 -4719.374000002292
571885.4899999546 4137332.081999955 -4568.052000066209
1 68 0 21
1163
1164
1165
1166
1167
1168
1169
1170
1171
1172
1173
1174
1175
1176
1177
1178
1179
1180
1181
1182
1183
571796.2195454299 4137479.740909097 -4560.839090927453
571603.0690908731 4137525.21181819 -4704.948181844999
571409.918636343 4137570.682727278 -4849.057272742696
571216.7681818128 4137616.153636365 -4993.166363640327
571023.6177272698 4137661.624545455 -5137.275454547635
570830.4672727304 4137707.095454545 -5281.384545452185
570637.3168181948 4137752.566363633 -5425.493636353977
570444.1663636784 4137798.037272717 -5569.602727241355
570251.0159091508 4137843.508181804 -5713.711818137168
570057.8654545809 4137888.979090901 -5857.82090906451
569864.7150000158 4137934.449999996 -6001.92999998825
569671.5645454503 4137979.920909092 -6146.039090912273
569478.41409088 4138025.391818189 -6290.148181839922
569285.2636363519 4138070.862727276 -6434.257272736003
569092.1131818075 4138116.333636366 -6578.366363644427
568898.9627272716 4138161.804545455 -6722.475454546347
568705.812272732 4138207.275454544 -6866.584545451071
568512.6618181887 4138252.746363635 -7010.693636358552
568319.5113636582 4138298.217272722 -7154.802727256418
568126.3609091277 4138343.68818181 -7298.911818154411
567933.2104545705 4138389.159090903 -7443.02090907225
1 69 0 18
1184
1185
1186
1187
1188
1189
1190
1191
1192
1193
1194
1195
1196
1197
1198
1199
1200
1201
567936.3710525976 4138355.08789475 -7460.088421074597
568132.6821052074 4138275.545789496 -7333.046842141383
568328.993157806 4138196.003684246 -7206.005263215383
568525.3042105134 4138116.461578953 -7078.963684218934
568721.6152631465 4138036.919473689 -6951.922105270604
568917.9263158642 4137957.377368391 -6824.880526267472
569114.2373684829 4137877.835263133 -6697.838947328449
569310.5484210758 4137798.293157885 -6570.7973684061
569506.8594737134 4137718.75105262 -6443.755789454774
569703.170526284 4137639.208947381 -6316.714210546854
569899.4815789221 4137559.666842116 -6189.672631595309
570095.7926315153 4137480.124736868 -6062.631052672779
570292.1036841343 4137400.58263161 -5935.58947373356
570488.4147368523 4137321.040526312 -5808.547894730241
570684.7257894856 4137241.498421048 -5681.506315781768
570881.0368421932 4137161.956315754 -5554.464736785142
571077.3478947922 4137082.414210504 -5427.423157858921
571273.6589474021 4137002.87210525 -5300.381578925497
1 70 0 12
1202
1203
1204
1205
1206
1207
1208
1209
1210
1211
1212
1213
572004.7369230768 4137449.386153846 -4658.154615382421
572020.1038461539 4137464.502307693 -4899.579230771229
572035.4707692305 4137479.618461538 -5141.003846149372
572050.8376923081 4137494.734615385 -5382.42846154553
572066.2046153842 4137509.85076923 -5623.853076916766
572081.5715384611 4137524.966923077 -5865.277692301429
572096.9384615384 4137540.083076923 -6106.702307692201
572112.3053846154 4137555.199230769 -6348.126923077594
572127.6723076917 4137570.315384615 -6589.551538450593
572143.0392307694 4137585.431538462 -6830.976153847794
572158.406153846 4137600.547692307 -7072.400769227008
572173.7730769232 4137615.663846154 -7313.825384616521
1 71 0 18
1214
1215
1216
1217
1218
1219
1220
1221
1222
1223
1224
1225
1226
1227
1228
1229
1230
1231
571954.9778947311 4137673.087894738 -7556.927894736883
571720.8157894663 4137715.395789475 -7558.605789473737
571486.6536842135 4137757.70368421 -7560.283684210505
571252.4915789526 4137800.011578946 -7561.961578947331
571018.3294736729 4137842.319473686 -7563.639473684292
570784.1673683922 4137884.627368426 -7565.31736842126
570550.0052631461 4137926.93526316 -7566.99526315798
570315.843157891 4137969.243157895 -7568.673157894764
570081.6810526544 4138011.551052627 -7570.351052631416
569847.5189473897 4138053.858947365 -7572.028947368269
569613.3568421091 4138096.166842104 -7573.706842105236
569379.1947368539 4138138.47473684 -7575.38473684202
569145.0326316078 4138180.782631574 -7577.06263157874
568910.8705263272 4138223.090526314 -7578.740526315708
568676.7084210474 4138265.398421053 -7580.418421052669
568442.5463157865 4138307.70631579 -7582.096315789495
568208.3842105338 4138350.014210525 -7583.774210526263
567974.222105269 4138392.322105262 -7585.452105263117
1 72 0 21
1232
1233
1234
1235
1236
1237
1238
1239
1240
1241
1242
1243
1244
1245
1246
1247
1248
1249
1250
1251
1252
567933.2104545714 4138389.159090903 -7443.020909071551
568126.3609091296 4138343.688181809 -7298.91181815301
568319.5113636611 4138298.217272721 -7154.802727254289
568512.6618181927 4138252.746363634 -7010.693636355567
568705.8122727369 4138207.275454543 -6866.584545447386
568898.9627272774 4138161.804545453 -6722.475454541963
569092.1131818143 4138116.333636364 -6578.366363639298
569285.2636363317 4138070.86272728 -6434.25727275117
569478.4140908604 4138025.391818193 -6290.148181854506
569671.5645454315 4137979.920909096 -6146.039090926269
569864.7149999981 4137934.45 -6001.930000001472
570057.8654545647 4137888.979090904 -5857.820909076553
570251.0159091362 4137843.508181808 -5713.711818148092
570444.1663636653 4137798.037272721 -5569.602727251161
570637.3168181833 4137752.566363636 -5425.493636362526
570830.4672727208 4137707.095454547 -5281.384545459442
571023.6177272619 4137661.624545457 -5137.275454553601
571216.7681818065 4137616.153636367 -4993.166363645047
571409.9186363383 4137570.682727279 -4849.057272746169
571603.0690908701 4137525.211818191 -4704.948181847274
571796.2195454284 4137479.740909097 -4560.839090928572
1 73 0 12
1253
1254
1255
1256
1257
1258
1259
1260
1261
1262
1263
1264
572173.7730769232 4137615.663846154 -7313.825384617578
572158.4061538461 4137600.547692307 -7072.400769228771
572143.0392307695 4137585.431538462 -6830.976153850627
572127.6723076919 4137570.315384615 -6589.55153845447
572112.3053846158 4137555.19923077 -6348.126923083233
572096.9384615389 4137540.083076923 -6106.702307698571
572081.5715384616 4137524.966923077 -5865.277692307799
572066.2046153846 4137509.850769231 -5623.853076922405
572050.8376923084 4137494.734615385 -5382.428461549406
572035.4707692306 4137479.618461538 -5141.003846152205
572020.1038461541 4137464.502307693 -4899.579230772992
572004.7369230768 4137449.386153846 -4658.154615383479
1 74 0 4
1265
1266
1267
1268
571885.4899999549 4137332.081999956 -4568.052000065656
571781.6099999992 4137229.893999999 -4719.374000001186
571677.7300000016 4137127.706000002 -4870.695999997708
571573.8500000454 4137025.518000045 -5022.017999933791
1 75 0 10
1269
1270
1271
1272
1273
1274
1275
1276
1277
1278
571535.3490909163 4136987.643636371 -5389.877272751525
571600.7281818154 4137051.957272725 -5606.414545445251
571666.1072727095 4137116.270909073 -5822.951818123123
571731.4863636394 4137180.584545458 -6039.48909091918
571796.865454556 4137244.898181829 -6256.026363671193
571862.2445454428 4137309.21181817 -6472.563636324411
571927.6236363596 4137373.525454541 -6689.100909077506
571993.0027272897 4137437.839090926 -6905.638181874177
572058.3818181843 4137502.152727275 -7122.175454553651
572123.7609090834 4137566.466363629 -7338.712727247776
1 76 0 23
1279
1280
1281
1282
1283
1284
1285
1286
1287
1288
1289
1290
1291
1292
1293
1294
1295
1296
1297
1298
1299
1300
1301
567689.5049999864 4138649.956250058 -7473.960416636103
567638.9499999869 4138865.282500056 -7360.790833303833
567588.3949999996 4139080.608750002 -7247.621249999012
567537.8400000123 4139295.934999947 -7134.451666694189
567487.2850000138 4139511.261249941 -7021.2820833641
567436.7300000001 4139726.587499999 -6908.112500000204
567386.1749999864 4139941.913750058 -6794.942916636307
567335.6199999879 4140157.240000051 -6681.773333306218
567285.0650000008 4140372.566249997 -6568.603750001507
567234.5100000135 4140587.892499942 -6455.434166696845
567183.955000014 4140803.21874994 -6342.264583364673
567133.4000000004 4141018.544999999 -6229.095000000776
567082.8449999867 4141233.871250057 -6115.925416636757
567032.2899999871 4141449.197500055 -6002.755833304387
566981.7349999998 4141664.523750001 -5889.586249999529
566931.1800000125 4141879.849999947 -5776.41666669467
566880.6250000139 4142095.176249941 -5663.247083364408
566830.0700000002 4142310.502499999 -5550.077500000389
566779.5149999865 4142525.828750058 -5436.90791663637
566728.9599999879 4142741.155000051 -5323.738333306181
566678.4050000006 4142956.481249997 -5210.568750001248
566627.8500000132 4143171.807499944 -5097.399166696316
566577.2950000137 4143387.133749941 -4984.22958336402
1 77 0 2
1302
1303
566413.4799999979 4143493.183333331 -4986.070000002151
566300.2200000022 4143383.906666669 -5101.079999997726
1 78 0 22
1304
1305
1306
1307
1308
1309
1310
1311
1312
1313
1314
1315
1316
1317
1318
1319
1320
1321
1322
1323
1324
1325
566254.4860869539 4143064.195217399 -5319.178695648297
566322.0121739114 4142853.760434787 -5422.267391301982
566389.538260869 4142643.325652176 -5525.356086955665
566457.0643478269 4142432.890869563 -5628.444782609979
566524.5904347838 4142222.456086952 -5731.533478262842
566592.1165217379 4142012.021304352 -5834.62217391114
566659.6426086919 4141801.586521751 -5937.710869559501
566727.1686956503 4141591.151739136 -6040.799565214509
566794.6947826088 4141380.716956521 -6143.888260869634
566862.2208695672 4141170.282173907 -6246.976956524759
566929.7469565221 4140959.847391303 -6350.065652174553
566997.2730434772 4140749.412608699 -6453.154347824388
567064.7991304322 4140538.977826095 -6556.243043474302
567132.3252173907 4140328.54304348 -6659.331739129477
567199.8513043493 4140118.108260865 -6762.420434784714
567267.3773913077 4139907.67347825 -6865.509130439837
567334.9034782618 4139697.238695649 -6968.597826088291
567402.4295652158 4139486.803913048 -7071.686521736652
567469.9556521729 4139276.369130438 -7174.775217389641
567537.4817391309 4139065.934347825 -7277.863913044123
567605.0078260885 4138855.499565213 -7380.952608697857
567672.533913046 4138645.064782601 -7484.04130435159
1 79 0 2
1326
1327
566592.0799999846 4143665.506666652 -4641.040000054256
566657.4200000153 4143728.553333348 -4411.019999946052
1 80 0 5
1328
1329
1330
1331
1332
566633.4600000068 4143705.43833334 -4353.514999986721
566544.1599999936 4143619.276666661 -4526.030000012225
566454.8600000006 4143533.115000001 -4698.544999998947
566365.560000007 4143446.95333334 -4871.059999986371
566276.2599999936 4143360.79166666 -5043.575000012343
1 81 0 2
1333
1334
566300.2200000021 4143383.906666669 -5101.079999997891
566413.4799999978 4143493.183333331 -4986.070000002233
1 82 0 2
1335
1336
566657.4200000155 4143728.553333348 -4411.019999945437
566592.0799999848 4143665.506666652 -4641.040000053333
1 83 0 23
1337
1338
1339
1340
1341
1342
1343
1344
1345
1346
1347
1348
1349
1350
1351
1352
1353
1354
1355
1356
1357
1358
1359
566577.2950000137 4143387.133749942 -4984.229583363897
566627.8500000131 4143171.807499944 -5097.399166696167
566678.4050000005 4142956.481249998 -5210.568750000989
566728.9599999877 4142741.155000052 -5323.738333305811
566779.5149999863 4142525.828750059 -5436.907916635901
566830.0699999999 4142310.5025 -5550.077499999797
566880.6250000136 4142095.176249942 -5663.247083363693
566931.1800000122 4141879.849999948 -5776.416666693783
566981.7349999993 4141664.523750003 -5889.586249998493
567032.2899999865 4141449.197500058 -6002.755833303156
567082.844999986 4141233.871250059 -6115.925416635328
567133.3999999997 4141018.545000001 -6229.094999999224
567183.9550000133 4140803.218749943 -6342.264583363243
567234.5100000129 4140587.892499945 -6455.434166695613
567285.0650000003 4140372.566249999 -6568.603750000471
567335.6199999875 4140157.240000053 -6681.77333330533
567386.1749999862 4139941.913750059 -6794.942916635592
567436.7299999999 4139726.587500001 -6908.112499999612
567487.2850000135 4139511.261249942 -7021.282083363631
567537.8400000122 4139295.934999948 -7134.45166669382
567588.3949999994 4139080.608750002 -7247.621249998752
567638.9499999868 4138865.282500056 -7360.790833303685
567689.5049999864 4138649.956250058 -7473.96041663598
1 84 0 25
1360
1361
1362
1363
1364
1365
1366
1367
1368
1369
1370
1371
1372
1373
1374
1375
1376
1377
1378
1379
1380
1381
1382
1383
1384
567700.9330769166 4138640.667307727 -7456.124999978131
567661.8061538332 4138846.704615453 -7325.119999956396
567622.6792307618 4139052.741923116 -7194.114999975167
567583.5523076785 4139258.779230842 -7063.10999995367
567544.4253845951 4139464.816538569 -6932.1049999318
567505.2984615116 4139670.853846295 -6801.09999990993
567466.1715384647 4139876.89115383 -6670.09500001061
567427.0446153814 4140082.928461555 -6539.089999989233
567387.9176922981 4140288.965769282 -6408.084999967689
567348.7907692146 4140495.003077008 -6277.079999945905
567309.663846157 4140701.040384599 -6146.075000010511
567270.5369230837 4140907.077692272 -6015.070000022768
567231.4100000004 4141113.114999998 -5884.065000001294
567192.2830769169 4141319.152307725 -5753.059999979474
567153.1561538436 4141525.189615398 -5622.054999991578
567114.029230786 4141731.226922988 -5491.050000056184
567074.9023077026 4141937.264230715 -5360.045000034315
567035.7753846191 4142143.301538442 -5229.040000012446
566996.6484615357 4142349.338846168 -5098.034999990577
566957.5215384888 4142555.376153703 -4967.030000091063
566918.3946154054 4142761.41346143 -4836.025000069194
566879.2676923218 4142967.450769156 -4705.020000047325
566840.1407692384 4143173.488076883 -4574.015000025457
566801.0138461669 4143379.525384547 -4443.010000043738
566761.8869230835 4143585.562692273 -4312.005000021869
1 85 0 3
1385
1386
1387
566984.1250000016 4144043.772500002 -2637.452499990477
566944.92 4144005.945 -2855.364999999581
566905.7149999983 4143968.117499998 -3073.277500009187
1 86 0 28
1388
1389
1390
1391
1392
1393
1394
1395
1396
1397
1398
1399
1400
1401
1402
1403
1404
1405
1406
1407
1408
1409
1410
1411
1412
1413
1414
1415
566896.6324137867 4143740.784482799 -3439.325862037374
566926.7548275895 4143551.278965496 -3587.46172415402
566956.8772413775 4143361.773448287 -3735.597586198038
566986.9996551786 4143172.267930995 -3883.73344830648
567017.12206896 4142982.762413828 -4031.869310317537
567047.2444827671 4142793.256896499 -4180.005172455386
567077.3668965477 4142603.751379335 -4328.141034463169
567107.4893103435 4142414.245862077 -4476.276896545178
567137.611724136 4142224.74034484 -4624.412758611042
567167.7341379335 4142035.234827571 -4772.548620701652
567197.8565517251 4141845.729310339 -4920.684482763136
567227.9789655069 4141656.223793169 -5068.820344776615
567258.1013793144 4141466.718275837 -5216.956206916359
567288.2237930975 4141277.212758658 -5365.092068936365
567318.3462069018 4141087.707241347 -5513.227931060001
567348.468620685 4140898.201724167 -5661.363793080341
567378.5910344926 4140708.696206835 -5809.499655220536
567408.7134482744 4140519.190689664 -5957.635517234072
567438.835862066 4140329.685172433 -6105.771379295609
567468.9582758636 4140140.179655163 -6253.907241386672
567499.0806896562 4139950.674137925 -6402.04310345299
567529.203103452 4139761.168620666 -6550.178965535313
567559.3255172328 4139571.663103503 -6698.314827543389
567589.44793104 4139382.157586173 -6846.450689681629
567619.5703448213 4139192.652069006 -6994.586551692868
567649.6927586223 4139003.146551713 -7142.722413801281
567679.8151724105 4138813.641034504 -7290.858275845493
567709.9375862133 4138624.135517201 -7438.994137962434
1 87 0 30
1416
1417
1418
1419
1420
1421
1422
1423
1424
1425
1426
1427
1428
1429
1430
1431
1432
1433
1434
1435
1436
1437
1438
1439
1440
1441
1442
1443
1444
1445
567716.9396774083 4138616.790322667 -7420.433548307481
567693.8193548248 4138798.950645271 -7253.737096674141
567670.6990322589 4138981.110967736 -7087.040645166915
567647.57870969 4139163.271290224 -6920.344193638656
567624.4583870985 4139345.431612889 -6753.647741948091
567601.3380645069 4139527.591935557 -6586.951290255553
567578.2177419212 4139709.752258177 -6420.254838606612
567555.0974193552 4139891.912580642 -6253.558387099216
567531.9770967882 4140074.072903115 -6086.86193558484
567508.856774197 4140256.23322578 -5920.165483895341
567485.7364516056 4140438.393548445 -5753.469032204741
567462.6161290177 4140620.553871083 -5586.772580539843
567439.495806452 4140802.714193545 -5420.076129034967
567416.3754838865 4140984.874516007 -5253.379677530648
567393.2551612963 4141167.034838662 -5086.68322584959
567370.1348387046 4141349.195161331 -4919.98677415682
567347.0145161145 4141531.355483986 -4753.29032247537
567323.8941935488 4141713.515806448 -4586.593870970837
567300.773870983 4141895.676128912 -4419.897419465139
567277.6535483951 4142077.83645155 -4253.200967799832
567254.5332258036 4142259.996774216 -4086.504516108901
567231.4129032122 4142442.15709688 -3919.808064418797
567208.2925806453 4142624.317419354 -3753.111612903994
567185.1722580792 4142806.47774182 -3586.415161396342
567162.0519354935 4142988.63806444 -3419.718709746738
567138.9316129017 4143170.798387109 -3253.022258053727
567115.8112903102 4143352.958709775 -3086.325806362829
567092.6909677413 4143535.119032263 -2919.629354834208
567069.5706451753 4143717.279354729 -2752.932903326601
567046.4503225917 4143899.439677332 -2586.236451692931
1 88 0 10
1446
1447
1448
1449
1450
1451
1452
1453
1454
1455
567405.8818181818 4144450.697272727 -3268.075454545678
567422.5136363631 4144466.744545454 -3027.050909098531
567439.1454545459 4144482.791818182 -2786.026363630212
567455.7772727271 4144498.839090909 -2545.00181818389
567472.4090909092 4144514.886363636 -2303.977272725059
567489.0409090903 4144530.933636363 -2062.952727281235
567505.6727272725 4144546.98090909 -1821.928181821175
567522.3045454539 4144563.028181817 -1580.903636373421
567538.9363636366 4144579.075454546 -1339.879090904108
567555.5681818181 4144595.122727273 -1098.854545455434
1 89 0 6
1456
1457
1458
1459
1460
1461
567493.7900000083 4144535.517142865 -1080.931428547806
567415.3799999991 4144459.864285714 -1304.032857145291
567336.9699999974 4144384.211428569 -1527.134285721392
567258.5600000035 4144308.558571432 -1750.235714275429
567180.1500000014 4144232.905714287 -1973.337142852845
567101.739999992 4144157.252857135 -2196.438571451232
1 90 0 4
1462
1463
1464
1465
567096.5140000219 4144152.210000021 -2637.452000065138
567169.6979999908 4144222.819999991 -2855.363999972681
567242.8820000087 4144293.430000009 -3073.276000025861
567316.0659999779 4144364.039999979 -3291.187999934279
1 91 0 6
1466
1467
1468
1469
1470
1471
567254.832857142 4144304.955714284 -2030.408571418122
567277.2357142849 4144326.57142857 -2276.857142848812
567299.6385714281 4144348.187142856 -2523.305714279978
567322.0414285716 4144369.802857143 -2769.754285716024
567344.4442857148 4144391.418571429 -3016.202857148588
567366.847142858 4144413.034285715 -3262.651428580959
1 92 0 4
1472
1473
1474
1475
567316.0659999781 4144364.039999979 -3291.187999934745
567242.8820000092 4144293.430000009 -3073.276000027523
567169.6979999914 4144222.819999992 -2855.363999974373
567096.5140000221 4144152.210000021 -2637.452000065983
1 93 0 2
1476
1477
567093.0300000104 4144148.846666677 -2207.679999968313
567162.7299999894 4144216.093333323 -1995.820000032409
1 94 0 6
1478
1479
1480
1481
1482
1483
567366.8471428581 4144413.034285715 -3262.651428581809
567344.444285715 4144391.418571429 -3016.20285715105
567322.0414285719 4144369.802857143 -2769.754285719785
567299.6385714284 4144348.187142857 -2523.305714283626
567277.2357142852 4144326.571428571 -2276.857142851311
567254.8328571421 4144304.955714285 -2030.408571419196
1 95 0 33
1484
1485
1486
1487
1488
1489
1490
1491
1492
1493
1494
1495
1496
1497
1498
1499
1500
1501
1502
1503
1504
1505
1506
1507
1508
1509
1510
1511
1512
1513
1514
1515
1516
567247.3602941127 4144111.319117704 -1954.641470531712
567262.2905882334 4143939.298235317 -2125.322941154007
567277.2208823529 4143767.277352941 -2296.004411764326
567292.1511764671 4143595.256470629 -2466.685882312163
567307.0814705876 4143423.235588242 -2637.367352934412
567322.011764706 4143251.214705882 -2808.048823529988
567336.9420588235 4143079.193823529 -2978.730294117533
567351.8723529412 4142907.172941177 -3149.411764705134
567366.8026470587 4142735.152058825 -3320.093235292708
567381.7329411764 4142563.131176473 -3490.774705880311
567396.6632352941 4142391.110294118 -3661.456176469821
567411.5935294124 4142219.089411758 -3832.137647065397
567426.523823533 4142047.068529371 -4002.819117687606
567441.4541176469 4141875.047647062 -4173.500588232473
567456.3844117663 4141703.026764688 -4344.182058841345
567471.314705887 4141531.0058823 -4514.863529463606
567486.2449999998 4141358.985000004 -4685.544999996202
567501.1752941125 4141186.964117706 -4856.226470529306
567516.1055882332 4141014.943235319 -5026.907941151986
567531.0358823527 4140842.922352945 -5197.589411761363
567545.9661764666 4140670.901470635 -5368.270882306781
567560.8964705872 4140498.880588247 -5538.952352929415
567575.8267647056 4140326.859705886 -5709.633823525452
567590.7570588234 4140154.838823531 -5880.315294115477
567605.687352941 4139982.817941179 -6050.996764703536
567620.6176470587 4139810.797058826 -6221.678235291683
567635.5479411763 4139638.776176473 -6392.359705879686
567650.4782352939 4139466.75529412 -6563.041176467714
567665.4085294122 4139294.73441176 -6733.722647063767
567680.3388235329 4139122.713529372 -6904.404117686473
567695.2691176471 4138950.692647059 -7075.08558823455
567710.1994117666 4138778.671764684 -7245.7670588452
567725.1297058873 4138606.650882296 -7416.448529467901
1 96 0 29
1517
1518
1519
1520
1521
1522
1523
1524
1525
1526
1527
1528
1529
1530
1531
1532
1533
1534
1535
1536
1537
1538
1539
1540
1541
1542
1543
1544
1545
567728.3663333301 4138634.630666724 -7451.195666627425
567716.6726666617 4138834.631333421 -7315.261333274032
567704.9789999971 4139034.63200005 -7179.326999966129
567693.285333338 4139234.632666588 -7043.392666720235
567681.5916666704 4139434.63333327 -6907.458333376508
567669.8979999993 4139634.634000011 -6771.52399999218
567658.2043333314 4139834.634666699 -6635.58966664441
567646.510666661 4140034.635333431 -6499.655333267059
567634.8169999986 4140234.636000024 -6363.720999983966
567623.1233333395 4140434.636666562 -6227.786666737476
567611.4296666697 4140634.637333282 -6091.852333368406
567599.7359999995 4140834.63800001 -5955.917999993333
567588.0423333313 4141034.638666701 -5819.983666643167
567576.3486666603 4141234.639333443 -5684.049333258879
567564.6550000001 4141434.639999997 -5548.11500000168
567552.96133334 4141634.640666552 -5412.180666744296
567541.267666669 4141834.641333295 -5276.246333359744
567529.5740000008 4142034.641999986 -5140.312000009432
567517.8803333306 4142234.642666715 -5004.377666634057
567506.1866666608 4142434.643333434 -4868.443333264724
567494.4930000015 4142634.643999973 -4732.509000017937
567482.7993333392 4142834.644666567 -4596.574666734627
567471.1056666687 4143034.645333298 -4460.640333356932
567459.4120000008 4143234.645999987 -4324.70600000894
567447.7183333297 4143434.646666729 -4188.771666624388
567436.0246666621 4143634.647333411 -4052.837333280441
567424.3310000029 4143834.647999949 -3916.903000034431
567412.6373333385 4144034.648666579 -3780.968666726304
567400.94366667 4144234.649333275 -3645.034333372686
1 97 0 4
1546
1547
1548
1549
573931.1299999981 4139344.381999998 -2124.503999989909
573975.0799999968 4139387.613999997 -2354.287999982911
574019.0300000028 4139430.846000003 -2584.072000014687
574062.9800000018 4139474.078000002 -2813.856000009097
1 98 0 35
1550
1551
1552
1553
1554
1555
1556
1557
1558
1559
1560
1561
1562
1563
1564
1565
1566
1567
1568
1569
1570
1571
1572
1573
1574
1575
1576
1577
1578
1579
1580
1581
1582
1583
1584
573929.7658333164 4139663.009166681 -2961.737222214365
573752.6016666327 4139808.708333361 -2879.83444442873
573575.4375000242 4139954.40749998 -2797.93166667783
573398.2733333111 4140100.106666685 -2716.028888878601
573221.1091666799 4140245.805833322 -2634.126111117197
573043.9449999721 4140391.505000023 -2552.223333320439
572866.7808333676 4140537.204166639 -2470.320555571393
572689.6166666839 4140682.903333319 -2388.417777785759
572512.4525000004 4140828.6025 -2306.515000000123
572335.2883333113 4140974.301666685 -2224.612222212017
572158.1241666223 4141120.00083337 -2142.709444423909
571980.9600000124 4141265.69999999 -2060.806666672392
571803.7958333087 4141411.399166687 -1978.903888877488
571626.6316666828 4141557.09833332 -1897.001111118555
571449.4674999964 4141702.797500003 -1815.098333331684
571272.3033333906 4141848.49666662 -1733.195555582021
571095.1391667016 4141994.195833304 -1651.292777793914
570917.9750000125 4142139.89499999 -1569.390000005802
570740.8108333234 4142285.594166675 -1487.487222217629
570563.6466666342 4142431.29333336 -1405.584444429451
570386.4825000202 4142576.992499983 -1323.681666676008
570209.3183333178 4142722.691666679 -1241.778888881651
570032.1541666917 4142868.390833313 -1159.876111122647
569854.9899999878 4143014.09000001 -1077.973333327671
569677.8258333778 4143159.78916663 -996.0705555760917
569500.6616666887 4143305.488333315 -914.1677777879836
569323.4974999997 4143451.1875 -832.2649999998762
569146.3333333161 4143596.886666681 -750.3622222142412
568969.1691666325 4143742.585833361 -668.4594444286058
568792.0050000279 4143888.284999977 -586.5566666795598
568614.8408333202 4144033.984166678 -504.6538888828018
568437.676666689 4144179.683333315 -422.751111121398
568260.5124999759 4144325.38250002 -340.8483333221684
568083.3483333674 4144471.081666639 -258.9455555712698
567906.1841666837 4144616.780833319 -177.0427777856348
1 99 0 33
1585
1586
1587
1588
1589
1590
1591
1592
1593
1594
1595
1596
1597
1598
1599
1600
1601
1602
1603
1604
1605
1606
1607
1608
1609
1610
1611
1612
1613
1614
1615
1616
1617
567910.1423529094 4144601.852647087 -148.0688235201409
568091.2647058418 4144441.225294154 -200.9976470469467
568272.3870587654 4144280.597941228 -253.9264705712246
568453.5094117345 4144119.970588262 -306.8552941088356
568634.6317647418 4143959.343235262 -359.7841176575541
568815.7541176655 4143798.715882337 -412.7129411818289
568996.876470643 4143638.088529363 -465.6417647218867
569177.998823535 4143477.461176466 -518.5705882369341
569359.1211765119 4143316.833823493 -571.499411776748
569540.243529401 4143156.206470598 -624.4282352909619
569721.3658823586 4142995.579117642 -677.357058825176
569902.4882352822 4142834.951764716 -730.2858823494483
570083.6105882894 4142674.324411717 -783.2147058981679
570264.7329412587 4142513.697058751 -836.1435294357734
570445.8552941644 4142353.069705841 -889.0723529548293
570626.9776470995 4142192.442352905 -942.0011764824683
570808.1000000119 4142031.81499999 -994.9300000034432
570989.2223529242 4141871.187647074 -1047.85882352443
571170.3447058593 4141710.560294138 -1100.787647052081
571351.4670587651 4141549.932941228 -1153.71647057115
571532.5894117344 4141389.305588262 -1206.645294108773
571713.7117647417 4141228.678235262 -1259.574117657503
571894.8341176653 4141068.050882337 -1312.502941181793
572075.9564706229 4140907.423529381 -1365.431764716015
572257.0788235122 4140746.796176486 -1418.360588230244
572438.201176489 4140586.168823513 -1471.289411770069
572619.3235293811 4140425.541470615 -1524.218235285133
572800.4458823416 4140264.914117657 -1577.14705882019
572981.5682352581 4140104.286764738 -1630.075882342392
573162.6905882653 4139943.659411738 -1683.004705891121
573343.8129412347 4139783.032058772 -1735.933529428745
573524.9352941583 4139622.404705846 -1788.86235295303
573706.0576470905 4139461.777352913 -1841.791176479848
1 100 0 10
1618
1619
1620
1621
1622
1623
1624
1625
1626
1627
573487.6436363644 4138908.122727273 -4238.410909086426
573527.597272725 4138947.425454543 -4004.041818194881
573567.550909092 4138986.728181819 -3769.672727266276
573607.504545457 4139026.030909093 -3535.303636349334
573647.4581818157 4139065.333636361 -3300.934545468838
573687.4118181833 4139104.636363638 -3066.565454536905
573727.3654545423 4139143.939090906 -2832.196363654828
573767.3190909076 4139183.24181818 -2597.827272736411
573807.2727272746 4139222.544545456 -2363.458181807638
573847.2263636355 4139261.847272726 -2129.0890909141
1 101 0 33
1628
1629
1630
1631
1632
1633
1634
1635
1636
1637
1638
1639
1640
1641
1642
1643
1644
1645
1646
1647
1648
1649
1650
1651
1652
1653
1654
1655
1656
1657
1658
1659
1660
573706.0576470906 4139461.777352913 -1841.791176479861
573524.9352941583 4139622.404705846 -1788.862352953056
573343.8129412348 4139783.032058772 -1735.933529428779
573162.6905882655 4139943.659411738 -1683.004705891169
572981.5682352582 4140104.286764738 -1630.075882342452
572800.4458823418 4140264.914117657 -1577.147058820267
572619.3235293814 4140425.541470615 -1524.218235285221
572438.2011764894 4140586.168823513 -1471.28941177017
572257.0788235125 4140746.796176486 -1418.360588230358
572075.9564706234 4140907.42352938 -1365.431764716142
571894.8341176658 4141068.050882336 -1312.502941181928
571713.7117647422 4141228.678235262 -1259.574117657654
571532.589411735 4141389.305588262 -1206.645294108933
571351.4670587657 4141549.932941228 -1153.716470571328
571170.34470586 4141710.560294137 -1100.787647052269
570989.2223529249 4141871.187647073 -1047.858823524633
570808.1000000125 4142031.814999989 -994.9300000036601
570626.9776471002 4142192.442352904 -942.0011764826741
570445.8552941651 4142353.06970584 -889.0723529550214
570264.7329412593 4142513.69705875 -836.1435294359524
570083.61058829 4142674.324411716 -783.2147058983292
569902.4882352827 4142834.951764716 -730.2858823495988
569721.3658823591 4142995.579117642 -677.3570588253092
569540.2435294014 4143156.206470598 -624.4282352910868
569359.1211765122 4143316.833823492 -571.4994117768574
569177.9988235354 4143477.461176465 -518.5705882370328
568996.8764706433 4143638.088529363 -465.641764721968
568815.7541176657 4143798.715882336 -412.7129411818996
568634.631764742 4143959.343235262 -359.7841176576096
568453.5094117348 4144119.970588262 -306.8552941088797
568272.3870587654 4144280.597941228 -253.9264705712562
568091.2647058418 4144441.225294154 -200.9976470469701
567910.1423529095 4144601.852647087 -148.0688235201526
1 102 0 37
1661
1662
1663
1664
1665
1666
1667
1668
1669
1670
1671
1672
1673
1674
1675
1676
1677
1678
1679
1680
1681
1682
1683
1684
1685
1686
1687
1688
1689
1690
1691
1692
1693
1694
1695
1696
1697
567879.5113158029 4144607.383684197 -210.3410526418945
568030.0026315791 4144452.287368421 -325.5421052632624
568180.4939473735 4144297.191052626 -440.7431578985961
568330.9852631496 4144142.09473685 -555.9442105199923
568481.4765789454 4143986.998421055 -671.145263156359
568631.9678947481 4143831.902105252 -786.3463157980431
568782.4592105267 4143676.805789473 -901.5473684212723
568932.9505263258 4143521.709473674 -1016.748421060358
569083.441842102 4143366.613157898 -1131.949473681691
569233.9331578963 4143211.516842104 -1247.150526317003
569384.4244736724 4143056.420526328 -1362.351578938366
569534.9157894718 4142901.324210528 -1477.552631577484
569685.4071052504 4142746.22789475 -1592.753684200746
569835.8984210531 4142591.131578947 -1707.954736842462
569986.3897368488 4142436.035263151 -1823.155789478813
570136.8810526249 4142280.938947375 -1938.356842100176
570287.3723684193 4142125.842631581 -2053.557894735488
570437.8636841954 4141970.746315805 -2168.758947356858
570588.3549999984 4141815.650000002 -2283.959999998738
570738.8463158015 4141660.553684198 -2399.161052640762
570889.3376315777 4141505.457368422 -2514.362105262259
571039.8289473723 4141350.361052628 -2629.563157897698
571190.3202631485 4141195.264736852 -2744.764210519188
571340.8115789444 4141040.168421056 -2859.965263155668
571491.3028947474 4140885.072105252 -2975.166315797523
571641.7942105262 4140729.975789474 -3090.367368420924
571792.2855263256 4140574.879473674 -3205.56842106018
571942.7768421019 4140419.783157898 -3320.769473681669
572093.2681578965 4140264.686842103 -3435.970526317108
572243.7594736727 4140109.590526327 -3551.171578938597
572394.2507894723 4139954.494210528 -3666.372631577854
572544.7421052509 4139799.397894749 -3781.573684201254
572695.2334210539 4139644.301578946 -3896.774736843109
572845.7247368498 4139489.20526315 -4011.97578947959
572996.216052626 4139334.108947374 -4127.176842101062
573146.7073684206 4139179.012631579 -4242.377894736474
573297.1986841968 4139023.916315803 -4357.578947358001
1 103 0 10
1698
1699
1700
1701
1702
1703
1704
1705
1706
1707
573847.2263636356 4139261.847272726 -2129.089090913665
573807.2727272749 4139222.544545457 -2363.458181805554
573767.319090908 4139183.241818181 -2597.827272733334
573727.365454543 4139143.939090907 -2832.196363650406
573687.4118181843 4139104.636363639 -3066.5654545312
573647.4581818167 4139065.333636362 -3300.934545463057
573607.5045454577 4139026.030909094 -3535.303636345142
573567.5509090924 4138986.728181819 -3769.672727263658
573527.5972727254 4138947.425454543 -4004.041818192514
573487.6436363644 4138908.122727273 -4238.410909085977
1 104 0 6
1708
1709
1710
1711
1712
1713
573541.8671428633 4138961.461428578 -4268.617142843551
573636.0442857216 4139054.10285715 -4064.454285698295
573730.2214285663 4139146.744285709 -3860.291428582723
573824.3985714329 4139239.38571429 -3656.1285714192
573918.5757142778 4139332.027142849 -3451.96571430284
574012.7528571365 4139424.668571422 -3247.802857156655
1 105 0 4
1714
1715
1716
1717
574062.980000002 4139474.078000002 -2813.856000010191
574019.0300000033 4139430.846000003 -2584.072000017172
573975.0799999973 4139387.613999997 -2354.287999985313
573931.1299999984 4139344.381999998 -2124.503999991234
1 106 0 22
1718
1719
1720
1721
1722
1723
1724
1725
1726
1727
1728
1729
1730
1731
1732
1733
1734
1735
1736
1737
1738
1739
567968.240869561 4138433.856521739 -7493.147826088732
568196.421739122 4138433.083043478 -7399.16565217738
568424.6026086831 4138432.309565217 -7305.18347826606
568652.7834782435 4138431.536086957 -7211.201304354977
568880.9643478078 4138430.762608696 -7117.219130442316
569109.1452173656 4138429.989130435 -7023.236956532357
569337.3260869646 4138429.215652174 -6929.254782605371
569565.5069565354 4138428.442173913 -6835.272608690021
569793.687826048 4138427.668695652 -6741.290434798685
570021.8686956411 4138426.895217391 -6647.308260874136
570250.0495652241 4138426.12173913 -6553.326086953784
570478.2304347353 4138425.34826087 -6459.343913062952
570706.4113043186 4138424.574782609 -6365.361739142498
570934.5921739119 4138423.801304348 -6271.379565217897
571162.7730434634 4138423.027826087 -6177.397391310484
571390.9539130344 4138422.254347826 -6083.415217395042
571619.1347826336 4138421.480869565 -5989.433043468005
571847.3156521914 4138420.707391304 -5895.450869557994
572075.4965217559 4138419.933913043 -5801.46869564523
572303.6773913165 4138419.160434783 -5707.486521734096
572531.8582608777 4138418.386956522 -5613.504347822724
572760.0391304389 4138417.613478261 -5519.522173911331
1 107 0 9
1740
1741
1742
1743
1744
1745
1746
1747
1748
572996.2109999998 4138424.7 -5176.141000007699
573004.2019999993 4138432.559999999 -4926.742000018133
573012.1929999996 4138440.419999999 -4677.343000012865
573020.1839999997 4138448.28 -4427.944000009024
573028.1749999999 4138456.14 -4178.545000003101
573036.1660000001 4138464 -3929.14599999615
573044.1570000002 4138471.86 -3679.74699999082
573052.1480000005 4138479.72 -3430.347999984204
573060.1390000002 4138487.58 -3180.94899999347
1 108 0 28
1749
1750
1751
1752
1753
1754
1755
1756
1757
1758
1759
1760
1761
1762
1763
1764
1765
1766
1767
1768
1769
1770
1771
1772
1773
1774
1775
1776
572884.4034482745 4138493.343103448 -3092.087241380508
572700.6768965473 4138491.246206896 -3252.624482762451
572516.9503448165 4138489.149310345 -3413.161724147535
572333.2237930864 4138487.052413793 -3573.69896553223
572149.4972413743 4138484.955517241 -3734.236206900934
571965.7706896609 4138482.85862069 -3894.77344827086
571782.0441379355 4138480.761724138 -4055.310689651309
571598.3175862076 4138478.664827586 -4215.847931033806
571414.5910344768 4138476.567931034 -4376.385172419024
571230.8644827725 4138474.471034483 -4536.922413780966
571047.1379310471 4138472.374137931 -4697.459655161381
570863.4113793219 4138470.277241379 -4857.996896541568
570679.6848275966 4138468.180344827 -5018.534137921932
570495.9582758684 4138466.083448276 -5179.071379304814
570312.2317241634 4138463.986551724 -5339.608620667424
570128.5051724347 4138461.889655172 -5500.145862050662
569944.7786207087 4138459.792758621 -5660.683103431601
569761.0520689826 4138457.695862069 -5821.220344812694
569577.3255172566 4138455.598965517 -5981.757586193568
569393.5989655522 4138453.502068966 -6142.294827555676
569209.8724138213 4138451.405172414 -6302.832068940894
569026.1458620934 4138449.308275862 -6463.36931032351
568842.4193103673 4138447.211379311 -6623.906551704535
568658.6927586412 4138445.114482759 -6784.443793085557
568474.9662069151 4138443.017586207 -6944.981034466591
568291.2396551846 4138440.920689655 -7105.518275851523
568107.5131034534 4138438.823793103 -7266.055517236908
567923.7865517259 4138436.726896551 -7426.592758619167
1 109 0 7
1777
1778
1779
1780
1781
1782
1783
572940.7750000014 4138370.167500001 -5187.350000007277
572893.3300000007 4138323.495000001 -4949.160000003213
572845.8849999972 4138276.822499997 -4710.969999985888
572798.4400000004 4138230.15 -4472.780000002061
572750.9950000035 4138183.477500003 -4234.590000017245
572703.5499999998 4138136.805 -3996.399999998765
572656.1049999987 4138090.132499998 -3758.209999993217
1 110 0 3
1784
1785
1786
572723.5274999131 4138156.454999914 -3372.902500111357
572838.3949999998 4138269.45 -3225.785000000363
572953.2625000867 4138382.445000085 -3078.667499889047
1 111 0 9
1787
1788
1789
1790
1791
1792
1793
1794
1795
573060.1390000002 4138487.58 -3180.948999992602
573052.1480000006 4138479.720000001 -3430.347999981937
573044.1570000004 4138471.86 -3679.746999987153
573036.1660000003 4138464 -3929.145999990905
573028.175 4138456.14 -4178.544999996632
573020.1839999999 4138448.28 -4427.944000004239
573012.1929999996 4138440.419999999 -4677.343000009621
573004.2019999995 4138432.559999999 -4926.742000016255
572996.2109999998 4138424.7 -5176.141000006619
1 112 0 7
1796
1797
1798
1799
1800
1801
1802
572656.1049999985 4138090.132499998 -3758.209999992455
572703.5499999993 4138136.804999999 -3996.399999996911
572750.9950000028 4138183.477500003 -4234.590000014134
572798.4399999996 4138230.149999999 -4472.779999998186
572845.8849999966 4138276.822499997 -4710.969999983228
572893.3300000003 4138323.495 -4949.16000000144
572940.7750000013 4138370.167500001 -5187.350000006391
1 113 0 22
1803
1804
1805
1806
1807
1808
1809
1810
1811
1812
1813
1814
1815
1816
1817
1818
1819
1820
1821
1822
1823
1824
572760.0391304391 4138417.613478261 -5519.522173911269
572531.858260878 4138418.386956522 -5613.50434782262
572303.677391317 4138419.160434783 -5707.48652173394
572075.4965217565 4138419.933913043 -5801.468695645023
571847.3156521922 4138420.707391304 -5895.450869557684
571619.1347826344 4138421.480869565 -5989.433043467643
571390.9539130355 4138422.254347826 -6083.415217394629
571162.7730434646 4138423.027826087 -6177.397391309979
570934.592173952 4138423.801304347 -6271.379565201315
570706.411304359 4138424.574782609 -6365.361739125864
570478.2304347759 4138425.348260869 -6459.343913046216
570250.0495652647 4138426.12173913 -6553.326086937048
570021.8686956814 4138426.895217391 -6647.308260857502
569793.6878260882 4138427.668695652 -6741.290434782103
569565.5069565367 4138428.442173913 -6835.272608689516
569337.3260869656 4138429.215652174 -6929.254782604958
569109.1452173664 4138429.989130435 -7023.236956531995
568880.9643478086 4138430.762608696 -7117.219130442006
568652.7834782441 4138431.536086957 -7211.20130435477
568424.6026086835 4138432.309565217 -7305.183478265904
568196.4217391224 4138433.083043478 -7399.165652177277
567968.2408695611 4138433.856521739 -7493.147826088669
1 114 0 25
1825
1826
1827
1828
1829
1830
1831
1832
1833
1834
1835
1836
1837
1838
1839
1840
1841
1842
1843
1844
1845
1846
1847
1848
1849
567927.3138461357 4138419.585000001 -7430.702692322823
568114.5676922802 4138404.540000002 -7274.27538463841
568301.8215384211 4138389.495000003 -7117.848076956899
568489.0753845632 4138374.450000004 -6961.420769274414
568676.3292307018 4138359.405000005 -6804.993461594875
568863.5830768442 4138344.360000006 -6648.566153912086
569050.8369229862 4138329.315000007 -6492.138846229693
569238.0907691544 4138314.270000006 -6335.71153852537
569425.3446153187 4138299.225000005 -6179.284230824354
569612.5984614863 4138284.180000004 -6022.856923120509
569799.8523076528 4138269.135000003 -5866.429615417638
569987.1061538227 4138254.090000002 -5710.002307711938
570174.359999984 4138239.045000001 -5553.575000013401
570361.6138461459 4138224 -5397.147692314362
570548.8676923161 4138208.954999999 -5240.720384608376
570736.1215384832 4138193.909999998 -5084.293076905016
570923.3753846512 4138178.864999997 -4927.86576920087
571110.6292308158 4138163.819999996 -4771.438461499568
571297.8830769844 4138148.774999995 -4615.011153794887
571485.1369231463 4138133.729999994 -4458.583846095918
571672.3907692966 4138118.684999994 -4302.156538406642
571859.6446154356 4138103.639999996 -4145.729230726655
572046.8984615779 4138088.594999997 -3989.301923043995
572234.1523077192 4138073.549999998 -3832.874615362124
572421.4061538639 4138058.504999998 -3676.447307677498
1 115 0 3
1850
1851
1852
566797.9000000005 4143864.095 -3944.927499996057
566820.7699999999 4143886.16 -3727.015000000695
566843.6399999995 4143908.225 -3509.102500004813
1 116 0 3
1853
1854
1855
566905.7149999982 4143968.117499998 -3073.277500010107
566944.9199999997 4144005.945 -2855.365000001505
566984.1250000014 4144043.772500001 -2637.452499991899
1 117 0 7
1856
1857
1858
1859
1860
1861
1862
566992.2925000006 4144051.653750001 -2637.452499995848
566961.2549999999 4144021.7075 -2855.36500000096
566930.2175 4143991.76125 -3073.277499999325
566899.1800000004 4143961.815 -3291.189999997264
566868.1425000004 4143931.86875 -3509.102499997083
566837.1050000004 4143901.9225 -3727.014999996561
566806.0674999997 4143871.976249999 -3944.927500002699
1 118 0 3
1863
1864
1865
566843.6399999995 4143908.225 -3509.10250000403
566820.7700000001 4143886.16 -3727.014999999044
566797.9000000005 4143864.095 -3944.9274999951
1 119 0 25
1866
1867
1868
1869
1870
1871
1872
1873
1874
1875
1876
1877
1878
1879
1880
1881
1882
1883
1884
1885
1886
1887
1888
1889
1890
566812.1465384574 4143634.053076946 -4294.543461523711
566849.2630769179 4143426.076153875 -4426.246923058365
566886.3796153739 4143218.099230829 -4557.95038457719
566923.496153833 4143010.122307766 -4689.653846107147
566960.6126922908 4142802.14538471 -4821.357307632137
566997.729230747 4142594.168461663 -4953.06076915161
567034.8457692075 4142386.191538592 -5084.764230686244
567071.9623076636 4142178.214615545 -5216.467692205741
567109.0788461214 4141970.23769249 -5348.17115373083
567146.1953845805 4141762.260769426 -5479.874615260786
567183.3119230365 4141554.28384638 -5611.57807677957
567220.4284615197 4141346.306923182 -5743.281538394653
567257.5449999997 4141138.330000002 -5874.984999998658
567294.6615384797 4140930.353076821 -6006.688461602805
567331.7780769629 4140722.376153623 -6138.391923218087
567368.894615419 4140514.399230577 -6270.095384737087
567406.0111538782 4140306.422307513 -6401.79884626738
567443.127692336 4140098.445384457 -6533.502307792651
567480.2442307923 4139890.46846141 -6665.205769312295
567517.3607692528 4139682.491538338 -6796.909230847023
567554.4773077091 4139474.514615291 -6928.612692366751
567591.5938461669 4139266.537692235 -7060.316153892058
567628.7103846261 4139058.560769171 -7192.019615422276
567665.8269230821 4138850.583846125 -7323.723076941211
567702.9434615426 4138642.606923054 -7455.426538476095
1 120 0 28
1891
1892
1893
1894
1895
1896
1897
1898
1899
1900
1901
1902
1903
1904
1905
1906
1907
1908
1909
1910
1911
1912
1913
1914
1915
1916
1917
1918
567709.9375862133 4138624.135517201 -7438.99413796245
567679.8151724106 4138813.641034503 -7290.858275845791
567649.6927586225 4139003.146551713 -7142.722413801762
567619.5703448214 4139192.652069005 -6994.586551693352
567589.4479310401 4139382.157586172 -6846.450689682439
567559.325517233 4139571.663103502 -6698.314827544478
567529.2031034522 4139761.168620665 -6550.178965536685
567499.0806896565 4139950.674137923 -6402.043103454644
567468.958275864 4140140.17965516 -6253.907241388741
567438.8358620665 4140329.685172429 -6105.7713792981
567408.7134482749 4140519.190689661 -5957.635517236636
567378.5910344931 4140708.696206832 -5809.499655223116
567348.4686206856 4140898.201724164 -5661.363793083358
567318.3462069025 4141087.707241342 -5513.227931063513
567288.2237930984 4141277.212758653 -5365.092068940092
567258.1013793151 4141466.718275832 -5216.95620691974
567227.9789655075 4141656.223793165 -5068.820344779533
567197.8565517257 4141845.729310336 -4920.68448276595
567167.7341379341 4142035.234827567 -4772.548620704427
567137.6117241365 4142224.740344837 -4624.412758613362
567107.4893103439 4142414.245862075 -4476.276896547033
567077.3668965481 4142603.751379333 -4328.141034464699
567047.2444827673 4142793.256896497 -4180.005172456612
567017.1220689601 4142982.762413827 -4031.869310318359
566986.9996551787 4143172.267930994 -3883.733448307187
566956.8772413777 4143361.773448286 -3735.597586198734
566926.7548275896 4143551.278965496 -3587.461724154528
566896.6324137867 4143740.784482799 -3439.325862037576
1 121 0 10
1919
1920
1921
1922
1923
1924
1925
1926
1927
1928
567559.1318181817 4144598.560909091 -1095.552727272634
567546.0636363636 4144585.951818182 -1333.275454545167
567532.9954545455 4144573.342727273 -1570.998181817688
567519.9272727274 4144560.733636364 -1808.720909087541
567506.859090909 4144548.124545455 -2046.443636363599
567493.7909090912 4144535.515454546 -2284.166363630251
567480.7227272728 4144522.906363637 -2521.88909090762
567467.6545454547 4144510.297272727 -2759.611818178701
567454.5863636364 4144497.688181818 -2997.334545452391
567441.5181818182 4144485.079090909 -3235.057272726296
1 122 0 29
1929
1930
1931
1932
1933
1934
1935
1936
1937
1938
1939
1940
1941
1942
1943
1944
1945
1946
1947
1948
1949
1950
1951
1952
1953
1954
1955
1956
1957
567438.837000001 4144271.208666648 -3609.925000012878
567449.2240000032 4144069.94733327 -3747.070000043253
567459.6110000024 4143868.685999954 -3884.215000031792
567469.9980000062 4143667.424666546 -4021.360000082246
567480.3850000042 4143466.163333252 -4158.505000055657
567490.7720000097 4143264.901999813 -4295.650000127587
567501.1590000064 4143063.640666542 -4432.795000085371
567511.5460000125 4142862.379333089 -4569.940000166619
567521.9330000094 4142661.117999818 -4707.085000124291
567532.3200000095 4142459.856666482 -4844.230000125828
567542.7070000065 4142258.595333208 -4981.37500008514
567553.0940000064 4142057.333999875 -5118.520000084806
567563.4810000029 4141856.072666609 -5255.665000039398
567573.8680000021 4141654.811333293 -5392.810000027523
567584.2549999999 4141453.550000003 -5529.954999998174
567594.6419999977 4141252.288666712 -5667.099999968911
567605.0289999967 4141051.027333396 -5804.24499995723
567615.4159999933 4140849.766000129 -5941.389999912149
567625.8029999933 4140648.504666795 -6078.534999912112
567636.1899999903 4140447.243333522 -6215.679999871681
567646.5769999904 4140245.982000186 -6352.824999873496
567656.9639999872 4140044.720666914 -6489.969999831568
567667.3509999935 4139843.459333461 -6627.114999913185
567677.7379999902 4139642.198000189 -6764.259999871258
567688.1249999958 4139440.936666749 -6901.404999943483
567698.5119999938 4139239.675333455 -7038.549999917134
567708.8989999976 4139038.414000047 -7175.694999967793
567719.2859999967 4138837.15266673 -7312.839999956508
567729.672999999 4138635.891333352 -7449.984999987073
1 123 0 36
1958
1959
1960
1961
1962
1963
1964
1965
1966
1967
1968
1969
1970
1971
1972
1973
1974
1975
1976
1977
1978
1979
1980
1981
1982
1983
1984
1985
1986
1987
1988
1989
1990
1991
1992
1993
567735.5232432443 4138601.563513477 -7405.257027066815
567730.9864864874 4138768.497026995 -7223.384054088619
567726.4497297305 4138935.430540512 -7041.511081112015
567721.9129729737 4139102.364054029 -6859.638108135428
567717.3762162168 4139269.297567547 -6677.765135157861
567712.8394594599 4139436.231081065 -6495.892162179382
567708.302702703 4139603.164594584 -6314.019189200902
567703.7659459461 4139770.098108102 -6132.146216222632
567699.2291891893 4139937.031621619 -5950.273243246182
567694.6924324324 4140103.965135135 -5768.400270269833
567690.1556756756 4140270.898648653 -5586.527297292527
567685.6189189187 4140437.832162172 -5404.654324314048
567681.0821621618 4140604.76567569 -5222.78135133557
567676.5454054049 4140771.699189208 -5040.908378357224
567672.008648648 4140938.632702725 -4859.0354053807
567667.4718918912 4141105.566216242 -4677.16243240435
567662.9351351344 4141272.499729759 -4495.289459427194
567658.3983783774 4141439.433243278 -4313.416486448716
567653.8616216228 4141606.366756714 -4131.543513560227
567649.3248648659 4141773.300270233 -3949.670540581151
567644.788108109 4141940.233783751 -3767.797567603504
567640.2513513522 4142107.167297268 -3585.924594626563
567635.7145945953 4142274.100810785 -3404.051621649699
567631.1778378384 4142441.034324304 -3222.178648670785
567626.6410810815 4142607.967837823 -3040.305675691734
567622.1043243245 4142774.901351342 -2858.432702712782
567617.5675675677 4142941.83486486 -2676.559729734944
567613.0308108109 4143108.768378377 -2494.686756757985
567608.4940540539 4143275.701891894 -2312.813783781062
567603.9572972971 4143442.635405413 -2130.940810802296
567599.4205405401 4143609.568918932 -1949.067837823195
567594.8837837832 4143776.502432451 -1767.194864844219
567590.3470270263 4143943.43594597 -1585.32189186629
567585.8102702695 4144110.369459487 -1403.448918889332
567581.2735135127 4144277.302973004 -1221.575945912425
567576.7367567557 4144444.236486522 -1039.702972933754
1 125 0 29
1994
1995
1996
1997
1998
1999
2000
2001
2002
2003
2004
2005
2006
2007
2008
2009
2010
2011
2012
2013
2014
2015
2016
2017
2018
2019
2020
2021
2022
567400.94366667 4144234.649333275 -3645.034333372537
567412.6373333384 4144034.648666579 -3780.968666725921
567424.3310000029 4143834.64799995 -3916.903000033815
567436.0246666621 4143634.647333412 -4052.837333279618
567447.7183333297 4143434.64666673 -4188.771666623278
567459.4120000007 4143234.645999989 -4324.706000007675
567471.1056666686 4143034.645333301 -4460.640333355419
567482.7993333391 4142834.644666569 -4596.574666732978
567494.4930000014 4142634.643999977 -4732.50900001595
567506.1866666606 4142434.643333437 -4868.443333262541
567517.8803333304 4142234.642666718 -5004.377666631492
567529.5740000006 4142034.64199999 -5140.312000006689
567541.2676666687 4141834.641333299 -5276.246333356768
567552.9613333398 4141634.640666557 -5412.180666741157
567564.6549999999 4141434.640000002 -5548.114999998235
567576.34866666 4141234.639333447 -5684.049333255625
567588.0423333311 4141034.638666706 -5819.983666640182
567599.7359999992 4140834.638000014 -5955.917999990501
567611.4296666695 4140634.637333286 -6091.852333365881
567623.1233333392 4140434.636666566 -6227.786666735219
567634.8169999985 4140234.636000026 -6363.720999982012
567646.5106666608 4140034.635333433 -6499.655333265327
567658.2043333313 4139834.634666701 -6635.589666643027
567669.8979999992 4139634.634000013 -6771.523999991026
567681.5916666704 4139434.633333271 -6907.458333375585
567693.285333338 4139234.632666589 -7043.392666719536
567704.9789999971 4139034.632000051 -7179.326999965553
567716.6726666616 4138834.631333421 -7315.261333273685
567728.3663333301 4138634.630666724 -7451.195666627307
1 126 0 29
2023
2024
2025
2026
2027
2028
2029
2030
2031
2032
2033
2034
2035
2036
2037
2038
2039
2040
2041
2042
2043
2044
2045
2046
2047
2048
2049
2050
2051
567729.6729999991 4138635.891333352 -7449.984999987166
567719.2859999968 4138837.15266673 -7312.839999956807
567708.8989999976 4139038.414000046 -7175.694999968297
567698.5119999938 4139239.675333454 -7038.549999917846
567688.1249999958 4139440.936666748 -6901.4049999444
567677.7379999903 4139642.198000187 -6764.259999872402
567667.3509999935 4139843.459333458 -6627.114999914569
567656.9639999873 4140044.720666911 -6489.96999983316
567646.5769999906 4140245.982000183 -6352.824999875294
567636.1899999904 4140447.243333519 -6215.679999873684
567625.8029999936 4140648.504666792 -6078.534999914434
567615.4159999936 4140849.766000125 -5941.38999991479
567605.028999997 4141051.027333392 -5804.24499996022
567594.6419999979 4141252.288666707 -5667.099999972272
567584.2550000001 4141453.549999997 -5529.955000001771
567573.8680000023 4141654.811333288 -5392.810000031056
567563.4810000033 4141856.072666604 -5255.66500004276
567553.0940000067 4142057.333999871 -5118.520000087852
567542.7070000067 4142258.595333205 -4981.37500008781
567532.3200000097 4142459.856666478 -4844.230000128301
567521.9330000096 4142661.117999814 -4707.085000126526
567511.5460000128 4142862.379333086 -4569.940000168469
567501.1590000065 4143063.640666539 -4432.795000086834
567490.7720000098 4143264.901999811 -4295.650000128777
567480.3850000042 4143466.163333251 -4158.505000056573
567469.9980000062 4143667.424666545 -4021.360000082947
567459.6110000024 4143868.685999953 -3884.215000032281
567449.2240000033 4144069.94733327 -3747.070000043587
567438.837000001 4144271.208666648 -3609.925000013037
1 128 0 10
2052
2053
2054
2055
2056
2057
2058
2059
2060
2061
567441.5181818182 4144485.079090909 -3235.057272727013
567454.5863636363 4144497.688181818 -2997.334545454315
567467.6545454545 4144510.297272727 -2759.611818182091
567480.7227272725 4144522.906363636 -2521.889090912434
567493.7909090909 4144535.515454546 -2284.166363636594
567506.8590909087 4144548.124545454 -2046.443636370006
567519.9272727271 4144560.733636363 -1808.72090909262
567532.9954545452 4144573.342727273 -1570.998181821468
567546.0636363635 4144585.951818182 -1333.275454547698
567559.1318181817 4144598.560909091 -1095.552727273749
1 129 0 10
2062
2063
2064
2065
2066
2067
2068
2069
2070
2071
567555.5681818181 4144595.122727273 -1098.854545454411
567538.9363636369 4144579.075454546 -1339.879090901513
567522.3045454541 4144563.028181818 -1580.903636369868
567505.6727272728 4144546.980909091 -1821.92818181629
567489.0409090908 4144530.933636364 -2062.952727274869
567472.4090909096 4144514.886363637 -2303.977272718545
567455.7772727275 4144498.839090909 -2545.001818178604
567439.1454545461 4144482.791818182 -2786.026363626226
567422.5136363633 4144466.744545454 -3027.050909095804
567405.8818181818 4144450.697272727 -3268.075454544522
1 131 0 7
2072
2073
2074
2075
2076
2077
2078
566771.7674999982 4143838.883749998 -3929.037500010705
566807.705000001 4143873.557500001 -3713.394999993903
566843.6424999991 4143908.231249999 -3497.75250000503
566879.5799999996 4143942.905 -3282.110000002192
566915.5175000003 4143977.57875 -3066.467499997836
566951.4549999987 4144012.252499999 -2850.825000007614
566987.3925000016 4144046.926250002 -2635.182499989885
1 132 0 7
2079
2080
2081
2082
2083
2084
2085
566985.7587500009 4144045.350000001 -2639.722499994883
566948.1874999998 4144009.1 -2859.90500000087
566910.6162499989 4143972.849999999 -3080.087500006436
566873.0450000004 4143936.600000001 -3300.26999999773
566835.4737500016 4143900.350000002 -3520.452499990032
566797.9025000005 4143864.100000001 -3740.634999996692
566760.3312499993 4143827.85 -3960.81750000394
1 134 0 7
2086
2087
2088
2089
2090
2091
2092
566806.0674999994 4143871.976249999 -3944.927500004109
566837.1050000002 4143901.9225 -3727.014999998955
566868.1425 4143931.86875 -3509.102500000547
566899.1799999996 4143961.814999999 -3291.190000002565
566930.2174999996 4143991.76125 -3073.277500002703
566961.2549999995 4144021.7075 -2855.365000003183
566992.2925000004 4144051.653750001 -2637.452499997002
1 135 0 7
2093
2094
2095
2096
2097
2098
2099
566987.3925000017 4144046.926250002 -2635.182499989295
566951.4549999989 4144012.252499999 -2850.825000006097
566915.5175000008 4143977.578750001 -3066.467499994971
566879.5800000003 4143942.905 -3282.109999997809
566843.6424999996 4143908.23125 -3497.752500002164
566807.7050000012 4143873.557500001 -3713.394999992386
566771.7674999983 4143838.883749998 -3929.037500010115
1 137 0 25
2100
2101
2102
2103
2104
2105
2106
2107
2108
2109
2110
2111
2112
2113
2114
2115
2116
2117
2118
2119
2120
2121
2122
2123
2124
566761.8869230835 4143585.562692273 -4312.005000021853
566801.0138461669 4143379.525384547 -4443.010000043566
566840.1407692382 4143173.488076884 -4574.015000024787
566879.2676923216 4142967.450769158 -4705.020000046368
566918.394615405 4142761.413461431 -4836.025000068223
566957.5215384885 4142555.376153705 -4967.030000090077
566996.6484615353 4142349.33884617 -5098.034999989454
567035.7753846187 4142143.301538445 -5229.040000010844
567074.902307702 4141937.264230718 -5360.045000032422
567114.0292307854 4141731.226922992 -5491.050000054141
567153.156153843 4141525.189615401 -5622.054999989519
567192.2830769164 4141319.152307728 -5753.059999977198
567231.4099999997 4141113.115000002 -5884.064999998756
567270.5369230831 4140907.077692275 -6015.07000002061
567309.6638461564 4140701.040384602 -6146.075000008491
567348.790769214 4140495.003077012 -6277.07999994387
567387.9176922975 4140288.965769284 -6408.084999965723
567427.0446153809 4140082.928461558 -6539.089999987576
567466.1715384644 4139876.891153831 -6670.095000009429
567505.2984615114 4139670.853846297 -6801.09999990903
567544.4253845948 4139464.81653857 -6932.104999930883
567583.5523076783 4139258.779230843 -7063.109999952736
567622.6792307617 4139052.741923117 -7194.114999974589
567661.8061538332 4138846.704615453 -7325.119999956293
567700.9330769166 4138640.667307727 -7456.124999978147
1 138 0 25
2125
2126
2127
2128
2129
2130
2131
2132
2133
2134
2135
2136
2137
2138
2139
2140
2141
2142
2143
2144
2145
2146
2147
2148
2149
567701.4357692299 4138641.152307697 -7454.728076919923
567662.8115384491 4138847.674615451 -7322.326153803293
567624.1873076903 4139054.196923088 -7189.92423076209
567585.5630769329 4139260.719230717 -7057.522307725708
567546.9388461673 4139467.24153839 -6925.120384661237
567508.3146153924 4139673.763846113 -6792.718461564733
567469.6903846101 4139880.286153874 -6660.316538443458
567431.0661538359 4140086.808461594 -6527.914615349028
567392.4419230697 4140293.33076927 -6395.512692282717
567353.8176923115 4140499.853076903 -6263.11076924354
567315.193461553 4140706.375384538 -6130.708846203493
567276.5692307706 4140912.8976923 -5998.306923081493
567237.9450000004 4141119.419999998 -5865.905000001413
567199.3207692303 4141325.942307695 -5733.503076921133
567160.6965384478 4141532.464615458 -5601.101153798936
567122.0723076892 4141738.986923093 -5468.699230758652
567083.4480769309 4141945.509230727 -5336.297307719281
567044.8238461647 4142152.031538403 -5203.895384652775
567006.1996153904 4142358.553846123 -5071.493461558151
566967.5753846081 4142565.076153885 -4939.091538436684
566928.9511538331 4142771.598461608 -4806.689615339885
566890.3269230674 4142978.120769281 -4674.287692275118
566851.7026923099 4143184.643076911 -4541.885769238505
566813.078461551 4143391.165384548 -4409.483846197103
566774.4542307701 4143597.687692302 -4277.081923080274
1 140 0 25
2150
2151
2152
2153
2154
2155
2156
2157
2158
2159
2160
2161
2162
2163
2164
2165
2166
2167
2168
2169
2170
2171
2172
2173
2174
566774.4542307701 4143597.687692303 -4277.081923080069
566813.0784615509 4143391.165384549 -4409.483846196691
566851.7026923097 4143184.643076912 -4541.885769237887
566890.3269230671 4142978.120769283 -4674.287692274296
566928.9511538328 4142771.59846161 -4806.689615338856
566967.5753846078 4142565.076153887 -4939.09153843545
567006.1996153899 4142358.553846125 -5071.493461556713
567044.8238461643 4142152.031538406 -5203.89538465113
567083.4480769304 4141945.50923073 -5336.29730771743
567122.0723076886 4141738.986923097 -5468.699230756596
567160.6965384471 4141532.464615462 -5601.101153796631
567199.3207692294 4141325.942307699 -5733.503076918619
567237.9449999996 4141119.420000002 -5865.904999998687
567276.5692307699 4140912.897692305 -5998.306923078959
567315.1934615523 4140706.375384542 -6130.708846201149
567353.8176923108 4140499.853076906 -6263.110769241336
567392.4419230691 4140293.330769273 -6395.512692280703
567431.0661538353 4140086.808461597 -6527.914615347205
567469.6903846096 4139880.286153877 -6660.316538441825
567508.3146153919 4139673.763846115 -6792.718461563341
567546.9388461669 4139467.241538391 -6925.120384660136
567585.5630769327 4139260.719230718 -7057.522307724897
567624.1873076902 4139054.196923089 -7189.924230761508
567662.811538449 4138847.674615452 -7322.326153802906
567701.4357692299 4138641.152307698 -7454.72807691973
1 141 0 25
2175
2176
2177
2178
2179
2180
2181
2182
2183
2184
2185
2186
2187
2188
2189
2190
2191
2192
2193
2194
2195
2196
2197
2198
2199
567702.9434615435 4138642.606923049 -7455.426538479305
567665.826923084 4138850.583846115 -7323.723076947758
567628.7103846289 4139058.560769156 -7192.019615432045
567591.5938461706 4139266.537692214 -7060.316153905199
567554.4773077136 4139474.514615265 -6928.612692383201
567517.3607692583 4139682.491538307 -6796.909230866782
567480.2442307988 4139890.468461373 -6665.205769335334
567443.1276923434 4140098.445384415 -6533.502307818932
567406.0111538866 4140306.422307466 -6401.798846296987
567368.8946154283 4140514.399230525 -6270.095384770088
567331.7780769732 4140722.376153566 -6138.391923254405
567294.6615384909 4140930.353076759 -6006.688461642479
567257.5450000117 4141138.329999934 -5874.985000041488
567220.4284615326 4141346.30692311 -5743.281538440396
567183.3119230502 4141554.283846303 -5611.578076828182
567146.1953845724 4141762.260769472 -5479.874615231787
567109.078846114 4141970.237692531 -5348.17115370475
567071.9623076571 4142178.214615582 -5216.467692182641
567034.8457692018 4142386.191538624 -5084.764230665959
566997.7292307421 4142594.168461691 -4953.060769134236
566960.6126922867 4142802.145384733 -4821.357307617637
566923.4961538297 4143010.122307784 -4689.653846095567
566886.3796153715 4143218.099230843 -4557.950384568453
566849.2630769162 4143426.076153885 -4426.24692305254
566812.1465384566 4143634.053076951 -4294.5434615207
2 1 0 0
2 2 0 497
2200
2201
2202
2203
2204
2205
2206
2207
2208
2209
2210
2211
2212
2213
2214
2215
2216
2217
2218
2219
2220
2221
2222
2223
2224
2225
2226
2227
2228
2229
2230
2231
2232
2233
2234
2235
2236
2237
2238
2239
2240
2241
2242
2243
2244
2245
2246
2247
2248
2249
2250
2251
2252
2253
2254
2255
2256
2257
2258
2259
2260
2261
2262
2263
2264
2265
2266
2267
2268
2269
2270
2271
2272
2273
2274
2275
2276
2277
2278
2279
2280
2281
2282
2283
2284
2285
2286
2287
2288
2289
2290
2291
2292
2293
2294
2295
2296
2297
2298
2299
2300
2301
2302
2303
2304
2305
2306
2307
2308
2309
2310
2311
2312
2313
2314
2315
2316
2317
2318
2319
2320
2321
2322
2323
2324
2325
2326
2327
2328
2329
2330
2331
2332
2333
2334
2335
2336
2337
2338
2339
2340
2341
2342
2343
2344
2345
2346
2347
2348
2349
2350
2351
2352
2353
2354
2355
2356
2357
2358
2359
2360
2361
2362
2363
2364
2365
2366
2367
2368
2369
2370
2371
2372
2373
2374
2375
2376
2377
2378
2379
2380
2381
2382
2383
2384
2385
2386
2387
2388
2389
2390
2391
2392
2393
2394
2395
2396
2397
2398
2399
2400
2401
2402
2403
2404
2405
2406
2407
2408
2409
2410
2411
2412
2413
2414
2415
2416
2417
2418
2419
2420
2421
2422
2423
2424
2425
2426
2427
2428
2429
2430
2431
2432
2433
2434
2435
2436
2437
2438
2439
2440
2441
2442
2443
2444
2445
2446
2447
2448
2449
2450
2451
2452
2453
2454
2455
2456
2457
2458
2459
2460
2461
2462
2463
2464
2465
2466
2467
2468
2469
2470
2471
2472
2473
2474
2475
2476
2477
2478
2479
2480
2481
2482
2483
2484
2485
2486
2487
2488
2489
2490
2491
2492
2493
2494
2495
2496
2497
2498
2499
2500
2501
2502
2503
2504
2505
2506
2507
2508
2509
2510
2511
2512
2513
2514
2515
2516
2517
2518
2519
2520
2521
2522
2523
2524
2525
2526
2527
2528
2529
2530
2531
2532
2533
2534
2535
2536
2537
2538
2539
2540
2541
2542
2543
2544
2545
2546
2547
2548
2549
2550
2551
2552
2553
2554
2555
2556
2557
2558
2559
2560
2561
2562
2563
2564
2565
2566
2567
2568
2569
2570
2571
2572
2573
2574
2575
2576
2577
2578
2579
2580
2581
2582
2583
2584
2585
2586
2587
2588
2589
2590
2591
2592
2593
2594
2595
2596
2597
2598
2599
2600
2601
2602
2603
2604
2605
2606
2607
2608
2609
2610
2611
2612
2613
2614
2615
2616
2617
2618
2619
2620
2621
2622
2623
2624
2625
2626
2627
2628
2629
2630
2631
2632
2633
2634
2635
2636
2637
2638
2639
2640
2641
2642
2643
2644
2645
2646
2647
2648
2649
2650
2651
2652
2653
2654
2655
2656
2657
2658
2659
2660
2661
2662
2663
2664
2665
2666
2667
2668
2669
2670
2671
2672
2673
2674
2675
2676
2677
2678
2679
2680
2681
2682
2683
2684
2685
2686
2687
2688
2689
2690
2691
2692
2693
2694
2695
2696
567854.517668056 4140945.423106446 -4694.323177872961
570928.3459991273 4140691.578462884 -2330.007582391755
570497.936366675 4138636.647007912 -4987.548728150128
570277.8489036679 4141407.852123016 -2093.001423035957
567841.209050692 4141609.873381771 -3966.319520122716
567873.1672801053 4140275.900390078 -5423.372896436235
571240.5001522007 4138634.054052364 -4351.026151292351
569760.9526594284 4138634.979303067 -5624.008068532356
569636.6617900829 4142131.565660986 -1839.698802703673
571568.4977304433 4139990.617538007 -2558.880479653519
567828.0542664889 4142109.876658326 -3421.195661575843
567886.0412546336 4139775.999274052 -5968.624861169065
567814.8624295506 4142612.067823103 -2873.668818348102
569211.9194931533 4138632.778788012 -6099.219554502797
571762.6733663272 4138646.818779304 -3887.186425169949
569133.711719285 4142670.958177878 -1672.492726069585
567799.1132024004 4143115.337783126 -2327.143511678877
572090.3723253751 4139416.480345103 -2748.458170671788
567900.6742670746 4139276.011286329 -6512.458829213556
568660.2465305778 4143207.366052437 -1483.219343867069
568658.8539781887 4138610.66519243 -6600.064393212089
571246.5665307612 4140329.375464142 -2459.087579068902
567846.9255037467 4141278.92134998 -4329.712086230564
567863.8769873619 4140612.083845175 -5057.235673679497
570593.2084358947 4141029.089248927 -2242.974379063284
569951.7300608144 4141772.497790276 -1968.004085630097
570126.9069299765 4138640.25033583 -5303.025348955712
570861.8094308134 4138611.263417766 -4702.473478013747
572155.1595613271 4138641.188878441 -3555.489140452049
567789.6869125285 4143448.798632112 -1964.153368642674
572378.0815307345 4139070.254581803 -2886.029932016912
567909.4312343919 4138942.235495201 -6876.375811384315
568341.5984104571 4143569.542209431 -1354.537407963405
567780.2640706415 4143783.037257276 -1600.294673297632
572513.5992467507 4138659.540780201 -3226.419459155706
568289.8015881785 4138608.725240855 -6920.007703510616
567982.9264673486 4143953.752071686 -1235.798060148531
567755.1130133206 4144117.653393837 -1249.559129607491
572701.3715306221 4138710.505758328 -3008.013461465317
572467.5158855285 4138849.691672161 -3054.483009789644
572324.5099097976 4138800.408015084 -3232.470414066568
567918.6340923496 4138607.018103332 -7241.513195605456
567914.831441348 4138773.417299847 -7059.602736204503
568098.6804282437 4138777.979089602 -6896.216900497824
568092.7738624043 4138947.989683405 -6712.098977751831
568279.933154796 4138785.825355088 -6731.411380674201
568274.9926446934 4138954.457098891 -6547.996120216199
568461.5221799249 4138792.712983078 -6567.383143208907
568459.6980566798 4138957.023371075 -6386.093634094233
568271.1830635124 4139120.628978592 -6366.344608039367
568453.8787968499 4139126.521429782 -6202.47093152781
568644.2509053615 4138961.196428166 -6222.534334399294
568636.3792199763 4139132.663412168 -6038.487731061781
568449.9367432795 4139292.623116869 -6021.01160595059
568632.2773814707 4139298.982604941 -5856.923932389966
568820.7262563678 4139135.645293649 -5876.431306132959
568817.3999217902 4139303.63462738 -5692.341043316166
568628.0739172753 4139464.783138895 -5676.024854633325
568811.5725133921 4139470.831913069 -5511.285876396388
569005.4576217129 4139308.415157883 -5525.087725323156
568995.7169409409 4139476.490761755 -5346.424730549471
568807.1768453242 4139636.843346205 -5330.317593252691
568990.3895721794 4139642.548503571 -5166.20718134149
569181.0361926984 4139485.101373237 -5177.266962388769
569173.5755368609 4139650.477168438 -4999.64528321058
568987.0269045504 4139808.322725995 -4984.613390818959
569170.0299876734 4139814.372304808 -4820.300194393185
569357.2108284463 4139654.346594275 -4837.213985100645
569355.2914291653 4139819.350822803 -4655.23434472018
569165.4530703418 4139980.810750817 -4639.012761175179
569350.0556759769 4139986.351864139 -4473.888113565774
569543.3118588937 4139823.180290454 -4489.071552622502
569533.4696531573 4139992.291837812 -4309.343082712688
569346.1743427059 4140152.934389283 -4291.84138050855
569530.1243249011 4140158.387677159 -4127.376435665509
569721.8938758153 4139995.123916935 -4143.942580641306
569343.1958092169 4140319.084542981 -4109.498446936688
569527.5299370007 4140323.783928766 -3945.541735223738
569340.3775286919 4140485.302502466 -3926.942061704197
569525.0870633767 4140490.353836357 -3762.270412558836
569337.1783196633 4140651.950597788 -3744.234991050878
569521.3952336778 4140657.638222726 -3579.279403467595
569334.0745199125 4140818.655895464 -3561.382104972225
569710.1031879712 4140495.067472476 -3597.710586581373
569518.3682932958 4140824.355543315 -3396.346954932833
569331.0104850834 4140985.384086818 -3378.469499774193
569146.7773342186 4140979.440743509 -3543.723656343673
569143.590225571 4141146.291689965 -3360.78041423544
569156.1968163201 4140479.50271139 -4091.991305854213
569327.8561594043 4141152.241501075 -3195.490830859669
569140.4025758341 4141313.174212605 -3177.802497067282
568956.1191313176 4141307.176228528 -3343.160770035166
568952.8857961234 4141474.079679934 -3160.198900267481
569137.1810074702 4141480.093624426 -2994.812732827787
568949.6312857183 4141641.042330706 -2977.18938140669
568768.6612993157 4141468.014477102 -3325.581221853858
569134.026920798 4141647.091217127 -2811.677854202884
568946.3635034121 4141808.087125014 -2794.099873602379
568771.8901168011 4141301.171789086 -3508.479358458106
568762.0224767074 4141801.821838869 -2959.805208718015
568758.6530864645 4141968.904648167 -2776.760886973753
569321.7400422174 4141486.011392101 -2829.306426531821
568943.068772663 4141975.156341247 -2611.006391570258
568755.3553469499 4142136.181299886 -2593.43914179779
569318.5533680099 4141653.187268362 -2646.001197539845
569506.4615192061 4141491.905278488 -2663.686821524418
568939.8339182639 4142142.297513116 -2427.781272020964
568752.0124479921 4142303.412765399 -2410.206570110406
568570.9865120437 4142130.029028146 -2759.0426488747
568584.5313639867 4141461.929455699 -3490.904174247484
568587.7485760584 4141295.205135651 -3673.680572930833
568936.6350614147 4142309.572157632 -2244.376614574105
568748.6853860288 4142470.722305203 -2226.873472975281
568564.0788382667 4142464.55977066 -2392.693091723946
568560.737051521 4142631.836493742 -2209.409195402973
568376.1643335521 4142625.740347386 -2375.125800836647
568372.8674974062 4142792.895781076 -2191.938180738754
569503.2492200367 4141659.273726493 -2480.189345570447
569691.2936308144 4141497.902406398 -2497.857054055827
569694.4342587037 4141330.51254558 -2681.440075069811
568557.4099772706 4142799.0754342 -2026.15467851508
568369.4592107709 4142960.189031499 -2008.693153074685
569124.4917064083 4142148.382901054 -2262.003387185383
568400.4701268005 4141455.909423484 -3656.095645761508
568397.2265169146 4141622.6120355 -3473.366136524145
568403.6948459396 4141289.234988521 -3838.810063377347
568590.8765308254 4141128.579261333 -3856.424269693824
568406.889727173 4141122.630226634 -4021.472635047115
568593.9677138032 4140962.065981213 -4039.074324447844
568410.0968046633 4140956.111105937 -4204.029395079579
568597.1086634826 4140795.588710121 -4221.641451721445
568413.4107395748 4140789.596906752 -4386.488664988713
568600.223569037 4140629.214418668 -4404.116399584495
568416.6293712097 4140623.245229334 -4568.849129147923
568603.3289411353 4140462.928246302 -4586.50148923167
568419.9633487763 4140456.873893267 -4751.132149021997
568606.4581823595 4140296.681879019 -4768.821726722902
568423.1781010032 4140290.70276019 -4933.29502675299
569874.041691581 4141333.173363009 -2523.822147742817
569881.4503668949 4141167.851341721 -2701.428741684437
570063.9865421044 4141171.719443928 -2539.945345896153
570069.8011407106 4141006.345242302 -2718.982641743626
569885.5550974322 4141001.438234947 -2883.094566512505
570073.564828532 4140839.778445784 -2901.113172860793
570258.5564301172 4140845.812495491 -2735.104981367115
570261.7244386815 4140678.530814055 -2918.544033069133
570446.70779704 4140684.532303847 -2752.579175438664
570449.7164693701 4140517.167401397 -2936.248044954923
570264.9536666613 4140511.289183908 -3101.885796953703
570452.8013117092 4140349.903095115 -3119.739372867908
570637.4867808446 4140355.820858247 -2954.124201259186
570640.3442230292 4140188.777568519 -3137.565371093234
570455.9430835599 4140182.888291808 -3302.904009162876
570643.1668331855 4140022.003896544 -3320.736477878043
570458.9585551214 4140016.133700188 -3485.887812040285
570646.0288624367 4139855.485848992 -3503.58915841792
570830.1514620165 4139861.220735766 -3338.662185825348
570832.990125948 4139694.835638502 -3521.387026093479
570649.7321569599 4139688.610146711 -3686.115472828968
571016.983083581 4139700.508704207 -3356.640486203867
571019.8753798859 4139534.299694897 -3539.123177179875
571203.7101536879 4139539.940096192 -3374.549198594083
571206.6292766286 4139373.788842927 -3556.944513218775
571022.9540346079 4139368.156777184 -3721.371845274014
571390.4988262551 4139379.388080455 -3392.386400753058
571209.2990190628 4139207.962831482 -3739.192604859699
571026.026909356 4139202.416877107 -3903.176974039624
571014.3572494301 4139866.924181034 -3173.698572787732
571387.5904935619 4139545.690224635 -3209.813869077811
571574.3232646806 4139385.005545716 -3227.846847172651
571577.1588073445 4139218.824712075 -3410.347051120639
571760.9776622324 4139224.342744943 -3245.922963247383
570271.7382761894 4140176.916886054 -3468.164990218643
570274.7887772651 4140010.348488476 -3650.911415373946
571571.6781291846 4139551.399561155 -3044.945438069509
571211.873201846 4139042.590645569 -3921.017920970676
571029.0363235647 4139036.963667897 -4084.717690662684
570843.1755454093 4139196.565953758 -4067.13844512682
570846.2643022349 4139031.215537928 -4248.496443005256
570660.6141323685 4139190.647422199 -4230.925485573582
570666.982791045 4139027.561675211 -4406.938880306059
570481.0617175933 4139189.279225538 -4387.057486463042
570475.5622432902 4139351.4066787 -4211.36213328436
570292.6981502092 4139345.197384397 -4375.733394485434
570293.7535518098 4139155.270103522 -4586.193750958177
570110.0561177041 4139334.917664143 -4544.44340050452
570112.6813716902 4139173.007246048 -4722.37215562036
570289.295280747 4139510.230431745 -4194.99907116082
569926.9348379972 4139332.439064705 -4704.884248361389
569930.1489394506 4139167.126128727 -4886.092603100295
571763.4972858893 4139058.45093909 -3428.37354173089
570106.332802129 4139013.904182869 -4904.90381653589
569933.3224149452 4139001.912532942 -5067.225384900723
569747.797011849 4139161.12794351 -5049.787905585546
569750.9856218458 4138995.970157035 -5230.845545432336
569121.3627476261 4142315.721933126 -2078.466885179196
569923.8517383266 4139497.447898249 -4523.901524468444
569564.0541371517 4139157.453711563 -5212.094611243288
569568.4757466754 4138990.361725011 -5394.24309928942
568188.5046809537 4142786.681417541 -2357.605607090282
568191.7808907478 4142619.70984458 -2540.606370459452
570087.6194086092 4140171.078857478 -3633.203535262922
570090.8390692812 4140004.476647797 -3815.841929469379
568609.4828436108 4140130.487433364 -4951.174232814043
568426.0856832921 4140124.641996005 -5115.599573968474
568790.0223856755 4140302.516853151 -4604.264192334865
568213.2371918008 4141616.57532721 -3638.51424457258
568209.9708576994 4141783.259961424 -3455.824310153363
568780.9440669023 4140801.507887807 -4056.756682097935
571579.7729196436 4139053.069029521 -3592.564776186105
569888.8338294178 4140834.078305232 -3066.525358404245
568393.9556296294 4141789.306716256 -3290.668942020539
568206.6954082631 4141949.957065807 -3273.128346794686
570824.9973995001 4140194.511188248 -2972.182938408911
570822.2797562226 4140361.589220203 -2788.582725806064
568220.3054354191 4141283.011171211 -4003.649828520546
570084.0516010107 4140337.943548613 -3450.572809759563
570278.9026764807 4139843.715722861 -3832.813802469767
570096.5746563938 4139837.141355847 -3997.129748535539
571384.6870155429 4139712.156573692 -3027.054414325136
568225.9267778457 4140951.143619199 -4368.143170657893
568233.0138176832 4140619.122647578 -4731.545167158782
568239.8626638927 4140285.690021076 -5096.723291717321
568243.1639060541 4140118.644305271 -5279.785013376351
568429.2272003694 4139958.595832839 -5297.686434760629
568246.3252060444 4139952.556022068 -5461.901714643056
571009.3550567335 4140196.018478134 -2811.758433853606
571945.4640823443 4139064.491996455 -3264.962156516135
569877.7981087754 4141485.039053055 -2351.576979643407
569381.2005368499 4139152.197460469 -5375.396200165921
569386.0973422762 4138984.517092517 -5557.790312391438
568552.8013118263 4142964.53719363 -1845.981532749393
568364.3660057813 4143126.274780704 -1828.242800385579
568177.3773911691 4143123.402509559 -1992.451855802443
568174.8847601248 4143289.971031059 -1809.224920927538
568742.0153269998 4142804.939262096 -1860.668520542193
569738.8895405615 4139493.095397101 -4688.013009681455
568002.487645705 4142781.7300906 -2523.291824109253
569555.4538499094 4139325.512850398 -5032.467968054462
568024.8261953709 4141778.447862497 -3620.604396431812
569902.8272334511 4140165.797862033 -3798.201933849708
568433.1244824417 4139792.420746593 -5479.265997832258
568249.7430251101 4139786.432986881 -5643.836207279445
570452.6387482316 4140839.739307481 -2574.743023807411
569700.8680885347 4140995.771616723 -3048.43156604
568390.6734889543 4141956.046971921 -3107.93071751506
568203.4104619037 4142116.705420343 -3090.383525020157
570471.9345727733 4139515.887146684 -4031.436344964954
569315.2443960018 4141820.508152553 -2462.639898358964
569513.6907358596 4141852.174890134 -2256.519581537839
568063.9768989504 4139947.344987918 -5624.717882993719
569302.9156444495 4142157.288108738 -2098.455194455356
569300.5216170067 4142321.716170311 -1917.525461203918
570626.1716941886 4140692.963891514 -2588.662582109997
571941.3530800362 4139225.118319291 -3089.741815792327
571563.5394589723 4139709.328123947 -2876.195573418866
571369.6001328354 4139867.146894658 -2867.557484949936
568382.7227430383 4143293.314224498 -1626.538763899073
571779.8521635003 4138906.608611343 -3583.275237311906
571610.7073754892 4138862.938237943 -3777.523304753608
568174.4624268375 4143456.140732209 -1624.659135264149
571206.8680970001 4138887.903303436 -4097.478514287877
570846.3649278041 4138871.107191316 -4426.593593496455
570646.2437780102 4138876.518098972 -4592.892528522525
571755.5829673161 4139557.287358779 -2880.035802187573
572136.2299502202 4139075.642101704 -3088.28821537121
570118.7449188585 4138842.79728421 -5084.639999227776
568717.3155001921 4142990.218954949 -1675.740229601196
570303.6055809134 4138854.704122306 -4912.208759869379
569754.0697818483 4138828.69077988 -5414.354233192365
569121.9556517925 4142488.553927548 -1885.612463222042
571017.1030334379 4140385.431550299 -2594.28990768409
570628.8593104281 4140857.936397277 -2402.751227979897
567981.4273353552 4143451.822974198 -1795.683377987267
569201.0745446391 4139143.020020882 -5540.712966555997
569201.5136684999 4138976.467867873 -5725.689922965605
569388.1908422945 4138819.260203861 -5739.901221995627
569204.3006760707 4138805.029894391 -5914.082564871616
569390.3691663013 4138637.221607358 -5940.615371934368
569025.8737493963 4138790.122271971 -6084.313389115746
569024.3139920152 4138622.778551464 -6271.892477665815
569015.4525228539 4138969.206558473 -5893.984890854083
568835.631192063 4138791.095497191 -6247.044721709039
567975.6677662872 4143616.06435834 -1617.859404245764
567999.5880731625 4142947.804529179 -2340.965161679826
571740.302653999 4139715.115674325 -2717.547042101472
569736.2667080823 4139658.34850977 -4506.36210097627
569920.1222929971 4139663.118425209 -4342.738961775458
568004.3430742959 4142615.371718356 -2706.833568429139
568194.573709426 4142453.090948927 -2723.630880333491
568008.0693168633 4142447.552341063 -2890.390334007234
568903.4245881038 4142831.694500057 -1691.906147265393
572121.0676901581 4139238.313175435 -2920.308319814933
567821.662722366 4142442.508362645 -3056.515104837187
568015.9313983723 4142112.92758297 -3256.022697376083
569550.2272893763 4139653.310338239 -4672.164240907684
568438.8104942193 4139626.340874078 -5659.199355162665
568256.4382631674 4139620.442180152 -5822.801417210349
569010.9901015635 4139137.667257593 -5710.348311547198
568618.1974894028 4139798.140001767 -5313.538042936847
568029.25346455 4141610.591004313 -3803.59923295662
569729.1655434356 4139825.542423198 -4326.40749552925
569191.5434462419 4139314.946235919 -5357.584177815875
567811.5383818501 4142942.579855569 -2508.705868299273
567987.3508140399 4143119.952576069 -2159.919723477037
568011.3019664575 4142281.14391655 -3072.801881119593
571399.0239787637 4138881.017279784 -3939.679977095545
571386.8886259453 4138722.793852066 -4126.21559054956
568198.0994289933 4142285.628706985 -2906.962858457965
568466.3313922519 4138618.956836923 -6756.614384172434
568655.6688240594 4138782.280834221 -6411.816861923098
568382.8916508508 4142291.385781529 -2741.434593553063
567905.1540327326 4139108.574959313 -6694.940454885137
571965.6677682794 4138914.638989882 -3414.335806938413
571393.3779135995 4139213.130871156 -3574.93410725894
569369.7596733547 4139326.211035204 -5191.58886324109
569545.9864813283 4139493.29529138 -4853.895888637831
570836.4227797787 4139528.45249204 -3703.598221350259
571028.5812588249 4138877.297617244 -4262.801107030158
568175.7156527133 4143752.77208674 -1293.460418690114
569934.8269955548 4138826.897747755 -5260.702917786705
570293.9589015893 4138664.175585891 -5132.553619292653
570540.0825934822 4138778.149602438 -4793.779826757054
570408.2311195969 4138957.618586398 -4707.584593432942
569570.4489304284 4138820.15783878 -5581.963100508388
569932.1691931325 4138650.841698254 -5458.923421496857
571406.4005162095 4140156.33647844 -2514.031663399148
568498.5489557153 4143387.384854659 -1422.11215899075
570462.8827411728 4139849.44968175 -3668.010596731861
569907.1942037414 4139998.840259397 -3980.247915549965
568613.6560844958 4139964.461330225 -5132.350370163416
568796.8324305712 4139970.245300517 -4968.183574564434
568793.237961472 4140136.457888188 -4786.30152955827
568976.9698340622 4140142.109510738 -4621.803669266845
568973.6590692494 4140308.306723302 -4439.694442505792
570076.8880789672 4140672.679739099 -3084.21491688392
569891.8307993161 4140667.258344293 -3249.597841925384
570080.2396172386 4140505.55861079 -3267.317255677617
569895.0820548646 4140499.905282692 -3433.044649790639
569899.7679309319 4140332.332262503 -3615.50092267469
569716.2340310811 4140325.401373093 -3781.25200206029
571397.2254371605 4139046.238208899 -3757.355103324612
568981.4725745542 4139975.784991576 -4803.028186190293
569697.3278251362 4141163.054885418 -2865.311289799863
568183.4824390945 4142954.39127352 -2175.286688831459
571084.9033215635 4140509.299885008 -2398.055839089978
567895.7738334521 4139443.324279982 -6330.476690225988
568083.190092155 4139282.851700653 -6347.685084906655
568078.4015311697 4139448.825782155 -6167.096683209722
567890.5495329452 4139609.277806846 -6150.286371115326
570285.0586578639 4139675.782614337 -4014.404934769083
567868.9427447685 4140443.529861273 -5240.456547331517
568051.6221389436 4140448.158004365 -5078.003982486764
568567.4603452901 4142297.341968833 -2575.87721245396
569792.0655067975 4141949.726821855 -1908.251025352079
569739.5914287663 4141810.327490964 -2108.572341071496
569589.5035238934 4141989.546644728 -2038.358203912267
569161.5219389119 4140147.663891247 -4456.70774198372
568104.3443789125 4138607.201808249 -7081.396977615716
567859.5318221903 4140778.932718758 -4875.291920018295
568042.1762517297 4140783.651023776 -4712.769121823992
569509.5001637777 4141324.768537709 -2847.075962474834
570115.0291447255 4141588.557826758 -2032.096081253353
570438.4019072384 4141225.023033592 -2158.221732487748
570371.3346899445 4141107.832357381 -2346.393033485178
570241.5554565878 4141276.055191295 -2270.929216754576
568787.02140798 4140468.703565241 -4421.899899408293
568970.9119174348 4140474.375644393 -4257.242673725028
568783.9909870087 4140635.03628702 -4239.398466084975
568968.0967822585 4140640.766082913 -4074.491629012902
568965.0214535173 4140807.32938528 -3891.772252947378
569152.6819416311 4140646.432983997 -3909.242015477558
568959.2995506178 4141140.373660314 -3526.055932311068
569703.4954538662 4140829.135283056 -3231.617951483123
568775.1171595537 4141134.39202919 -3691.308990854049
568022.6968582649 4141943.919364311 -3438.285503560988
567836.4816523567 4141939.15539367 -3603.933853845269
567877.1488112248 4140109.223479472 -5605.438392055076
570839.9514353957 4139362.230938285 -3885.546915467909
568223.0637156898 4141116.816615697 -4186.231832725627
568037.6513093065 4141112.912085834 -4350.232439389874
568036.8524867884 4141279.427517199 -4165.606080338097
567847.7964696753 4141441.24934743 -4148.308077265614
568217.1620054084 4141449.580324566 -3820.982581693149
567850.4670975636 4141110.890430031 -4513.663274301693
568802.7707039978 4139802.94690745 -5149.255799517814
568765.3642207159 4141634.848475827 -3142.75153393072
568962.3251688981 4140973.729033251 -3708.90861901284
568778.0296858834 4140967.964178623 -3874.017809489765
568386.8978506537 4142123.540320839 -2924.779321098134
568581.2483729847 4141628.668664871 -3308.167846580526
569149.5281537641 4140813.002851984 -3726.582892302508
568623.1204039743 4139631.220142073 -5495.063307121353
569515.4518846258 4140990.838547918 -3213.580098654158
571011.6435259503 4140032.295394777 -2991.994494573399
568379.3781549216 4142458.752760447 -2558.198107630756
569158.294357945 4140313.903386941 -4274.479830426588
569315.7527609305 4142481.985532933 -1726.047206974428
567793.9926575257 4143282.865206842 -2145.112268345548
571032.7134368032 4138614.659754031 -4551.531359067533
570273.2201724731 4141011.597905889 -2537.976523736914
569324.7734264494 4141319.091169268 -3012.45913529969
567785.8553282151 4143614.957926748 -1782.534808824188
570633.4196906964 4140523.097549731 -2771.464885763906
571974.7820516092 4138628.965304326 -3724.412512271427
569130.785222729 4141814.205141135 -2628.488951624331
569741.7891730069 4139328.269113345 -4868.950555120041
570268.3643950227 4140344.039771518 -3285.079934958638
569699.526989725 4141662.053876689 -2308.08408744293
570106.4016761853 4139503.755408288 -4359.691472842181
568934.3986171852 4142477.772126534 -2059.113452009503
567774.8706225717 4143948.805896094 -1420.455765104098
568577.974488768 4141795.482487731 -3125.340640015323
568745.455646015 4142638.081589995 -2043.40121271323
570827.3470538234 4140027.749836143 -3155.747588195929
568088.0478696484 4139114.98370269 -6530.321615902692
568446.13625575 4139458.387477645 -5839.805789218312
571754.1372654549 4139387.500262164 -3070.235900932658
571200.8951596108 4139706.206238273 -3191.936361283596
568262.1178465015 4139453.257722802 -6003.969597027365
568574.5675479333 4141962.658321891 -2942.225125494555
567983.2784562169 4143287.622814951 -1976.826966903592
568266.9105968107 4139287.047415742 -6184.817285645338
569127.5375515011 4141981.354413154 -2445.265853796484
570657.7261741967 4139356.357214067 -4048.994635762848
570800.3317517976 4140537.279617704 -2611.956770296949
569512.5236790448 4141157.723321437 -3030.376273818027
567808.3324506303 4142780.627404511 -2691.702529958321
570102.2127403255 4139669.371904819 -4178.984699347813
568229.7737400569 4140784.250838009 -4550.564782451508
568930.9105232733 4142650.897293931 -1869.446833019074
569312.2462546778 4141987.427017065 -2279.458354227762
568841.4394711886 4138617.016589196 -6435.774884371488
568047.2541329096 4140615.580864836 -4895.441109474462
570654.1206189787 4139522.023346643 -3867.730284021733
569706.5623311226 4140662.541864612 -3414.378121004306
571195.6017993703 4139870.018404012 -3014.188618606286
570467.4245402095 4139682.40904303 -3849.998447007165
571205.1558114842 4140186.726575838 -2653.498852960735
568236.3037912077 4140452.378905234 -4914.280527246098
567820.7293306486 4142279.229272857 -3239.031333541493
568057.0130718205 4140280.274210983 -5260.199001656259
569714.6731360884 4140162.909692633 -3963.432258503722
568827.7326577865 4138964.872550731 -6060.450372354399
567971.6631971681 4143781.650987606 -1437.027115013755
568060.594968449 4140113.714365888 -5442.478333682105
567880.5252644824 4139942.526661657 -5788.047063928139
569913.5971843017 4139831.074746462 -4161.439845006151
567833.0065484138 4141778.010485286 -3786.263584975615
568068.4535530856 4139781.036052651 -5805.947519167586
568073.1962723943 4139614.999309161 -5986.645130525547
568032.9415367304 4141444.800642362 -3984.930785097102
568039.6213956312 4140948.875992772 -4531.091000841066
571561.6385333564 4138745.698412635 -3950.251227753287
570692.746309786 4138615.230482263 -4843.635751403393
569362.4831575678 4139490.770333896 -5014.717299369549
569570.7806694348 4138638.135838869 -5784.248841174143
570078.3034597228 4141449.237425331 -2218.76889995061
571192.4805073476 4140031.738840139 -2836.898422889544
568543.6238874425 4143123.732583357 -1676.716275043529
572141.1524556739 4138930.592398306 -3245.474641659081
567728.9771217403 4144287.439544737 -1083.110095311672
572341.592759156 4138636.819127788 -3399.817955102718
569481.6885595373 4142310.62786667 -1773.865998001333
569909.2819204056 4141629.125363524 -2164.113886529221
570494.8974612053 4139043.853809674 -4536.987012922871
570780.6099439844 4140867.47255354 -2261.468756408019
568161.0115309826 4143606.193017513 -1469.249002939103
571925.5258714039 4139590.890695952 -2696.304046879838
571378.4291554544 4140018.718236441 -2691.271966679364
571926.3345449286 4139380.802808353 -2929.413497247798
572312.0598211462 4138966.434417146 -3058.420988173639
568852.9579718981 4143029.739864123 -1514.958320133236
569453.76268261 4142161.84797502 -1963.488881386877
570058.8915969889 4141315.064354527 -2384.804659869552
572172.8839374444 4138767.446616912 -3399.715379495376
572576.4691782765 4138906.564031478 -2897.372326133899
568331.0836170824 4143439.016481336 -1508.852952249235
570767.3374708624 4140715.037597989 -2442.54156120094
572255.1939661031 4139267.200298959 -2772.666267272637
571550.1904999329 4139861.862377317 -2717.935494997689
571987.1908122808 4138760.545803925 -3567.292256896194
571819.4843088944 4138757.79040171 -3714.767771723659
571596.4566939292 4138603.455147417 -4078.571774008579
569027.3509686501 4142866.915968528 -1545.997578863905
571445.5218692326 4138578.730726254 -4236.054713168195
569430.5819000847 4142020.758736463 -2140.46695939863
571175.9388853499 4138782.823364601 -4241.054050801235
570208.1022877812 4141179.486175126 -2407.206322901204
571011.5914568485 4138765.354192493 -4402.012009598683
567900.3186234329 4144128.011754105 -1112.997432692048
570716.1778294283 4138726.978038441 -4699.095983273482
570926.5872081188 4140567.511688665 -2469.59535294224
571714.4098855881 4139853.329138803 -2586.025747427454
570823.8951423332 4138762.226915632 -4567.114247236404
570237.0696627225 4139040.035866176 -4763.246844303974
570473.7450494193 4140959.733633509 -2423.027669385015
2 3 0 0
2 4 0 115
2697
2698
2699
2700
2701
2702
2703
2704
2705
2706
2707
2708
2709
2710
2711
2712
2713
2714
2715
2716
2717
2718
2719
2720
2721
2722
2723
2724
2725
2726
2727
2728
2729
2730
2731
2732
2733
2734
2735
2736
2737
2738
2739
2740
2741
2742
2743
2744
2745
2746
2747
2748
2749
2750
2751
2752
2753
2754
2755
2756
2757
2758
2759
2760
2761
2762
2763
2764
2765
2766
2767
2768
2769
2770
2771
2772
2773
2774
2775
2776
2777
2778
2779
2780
2781
2782
2783
2784
2785
2786
2787
2788
2789
2790
2791
2792
2793
2794
2795
2796
2797
2798
2799
2800
2801
2802
2803
2804
2805
2806
2807
2808
2809
2810
2811
575102.2111263787 4141843.578752043 -84.610489968381
574323.1273280276 4141566.363717986 -912.1552510456435
574985.0763572867 4141227.973811055 -1018.934343299807
573881.5910322905 4141789.005878292 -845.2663956694453
574667.7524199256 4142015.189043683 -85.77191439669957
573440.106274863 4142011.817325862 -778.1097827708707
575642.258038857 4141309.679324641 -535.5603361053189
574188.7804414902 4142192.667206376 -103.58380026071
572998.7218840043 4142234.846932103 -710.5890990968221
573730.2594593826 4142371.716137721 -107.7248850022211
572556.4963083179 4142458.156674442 -643.1442283137246
573290.6893803107 4142532.185916708 -127.4701674528471
572116.254186498 4142680.768143256 -575.5738429548894
572837.3405232795 4142703.307347462 -139.9014463868157
571907.2115018107 4143055.975670871 -163.175378447282
575575.9650559828 4141666.937268051 -68.54043773769337
571453.1913916683 4143015.711877896 -474.281659804658
572380.5434639573 4142880.316588613 -145.9553325024112
571233.9412721987 4143310.909700493 -180.5069242108956
575457.5852676692 4141095.704860508 -940.9447152584783
570786.7186180158 4143354.380473017 -369.6429509515732
570529.632984987 4143587.082606206 -185.2507393101845
575871.8369474681 4141501.716491985 -135.9820416335724
570126.3051555166 4143698.728076268 -253.5965369955624
569892.1954427133 4143805.030416874 -234.706711031305
572336.3761016396 4142569.253432235 -609.6534573018077
572520.0669469062 4142607.805415574 -452.3687830202653
572740.7236800971 4142497.588682635 -484.3171976800978
572777.342793137 4142346.751099146 -676.6640174912343
572962.1781932042 4142387.29121442 -515.9327225623695
573182.4880728384 4142277.072011963 -548.0788877918778
573159.9966271669 4142435.487598719 -337.1256473895771
573366.065388605 4142318.633218669 -386.6112938379916
573402.178305089 4142167.729986523 -579.3342650912165
573588.0212116287 4142204.2071286 -423.7722043523841
573621.6997334263 4142058.035964772 -611.1809102928667
573805.4773939304 4142096.51376116 -453.9523024449034
573841.293065242 4141948.298812679 -643.0481477608403
574024.9183977726 4141989.084733119 -482.6477160290026
573994.7172265432 4142135.005262397 -293.6451024796534
574207.5030654345 4142030.992724271 -321.2467147955944
574243.9325832687 4141880.385445355 -513.3747257184874
574426.6281316746 4141921.780538215 -352.6354056102358
574463.0991327392 4141771.116736382 -544.8199456741777
574643.456635684 4141811.358676066 -387.0174049488157
574682.2993050143 4141661.859603171 -576.2299988853747
574864.5100340028 4141702.042259698 -417.4731618705472
574900.4588912177 4141551.61271608 -609.6195675939946
575083.7307986775 4141592.980758618 -448.5956128331154
575120.1137501528 4141441.652090642 -641.7677023222483
574712.663059135 4141510.609475543 -772.6624860599479
575288.7630811282 4141494.615537812 -472.5705492597956
575341.7131587678 4141342.125880172 -658.1020716914225
575261.6374114433 4141645.975017252 -274.1701631050015
575487.6580517786 4141529.921801213 -311.3505917736817
574833.4472985019 4141851.021545309 -224.6366887279867
574280.214130205 4141729.583982782 -705.8596369846812
575138.1955379226 4141298.680497391 -833.3967079245415
572927.5635165665 4142538.936882326 -321.3229193977524
573218.8642115813 4142123.660257075 -744.1943685314211
572298.4638627508 4142717.424283647 -421.794085324704
572075.6241259205 4142825.02245458 -394.7635452566826
571895.1521641321 4142792.061656515 -542.3553130185752
571673.6045294823 4142903.653391227 -508.9655223898324
571652.0421705693 4143046.993569621 -318.7657806389807
571446.9963698088 4143156.289961739 -279.3727489427852
571233.3645367664 4143127.160814106 -440.1296071659878
571026.0463332636 4143259.379278615 -369.6625175252486
573659.8922106266 4141901.224359301 -811.0768405300083
574100.8629856539 4141679.013731122 -877.6734703853983
575718.5218681344 4141421.273605259 -335.368763535945
575199.9190784773 4141127.678064005 -1040.138938600698
574926.038737177 4141390.49964728 -822.6496447099771
574539.5932479185 4141454.61791355 -948.6086250527088
575347.434461094 4141753.464513116 -74.43174740076348
574431.1439671812 4142082.204896147 -123.7212282510403
573512.3016592186 4142452.195835815 -116.2286614544062
573062.1623508048 4142618.710358528 -133.3634360538201
572607.4497519741 4142793.337213299 -141.6117938961334
572145.2780722459 4142972.283424395 -147.9425157159998
574060.6707923335 4141838.832425395 -674.6540477489702
574498.4543656786 4141618.297631899 -740.6708887078413
575540.5157148505 4141208.056954792 -735.9499058243024
570335.7699419874 4143576.357519659 -308.9643636984181
570749.7204620861 4143503.547110928 -179.866402306995
573960.5958997717 4142281.389846301 -106.1832321103951
571865.4491850426 4142932.084281733 -361.3965772296759
574762.2015641887 4141333.852817261 -994.3494595231283
575041.2318621529 4141735.980865449 -270.6019220433016
569659.7467189218 4143907.885210354 -219.7516502584355
571002.408941533 4143402.427236414 -181.0373307146526
572690.5831302883 4142643.239161854 -306.8633122751934
568516.7286709375 4144423.663869627 -132.0851263979291
573759.4785355025 4142233.921083326 -285.8111791231113
570581.8843470183 4143445.090228645 -356.3602229861352
571673.9533924079 4143163.457478315 -142.1441664215582
574897.8480866398 4141948.641906502 -50.80884677391123
569423.2300677961 4144012.819034592 -204.1411017870392
572457.5158274416 4142746.321584325 -291.9334834907687
575639.7119187205 4141550.315517987 -197.4094278309855
575377.7821733636 4141012.882693069 -1102.516411645729
575475.5423543677 4141416.383375182 -478.3575970407817
573560.7247469407 4142330.962693285 -260.18761591693
570349.3953800402 4143679.142623602 -156.286475496947
571473.7552871003 4143257.840299886 -121.0815201782329
574598.0739145634 4141931.569617789 -242.7980946805821
575335.230605879 4141225.404513487 -826.4457151189097
572226.2825403931 4142848.605953487 -277.102642935766
569198.3389894429 4144110.727086226 -191.9338163804115
568741.0692691342 4144324.72201007 -146.0595963177669
575748.844380196 4141624.16414834 -32.07407018215353
575437.997639745 4141639.946309625 -183.901849583362
573381.373078526 4142419.026761456 -236.3660934006596
572011.6271103169 4142942.383818953 -264.9909442437171
568986.5407323976 4144201.243429884 -182.8244122766725
2 5 0 14
2812
2813
2814
2815
2816
2817
2818
2819
2820
2821
2822
2823
2824
2825
575616.5074043951 4141002.281495793 3.64297372706503
575709.863505459 4141094.118068355 -448.7203868804743
575470.4074116416 4140858.562401033 -270.7728238086932
575457.1121206699 4140845.482931555 -7.424246460563682
575526.8211419694 4140914.058402946 -715.2377712279791
575814.5914048913 4141197.139288886 -253.5817471991824
575639.4102624108 4141024.811924467 -228.1616200735713
575924.6077352602 4141305.36277451 -54.09237516699914
575497.2457877506 4140884.964249514 -507.6061463964731
575768.0649615079 4141151.370152131 -31.56706369182357
575530.0010174658 4140917.187029826 -904.7426699498503
575646.9690861906 4141032.24876186 -622.4805714213559
575544.7362878595 4140931.679964626 -123.456279851811
575593.2073264304 4140979.362143672 -388.6297260178409
2 6 0 100
2826
2827
2828
2829
2830
2831
2832
2833
2834
2835
2836
2837
2838
2839
2840
2841
2842
2843
2844
2845
2846
2847
2848
2849
2850
2851
2852
2853
2854
2855
2856
2857
2858
2859
2860
2861
2862
2863
2864
2865
2866
2867
2868
2869
2870
2871
2872
2873
2874
2875
2876
2877
2878
2879
2880
2881
2882
2883
2884
2885
2886
2887
2888
2889
2890
2891
2892
2893
2894
2895
2896
2897
2898
2899
2900
2901
2902
2903
2904
2905
2906
2907
2908
2909
2910
2911
2912
2913
2914
2915
2916
2917
2918
2919
2920
2921
2922
2923
2924
2925
574701.2952496005 4141197.016273908 -948.7847245768387
574261.8867758046 4141419.430143049 -883.5732823600932
573816.1467569309 4141644.275778226 -813.5689452170137
574767.0050748234 4140971.818146179 -1.826948768958769
573373.635499639 4141867.844167549 -745.8234618927017
574301.368400577 4141224.318707283 -16.5162773078493
575217.5209074531 4140836.170079865 -529.1920599291022
572931.7003361558 4142091.106066436 -678.0892512396523
573890.7274148888 4141448.191450616 -35.42544955936278
573472.3587779948 4141679.051108602 -68.51720613062048
572489.0378326504 4142314.758092412 -610.3566163147373
573036.3712055408 4141914.80043241 -78.91448864573951
572047.37647305 4142538.029660005 -543.4020333132514
572598.2319596997 4142151.019900097 -85.90725240014653
571708.3922088165 4142635.263888496 -122.507453999284
571386.1014195438 4142871.414829032 -438.6339158604476
572168.0805577318 4142386.56630777 -110.8837352878763
575141.6877127232 4140790.588141243 -99.41088302980825
571076.3467395466 4142980.807538325 -156.4262720492776
575101.0243432039 4140993.305006198 -1001.220045335971
570734.0002608364 4143202.11977539 -345.0132649528298
570425.5784263401 4143332.24461381 -169.7048695997821
570058.575102706 4143541.153620122 -230.6005029083993
574903.6968459269 4141094.248439478 -977.232970776103
574818.2724103994 4141095.836871318 -756.9493211625802
574601.1080057442 4141205.410652377 -722.9880500428959
574719.208810093 4141104.252009464 -534.2578017552203
574502.4745751099 4141213.231875325 -498.4853238587945
574620.8341992508 4141111.761586681 -308.8930922966483
574837.8430160702 4141002.513456486 -344.0619266763586
574403.92671259 4141219.624724994 -267.0914964202693
574285.6732600995 4141322.247648993 -462.7126311599754
574185.7865902429 4141330.757655843 -238.2952504475103
574088.3773295215 4141422.731549426 -436.5193547707049
575017.828938726 4140994.553246955 -785.1953122365273
574921.1529176218 4141003.453138269 -571.2981630281913
574482.1242483422 4141307.931202289 -916.1479819850149
572268.4877890196 4142426.295050061 -577.136414578449
572388.1276628325 4142324.924290626 -391.460317129862
572610.9588243745 4142212.262238689 -425.1662513601342
572710.9008331654 4142202.764747412 -644.8093751997312
572831.6541175403 4142100.366564269 -456.9864562253809
573052.3073454127 4141988.557993031 -489.1284520486453
573153.3151775772 4141979.215709832 -712.3924255864104
573272.3212223669 4141877.125928991 -521.4391879830457
573488.4486071301 4141765.232742573 -541.0691742970441
573390.4377577633 4141774.580640313 -325.8392666941152
573609.695024693 4141663.759091651 -359.1719062539479
573685.1259110031 4141576.747600964 -126.9701652550626
573807.1154653392 4141550.463279726 -321.8371858103883
573757.442304699 4141623.729294376 -554.3336677886016
573238.626843539 4141812.511919172 -109.3619875947382
573598.3290375854 4141753.487196596 -776.0562356167311
573971.4143729644 4141528.349704041 -650.5175370760669
570950.7924818746 4143092.072396884 -375.6196590464892
571162.6305146927 4142984.988677486 -407.7638079950348
571605.3034334616 4142761.384333242 -475.7619342914343
571516.8898070906 4142763.715314386 -251.194235543537
571825.7137795533 4142650.533165831 -512.0272528459918
571944.74225767 4142547.99479991 -318.8979835432951
574553.0827880115 4141093.701922856 -37.88543205836972
572815.5789859596 4142033.209207851 -79.29972434689449
572378.2326556338 4142269.91339677 -90.8267461659471
574388.4664083405 4141312.193848591 -687.1993252889661
572156.6768201622 4142438.060868643 -337.0931994793226
575212.940792272 4140885.660506257 -763.6404620139269
575170.554126382 4140818.071541173 -313.5142779185222
571304.0282930995 4142857.969940801 -152.3697280664459
574974.2972658287 4140856.408871873 19.67106698796735
574105.0681397092 4141330.601834179 -21.88889357102546
574929.1285205522 4140925.263613835 -202.8705568937906
569828.2370899753 4143662.171825102 -218.4919238322258
568490.1529486438 4144360.590646588 -125.2093484315716
574177.5582474169 4141417.500422629 -648.6810868848075
572947.4705600806 4142002.202220318 -277.0788076054632
570857.105216793 4143097.05830336 -150.1974666617121
570306.9801276864 4143420.745820628 -294.0154891516464
573168.7816283969 4141891.227909014 -315.1364903897733
574036.2427318847 4141537.760011247 -870.6041398115601
571949.9080519578 4142500.574947478 -96.33487037321429
573994.1215519971 4141430.805879198 -224.9726081070986
572722.4379127081 4142119.701369442 -261.6022419337859
569601.5834812657 4143781.03478577 -205.4830342616403
570659.6674427027 4143201.278520617 -142.2488378887693
575011.3727101673 4140923.60465381 -414.3070148958453
571721.9962282251 4142669.762148976 -330.8045655887476
575268.5091234782 4140901.287984808 -989.9793251024815
569378.6016401472 4143898.125127996 -193.447265327513
572500.4308485101 4142235.798325385 -247.2189668983627
568708.0476929012 4144246.260594824 -137.4141374356555
574753.2057280594 4141015.634590983 -183.3654776274512
570537.2040729802 4143306.80855402 -341.1140878425912
575148.6187164693 4140752.714866356 70.85203876827177
571513.6172158464 4142728.654916179 -67.69433668852007
575073.4781382908 4140932.870878698 -626.4014600507255
569171.013814121 4144007.8103396 -185.6240988739306
572290.9529352786 4142345.513399662 -234.4955086073711
573928.5168532558 4141512.385273397 -456.347700398044
568923.9668088132 4144133.605926632 -152.6921740946362
570219.9676694686 4143430.508343826 -110.2331544557908
2 7 0 36
2926
2927
2928
2929
2930
2931
2932
2933
2934
2935
2936
2937
2938
2939
2940
2941
2942
2943
2944
2945
2946
2947
2948
2949
2950
2951
2952
2953
2954
2955
2956
2957
2958
2959
2960
2961
573725.8884673887 4139142.477206838 -2288.607722554735
573969.9511108664 4139382.561490957 -1936.564019533395
574092.528451101 4139503.142365907 -2618.467047223061
574211.4756754451 4139620.149041482 -1573.919842758193
573685.6306035471 4139102.876396282 -2786.6124843749
574242.3417754907 4139650.513239072 -2184.78933609562
574456.2151050967 4139860.899120125 -1242.355957252726
573476.1702683583 4138896.82949279 -2615.235246936764
574478.8464581209 4139883.162139442 -1512.91254968094
574609.0634471168 4140011.256081674 -1093.192563755635
575114.5975877462 4140508.549173622 -68.4407321521622
573600.2398567187 4139018.876705519 -2451.667542617471
573755.6716508359 4139171.775519127 -2570.883438688488
573895.2359139024 4139309.064766969 -2349.00856477269
573848.128633218 4139262.724788964 -2112.418723779982
574033.9508707722 4139445.518688445 -2200.498292841829
574092.6024604433 4139503.213546238 -1755.493702726936
574261.1364039793 4139669.00081834 -1792.813856631188
574165.0972923996 4139574.52808633 -2403.36872839996
573849.7410867485 4139264.312265001 -2804.810445809956
574712.0540147718 4140112.567696536 -865.8304671865203
574148.6874472992 4139558.384897536 -1983.823066017443
574331.5024310788 4139738.219294865 -1401.781216580118
573346.9574681388 4138769.722902847 -2784.827779357513
574017.1366374852 4139428.979663554 -2823.991246809235
573926.5555354806 4139339.874415417 -2598.672166367766
574404.9947436388 4139810.514522616 -1764.544203923551
575013.602856055 4140409.200815427 -268.4407893870305
574815.0435057605 4140213.878286719 -656.782864360197
574325.1770786516 4139731.998138903 -1990.346201300835
574017.3299704909 4139429.169127899 -2442.311650969131
574583.5325519624 4139986.141736068 -1332.88748077909
573518.6239212054 4138938.591591829 -2801.159604545565
574911.1158562313 4140308.384515664 -471.5233370114855
574342.990871742 4139749.520836408 -1581.41925757231
573609.508252605 4139027.994406239 -2642.998486819989
2 8 0 45
2962
2963
2964
2965
2966
2967
2968
2969
2970
2971
2972
2973
2974
2975
2976
2977
2978
2979
2980
2981
2982
2983
2984
2985
2986
2987
2988
2989
2990
2991
2992
2993
2994
2995
2996
2997
2998
2999
3000
3001
3002
3003
3004
3005
3006
569910.5461071332 4136688.913749734 -6744.199814317072
570223.3008643391 4136015.487821991 -7113.164787716945
569512.0411554246 4136987.107222858 -6924.913368796717
569684.4296384607 4136365.066837819 -7419.896169273748
570264.5909737193 4136432.290499299 -6573.997480809254
569135.2736509256 4137267.918355077 -7097.067519897857
569353.5777372292 4136737.472553231 -7424.811026430209
568860.9239140654 4137309.688132597 -7411.569556496865
570003.8088193305 4135997.136465536 -7424.961139291535
570382.7551324156 4136192.235086167 -6696.68632093623
568759.3561554247 4137541.794722857 -7276.158368797189
568549.7716384334 4137666.432171218 -7408.621502567059
570464.053290114 4136280.939792347 -6485.983216583285
570206.0466847077 4136304.44052175 -6800.095160969546
570082.0461540539 4136508.883364588 -6726.528875586713
570022.6824902215 4136395.508776561 -6936.883464269951
569845.2854077304 4136179.887416297 -7422.29692892861
569844.1916554193 4136336.153592882 -7242.087446255758
569667.2052600441 4136556.73982281 -7219.873193468376
568947.2472246584 4137403.478206216 -7188.304795651927
569322.7170442474 4137127.233135513 -7012.559954077684
569214.3747528001 4137065.283759245 -7227.949079295364
569410.6162697077 4136921.761893414 -7135.096135966206
569594.5795320624 4136782.997493544 -7052.961054401273
569709.3481900099 4136840.077868746 -6834.727778564623
569779.1556168727 4136648.455311475 -6965.106739101144
570028.9967466544 4136140.290924233 -7225.21414650216
569522.335331558 4136550.976825648 -7418.285147905062
569036.0483046841 4137108.699627562 -7413.465842871494
570139.1569574599 4136201.887283435 -7007.829667558337
570317.7685556174 4136089.236625157 -6902.419871401414
569195.83431428 4136920.824224103 -7420.416296399137
568011.7686982933 4138180.101498521 -7523.451522990731
569481.3475868286 4136732.996091937 -7260.931540860613
570170.8809257902 4135917.736058291 -7296.169168664188
568351.3402965225 4137861.81869584 -7444.080511520136
569844.5702726004 4136473.71320393 -7081.675592705397
568693.02965569 4137464.477336883 -7453.811263959554
568193.8213836458 4138011.194044496 -7478.885600372186
569985.2949784764 4136295.441858726 -7102.686121857901
569925.3368694491 4136555.162171208 -6880.110604136515
569030.2509759534 4137241.573801109 -7266.673627309298
570115.9379410676 4135841.778403277 -7457.177107062468
569326.9927955169 4136875.024864423 -7300.089687958724
570082.9859072033 4136624.577833422 -6590.79231948101
2 9 0 38
3007
3008
3009
3010
3011
3012
3013
3014
3015
3016
3017
3018
3019
3020
3021
3022
3023
3024
3025
3026
3027
3028
3029
3030
3031
3032
3033
3034
3035
3036
3037
3038
3039
3040
3041
3042
3043
3044
570803.9064438535 4136553.525135431 -5952.386675302588
570344.1654520018 4136717.911370369 -6261.816166955303
570581.128128421 4137095.848034314 -5850.623574566666
569959.0288902139 4136999.852637799 -6442.567000580291
570188.5290200124 4137254.726970806 -6104.79845634438
569579.1119517164 4137275.229740717 -6622.360517883159
570976.9396849619 4136947.716165856 -5587.814909380643
569799.4503182083 4137416.761791749 -6354.202215729028
569393.3912714956 4137591.072346705 -6611.659351965884
569028.9091623725 4137709.149382234 -6863.63806945009
570779.185021634 4137019.782553215 -5720.175953481466
570674.428007231 4136875.744647911 -5889.421800725072
570477.1995037025 4136955.171745846 -6017.321906469417
570578.6214968363 4136716.761257166 -6059.033203369419
570861.3344418122 4136819.997978296 -5757.593998586305
569766.7053727694 4137131.19449279 -6537.968419737008
570190.8608580162 4136867.874491214 -6313.23512279545
569215.9670424217 4137547.554449965 -6789.26360578893
570383.950195825 4137175.351211362 -5978.438416744411
570281.4297674315 4137027.293841061 -6147.930566807056
569997.3005240551 4137335.652438852 -6226.677934119175
569589.1249172138 4137483.313227125 -6500.469646570506
570095.2018041667 4137109.068710239 -6265.009597179882
571171.1149154233 4136881.277255807 -5455.49777700595
568815.0663492968 4137822.251598629 -6987.632061119032
570689.9077969424 4136447.224348007 -6109.120190464257
568228.3287443523 4138162.02326245 -7311.825788779502
570520.6394460853 4136546.052743623 -6202.207806101431
569407.7176260863 4137387.656595376 -6709.894597874383
569896.3954411432 4137209.493613971 -6382.855161578693
571053.1974817717 4136757.258626109 -5625.270195484433
568611.1730909925 4137937.500929212 -7101.825951851767
570934.5813805126 4136642.070384074 -5790.844757838458
568423.582081237 4138051.336388348 -7202.645577281144
570376.450002563 4136865.817998867 -6153.341053903626
569208.2854284411 4137717.32075734 -6703.569874460118
569711.7081874328 4137309.617292458 -6488.615188006928
570766.7190796267 4136718.9818377 -5894.636011323073
2 10 0 0
2 11 0 9
3045
3046
3047
3048
3049
3050
3051
3052
3053
567158.3384401972 4143947.588081728 -2315.450163259393
567182.552119561 4144099.135460823 -2093.285338221307
567177.1463765447 4143767.266978695 -2488.300870620046
567195.9759627935 4143591.913345359 -2655.352782522462
567215.0446731612 4143416.637576105 -2821.854995386941
567234.2640284633 4143240.942777233 -2988.553404012216
567253.5673058415 4143064.880565057 -3155.516388288162
567272.9336395739 4142888.493307133 -3322.734936734193
567294.5451365367 4142716.616505916 -3480.412071603071
2 12 0 14
3054
3055
3056
3057
3058
3059
3060
3061
3062
3063
3064
3065
3066
3067
573646.2459694063 4139064.136462775 -3606.971682139894
573341.5870442316 4138764.44213637 -3415.866648186316
573662.5625100241 4139080.185493509 -3207.25918227604
573437.8396129305 4138859.127682823 -3847.92890943319
573293.80702403 4138717.439914016 -3182.186707917427
573484.5079183028 4138905.032903055 -3220.811355302548
573498.8826507422 4138919.174393575 -3483.286375833703
573838.5661658511 4139253.320708523 -3227.607345294468
573740.7906742899 4139157.139547879 -3424.305381644866
573385.9423465333 4138808.075412861 -3638.355547894856
573489.6964330594 4138910.140089829 -4038.325102205378
573579.6971849363 4138998.673238359 -3845.229531078908
573516.0277075367 4138936.040774024 -3674.123907718088
573611.5623268243 4139030.017189734 -3377.708915816599
2 13 0 104
3068
3069
3070
3071
3072
3073
3074
3075
3076
3077
3078
3079
3080
3081
3082
3083
3084
3085
3086
3087
3088
3089
3090
3091
3092
3093
3094
3095
3096
3097
3098
3099
3100
3101
3102
3103
3104
3105
3106
3107
3108
3109
3110
3111
3112
3113
3114
3115
3116
3117
3118
3119
3120
3121
3122
3123
3124
3125
3126
3127
3128
3129
3130
3131
3132
3133
3134
3135
3136
3137
3138
3139
3140
3141
3142
3143
3144
3145
3146
3147
3148
3149
3150
3151
3152
3153
3154
3155
3156
3157
3158
3159
3160
3161
3162
3163
3164
3165
3166
3167
3168
3169
3170
3171
573080.1846460185 4138788.096291698 -3473.822355018327
572521.0392635876 4139210.702876735 -2912.183020235124
572199.4898423419 4139570.013397449 -2793.4890251243
572717.9974375037 4139475.105737584 -3836.070650340872
571876.2073255494 4139929.757275422 -2671.514260218975
572382.7206687964 4139804.250077449 -3632.36233704587
571552.9069449351 4140289.516828526 -2549.525370375454
572068.3320251243 4140110.910806221 -3437.871010188924
571229.6169450241 4140649.265651967 -2427.541841017373
571729.0725989467 4140438.336793949 -3221.854987346155
570905.7751043725 4141011.09629202 -2307.928714581497
571404.3158015024 4140771.917485791 -3050.476593045843
573044.4135486947 4139156.086293063 -4036.901205947804
570582.7707222858 4141368.200264828 -2181.964693495913
571066.5766119662 4141091.96170306 -2825.037473016641
572820.9796867181 4138874.641336477 -3021.32337755975
570259.2250836992 4141726.459598854 -2056.768105406867
570759.3443495611 4141388.997653732 -2630.327637820059
569934.1229417424 4142090.905970312 -1938.811046316612
570433.0803207118 4141709.875501178 -2433.116745958891
570097.3949593537 4142035.934690712 -2223.035279117395
569622.6141242909 4142438.172564695 -1822.375336108192
573173.6850247741 4138911.825530917 -3909.2697861242
569780.2524377608 4142346.28073737 -2028.595650566554
567981.4391988608 4144183.739729678 -1061.36680358279
569279.2121094745 4142822.227661987 -1696.187120894365
569453.9419029509 4142662.770277014 -1823.566634437963
573217.2437436944 4138982.98582805 -4135.881233848256
573016.5287949485 4139055.208178551 -3794.636184544282
572882.367667425 4139270.509663983 -3859.985915537421
572766.6636820111 4139305.675565102 -3651.909823062185
572608.5513947261 4139493.743355875 -3613.552094857872
572656.1747408709 4139329.947867055 -3436.858273458407
572496.4777825354 4139517.648691634 -3394.15988860251
572836.2867358716 4139118.409546157 -3485.291663564573
572698.7193179976 4139168.967523288 -3253.265004311828
572840.285649944 4139001.490836165 -3289.208162822629
572663.7559138121 4139050.313633965 -2963.260752128485
570095.3022596063 4141910.053001622 -1996.997504081724
570421.3965871778 4141548.630287904 -2122.580803440047
572037.8471464331 4139749.888746643 -2732.504281214403
572139.069553053 4139745.215217338 -2960.375750730404
572298.7731068975 4139566.540012013 -3018.946299519311
572227.0659577632 4139753.785283735 -3180.667248788316
572078.7065150994 4139920.341522369 -3127.263335007968
572361.1281973644 4139390.142097153 -2854.470758097309
572443.4224287042 4139404.254463683 -3071.200074280609
571977.4319202832 4139925.085751606 -2899.394356471301
571815.7929768122 4140104.955640714 -2838.408771788491
571916.4337454254 4140098.171881147 -3061.216293514519
571750.7502443611 4140283.41382537 -3000.235506684993
571653.8051717465 4140285.078198214 -2777.053436939094
571588.3062062855 4140464.286698627 -2939.134296537684
571492.570284704 4140464.749649356 -2716.661609449319
571391.2890251507 4140469.503809366 -2488.794533680889
571330.7197303956 4140644.063876895 -2654.206260759703
571169.0384736197 4140824.573540166 -2594.245984134949
571274.8532671765 4140801.112227107 -2799.820760546909
571714.4886992386 4140109.711945345 -2610.49177862313
570746.0289867225 4141187.452413262 -2245.184579513471
570829.7680319218 4141205.06484988 -2471.432797671893
571910.1445745869 4140265.274893964 -3340.12517172871
572220.7119916943 4139962.921077826 -3533.270864090611
570918.5558361695 4141233.835145823 -2729.059132528837
571009.0524548154 4141038.446803465 -2596.85482274935
570596.2927154186 4141548.732126381 -2530.67203939109
570264.7623354585 4141874.87935487 -2330.435957497848
571072.1445978682 4140826.751555302 -2372.085720845976
573025.9506255648 4138734.762645781 -3253.631767667154
573128.625475008 4138848.401205723 -3692.748979610241
568136.570685658 4144021.630831663 -1138.378606888732
572966.3404322669 4138993.837979893 -3569.762206638968
569118.8470552444 4142994.186986134 -1624.274860290035
570674.0059442028 4141369.647958165 -2397.297086083478
571568.5342013817 4140602.78716538 -3136.346230971388
572314.4147116728 4139769.461916445 -3411.933490244114
569943.0368299207 4142196.729904428 -2145.519222373942
568956.8272322288 4143164.079610658 -1544.872253608939
572554.1066381806 4139650.664450157 -3762.258886723345
570512.4558814772 4141538.919460844 -2317.898880606796
571428.7263033771 4140626.481592518 -2851.898482454907
572159.2187785004 4139924.828066208 -3322.925289506199
572375.8631126889 4139577.591336684 -3218.159905817482
572989.1435830299 4138687.003732483 -3083.880372479097
569770.6861357403 4142250.893653724 -1838.701963726613
572888.9770645294 4139152.900224643 -3668.777358224486
568794.3393842474 4143334.090383012 -1464.585636346292
568308.8340450551 4143841.706192356 -1224.047454546455
572562.0580499752 4139343.959801827 -3241.965853056897
570349.6844196159 4141709.255140488 -2237.521605082904
572001.2697310573 4140086.963833888 -3239.389262333816
571247.8527746407 4140940.597474249 -2981.90373205302
572478.5254502671 4139633.350543655 -3555.561812790424
572615.6606779031 4139193.79611777 -3103.166802066839
569615.5406397299 4142541.138346668 -1986.774589398589
568631.2087389461 4143504.711155577 -1383.871502364572
568472.5320801793 4143670.687508702 -1305.385843087352
570192.1603136023 4141873.788568083 -2159.189035082915
572963.005296641 4138908.048988641 -3411.264081604114
572766.6178959428 4139018.263331757 -3146.858969687294
571849.095760599 4140243.716039941 -3159.864332894175
571152.39384144 4140929.684705876 -2740.091482432063
572879.2510956159 4139361.436680597 -4012.463455889454
572913.2205910728 4138851.683945856 -3196.124933715423
2 14 0 36
3172
3173
3174
3175
3176
3177
3178
3179
3180
3181
3182
3183
3184
3185
3186
3187
3188
3189
3190
3191
3192
3193
3194
3195
3196
3197
3198
3199
3200
3201
3202
3203
3204
3205
3206
3207
567766.4775460459 4144562.590836568 -578.7813266594225
568144.5787555251 4144239.584409244 -680.1645473243602
568258.3820973993 4144029.262440592 -1029.725559681683
568593.0868930599 4143779.179309797 -1018.342818521612
568723.3045889304 4143569.283063471 -1331.54823857357
569045.7201788761 4143311.710736631 -1367.611490314041
569207.4639612139 4143092.894029649 -1638.460972940486
567921.2031394717 4144359.703851664 -819.7257794791948
569506.3336737398 4142844.547785616 -1698.926795949211
568095.2691096792 4144189.372606242 -927.4128931156174
567974.5439758692 4144406.82650069 -572.5579661315735
569716.01074594 4142605.160467651 -1925.14470769375
568443.7549157152 4143932.095999787 -906.8072798044793
568295.3414221553 4144086.775789686 -788.3311196302619
569876.5969258401 4142444.18842894 -2035.300291833976
567727.2685873599 4144524.766414226 -769.4536232736126
568411.6263155006 4143876.072377884 -1133.653391761434
570036.6782801498 4142283.625241177 -2145.383741306764
568576.3987248788 4143713.720882401 -1238.734602258507
567812.8276632256 4144591.280158274 -398.5838518136737
568904.0221488392 4143463.469233172 -1242.99343042811
570195.7940836147 4142123.863980304 -2255.272971069408
568743.5928658638 4143631.30220995 -1113.147904389323
570356.5617516134 4141962.652558554 -2365.715133473936
568878.1088893395 4143407.429482642 -1456.573622686254
569077.8563603475 4143220.210610165 -1556.896626008464
570516.8413863147 4141801.76664559 -2476.284295729277
569571.1014943748 4142735.738428353 -1867.151981512394
569384.645023657 4142976.805596638 -1586.463763218736
569232.5176681929 4143139.410526078 -1453.585689061561
570676.403259383 4141641.523369237 -2586.57788677046
570835.3139491879 4141481.89858314 -2696.52142955952
569328.5529271793 4142959.463428867 -1755.516655906014
570981.7272069757 4141333.747116601 -2800.865854129528
567854.8937830008 4144459.697342858 -679.6706482475045
569675.4298354655 4142697.707002636 -1750.993879526771
2 15 0 161
3208
3209
3210
3211
3212
3213
3214
3215
3216
3217
3218
3219
3220
3221
3222
3223
3224
3225
3226
3227
3228
3229
3230
3231
3232
3233
3234
3235
3236
3237
3238
3239
3240
3241
3242
3243
3244
3245
3246
3247
3248
3249
3250
3251
3252
3253
3254
3255
3256
3257
3258
3259
3260
3261
3262
3263
3264
3265
3266
3267
3268
3269
3270
3271
3272
3273
3274
3275
3276
3277
3278
3279
3280
3281
3282
3283
3284
3285
3286
3287
3288
3289
3290
3291
3292
3293
3294
3295
3296
3297
3298
3299
3300
3301
3302
3303
3304
3305
3306
3307
3308
3309
3310
3311
3312
3313
3314
3315
3316
3317
3318
3319
3320
3321
3322
3323
3324
3325
3326
3327
3328
3329
3330
3331
3332
3333
3334
3335
3336
3337
3338
3339
3340
3341
3342
3343
3344
3345
3346
3347
3348
3349
3350
3351
3352
3353
3354
3355
3356
3357
3358
3359
3360
3361
3362
3363
3364
3365
3366
3367
3368
574273.8328465485 4141123.391867246 -9.917858396042138
574798.2593177512 4140488.305459868 -938.9776068319244
573314.991271087 4141165.037031666 -1361.549726053425
573196.2131102969 4141710.627956814 -56.50609500020035
573901.8805317883 4140776.693532681 -1522.88296922009
572553.3472323844 4141682.554805199 -1115.287342060966
572334.4487662604 4142179.937903486 -94.57513504036606
571727.3987978573 4142215.006718517 -926.5913281730418
573843.0587023414 4141357.886314392 -29.22468813177899
572882.7354286877 4141449.430197135 -1247.164847946206
572765.4812494857 4141944.892462537 -76.37482229778287
574919.6385857956 4140575.716687028 -515.3478113821968
572108.8284611343 4141957.261783056 -1046.031400901404
571324.3540921211 4142488.686427783 -796.7623885487849
574312.7043446964 4140513.391270973 -1612.550773413437
571904.0514390379 4142412.143932167 -119.5412943945952
570898.3868437428 4142754.102903962 -724.4731320936719
571472.2471983558 4142647.277650577 -138.6803205454036
574689.6016394375 4140899.555959767 15.50157062475334
570508.5802062175 4143013.463720884 -613.4303015292878
571041.3225321788 4142883.601843209 -153.2317601299116
570105.2921079037 4143275.912964955 -514.5721665014228
574721.9159989235 4140368.107177757 -1383.125666088519
570396.6206038441 4143230.788150855 -192.3739237944174
569700.8672150378 4143545.626029912 -397.6597906119218
575015.9667558336 4140681.745699631 -79.26918142449742
569946.6174123115 4143474.940132834 -214.7492880680532
574634.6935699829 4140322.985619617 -1639.340321182565
569548.4617857584 4143696.348879855 -219.8691101485205
569328.105080097 4143798.473285024 -278.3202118527443
569087.9950376931 4143945.784488108 -243.8367310995876
574483.8076469108 4141010.045868767 2.095072224334095
574357.2782028108 4141005.005122831 -204.9747526061374
574144.0028198367 4141120.597060452 -215.9115768442965
574227.7667014981 4141001.918539181 -411.2767526860927
574014.4871774124 4141117.713264854 -421.6673813478065
574098.7680437792 4140999.170983352 -615.8714066257107
573884.8708872183 4141115.50899124 -625.7255261084439
574311.2804602518 4140883.922175294 -605.1654846999203
574182.8442044469 4140880.990389593 -809.4027534284398
574394.6383593688 4140766.230989755 -798.4608693747693
574267.0564840218 4140763.119781441 -1001.881514780031
574055.5240453979 4140877.371702649 -1013.806192476318
573800.5743191703 4141233.813470127 -432.193417835516
573671.0326591874 4141231.416425597 -636.6627585557468
573585.2300709812 4141350.677072165 -442.8266263638077
573455.7926719189 4141347.437151881 -649.4331851488787
573539.030292619 4141231.008417368 -839.4726374178908
573321.9928702971 4141347.729389154 -853.08161311404
573240.2775669306 4141464.196803569 -660.610687658602
574516.9648957526 4140771.105164811 -598.2668872568273
573110.3938174394 4141460.667929629 -868.6865579843098
573025.3696299407 4141580.446059414 -672.2510856407563
572894.7186009833 4141579.934156401 -873.2792102948101
572809.8075079746 4141697.41765399 -682.922962869181
572939.8210741701 4141700.61439001 -475.553688160508
572724.5712338085 4141817.219416908 -486.7471650593478
572594.1371935145 4141814.084860867 -694.5895020351195
572509.0423817937 4141933.961942803 -497.9923343910805
572381.3278335216 4141930.106131915 -703.6444718358521
572293.848071388 4142050.739991601 -508.6295408252278
574462.3442151034 4140655.381366099 -997.0316594248263
574349.0147912824 4140646.512857915 -1194.361244097123
572169.7850952082 4142045.768257869 -711.742596048982
572078.6445466022 4142167.400176356 -519.6019630665539
573198.4757479485 4141346.196178492 -1045.991893867174
571941.7835786706 4142162.693975984 -741.5467318376159
571861.9803714348 4142284.483829913 -531.6524461432281
574559.6757140826 4140521.790731938 -1212.295705469117
572469.2792070215 4141808.809438759 -899.7447640917411
574404.9753535441 4140544.999206498 -1385.441613012765
574223.2002087901 4140643.084045922 -1395.946838572405
571991.6280660994 4142289.152036625 -320.8330006660482
571775.5223557223 4142405.789856024 -333.2448902556997
571646.0100938482 4142403.552645042 -537.2338231140859
571561.2605596315 4142521.215528675 -346.1419543303847
571430.6190385304 4142518.176040689 -554.0422941436674
571344.758959834 4142639.314052731 -355.1788736655824
571221.7826747247 4142631.358311156 -564.7618047132539
571154.4493954023 4142745.412742058 -356.8897962335828
572424.0311156071 4142053.816529075 -301.328802509429
572854.6750647395 4141820.781127104 -278.2455458804237
574624.6051428948 4140637.215457035 -798.5941422711321
574440.7170505212 4140885.755274152 -402.3932347314806
574633.6744586778 4140780.083037619 -395.4745076111306
574570.2626735162 4140888.984753199 -195.6497594818975
574782.3666069385 4140773.092681268 -187.3206536847556
574059.0161112255 4141240.335727629 -19.52635831213318
573713.7408809063 4140904.347901361 -1462.546957830473
573921.5457966868 4140858.772398777 -1269.199814322361
573707.5192243962 4140990.954092788 -1236.083439364603
571688.9324200419 4142528.457366703 -131.3293600057663
573627.5000257028 4141475.344235951 -38.56623807771093
572120.3705623425 4142295.177938034 -107.6974680558701
572208.506373019 4142172.754670631 -306.5854443736389
573411.5525140464 4141593.176158474 -47.48290816226415
573281.6982737506 4141590.159660771 -254.1176512139748
573499.28651259 4141471.279209412 -245.5508244699795
573516.3039281617 4141034.946765769 -1408.394452227482
573488.5539971504 4141132.460131265 -1185.107853757612
573635.6163751789 4141109.063521366 -1024.145301762291
569907.0883177556 4143409.151829224 -454.3983478087597
570308.0774088055 4143145.358578021 -560.4312684332222
570476.13720995 4143113.296901514 -390.9940102636697
570678.0627553253 4142980.875703559 -443.253185574307
570635.3390464517 4143092.339005139 -204.8378944907278
570705.8480287167 4142883.322819215 -666.593455651361
570867.9442594037 4142854.206589859 -498.2432050220522
571538.1985910581 4142339.432354396 -876.6729489191273
572638.2067213843 4141938.139150638 -289.2492423670076
571912.0553497472 4142090.168310998 -984.5770150888131
572709.9480470897 4141556.564931205 -1219.279219968428
573108.516294641 4141309.134083001 -1284.42960984971
572550.9338244736 4142061.008138986 -87.82831674363061
572981.9510083804 4141827.14702258 -66.42453070369265
572679.2012254201 4141694.180788647 -891.3072395464336
571260.1939945954 4142763.780256452 -145.2684306350201
570181.1425754256 4143352.904589897 -188.8994906445174
573155.508815001 4141583.493921041 -465.0954948280468
574970.6983047952 4140629.281919441 -291.383471721419
573974.8690280659 4140994.566121168 -817.734341445156
574835.9164257544 4140544.027525779 -729.6157324742366
573715.1532991591 4141353.531936021 -236.5268635823801
573369.811272082 4141467.559615272 -453.5221401082327
573929.3390865873 4141237.250886202 -226.0765293442277
572329.9939942127 4141817.330221711 -1089.355069334696
574141.200659777 4140759.362956548 -1204.423841191762
573068.4518839396 4141705.486544948 -265.7323477407834
574748.1188686313 4140434.279841585 -1162.791694768798
571109.7490609915 4142619.016718672 -769.5742877586061
570840.4747524499 4142951.416731304 -275.3542960348999
568257.9868829162 4144445.760569931 -149.8286695698223
573848.557741121 4140975.805462463 -1061.85256042812
574719.0978427381 4140658.986605356 -594.8919031577653
569753.0358191803 4143593.914474142 -186.3784009282717
574111.3761680201 4140637.204001675 -1582.833744630761
573757.9772338958 4141117.955038609 -812.9530897970488
571725.0483228769 4142292.842274758 -718.109453413575
570252.6632428602 4143247.979992412 -365.4977635088939
568879.1011061058 4144072.21160933 -218.5568386227303
572991.6786375875 4141462.138937666 -1046.074126551101
572258.0168235131 4141930.399879307 -891.2620237507606
573415.9698429152 4141230.287984302 -1029.470606061218
574902.4221896363 4140790.54218599 43.66650178102792
571038.0076976689 4142735.270929669 -562.4441896742742
574628.5990755764 4140557.847095001 -1008.741165457013
574055.7169960944 4140742.976832371 -1379.688151329957
569485.8584342622 4143664.145108422 -403.2698416180596
571522.1409965842 4142415.742648893 -693.2911857786403
574539.1435439102 4140431.712977864 -1489.097521685679
574802.6263166934 4140686.657804018 -391.8674083928703
570059.2249703142 4143365.633534819 -340.5065771690919
568469.5404898762 4144318.990867259 -171.978015438616
568669.4543114565 4144198.229127424 -195.5433313255171
570834.6737209561 4143019.930032149 -97.54456547591852
572061.71063112 4142045.599900048 -877.337935980971
572782.7932083197 4141583.134355102 -1035.580645512855
573285.5842231035 4141243.798472395 -1191.887309765273
570978.8914578559 4142848.35611508 -344.6574714831921
574456.6065195699 4140403.007997687 -1693.423767927865
575086.3663700611 4140699.838788535 77.59771582144596
2 16 0 92
3369
3370
3371
3372
3373
3374
3375
3376
3377
3378
3379
3380
3381
3382
3383
3384
3385
3386
3387
3388
3389
3390
3391
3392
3393
3394
3395
3396
3397
3398
3399
3400
3401
3402
3403
3404
3405
3406
3407
3408
3409
3410
3411
3412
3413
3414
3415
3416
3417
3418
3419
3420
3421
3422
3423
3424
3425
3426
3427
3428
3429
3430
3431
3432
3433
3434
3435
3436
3437
3438
3439
3440
3441
3442
3443
3444
3445
3446
3447
3448
3449
3450
3451
3452
3453
3454
3455
3456
3457
3458
3459
3460
574136.6969704065 4140387.524380013 -1981.505713299418
573743.1229323754 4140650.962004534 -1871.992686087424
573340.3293223933 4140912.917256942 -1769.11779641722
573614.9165792769 4140097.493883146 -2605.074360278306
572943.384702001 4141172.062174658 -1666.542007757714
573261.0783864151 4140388.904382378 -2440.996039445918
572537.9558785293 4141440.632064218 -1557.100681489084
572906.63639973 4140680.608935809 -2276.882101810868
572137.1489704233 4141704.406946662 -1450.991326840883
574294.5407556162 4139995.743708899 -2369.503635266829
572550.6506977114 4140971.609663698 -2114.427541249095
571737.5504549579 4141969.470822912 -1342.695513506544
572166.3720384683 4141262.988026229 -1966.41952125228
571337.4513492021 4142234.150393494 -1235.125477476282
571630.8475249178 4141726.314930371 -1691.29307406955
570934.4424653515 4142495.655542598 -1132.90522500713
573969.3278977993 4139806.193882549 -2768.717963294386
571318.418090303 4141985.478955758 -1544.183874651427
570534.2497359952 4142761.578886986 -1023.888823333661
570965.2362445369 4142293.348555133 -1359.967352588642
570271.6085185418 4142850.518003971 -1055.258611188736
570565.3258315928 4142591.232046108 -1212.36928973086
569923.9880508119 4143161.319890638 -864.5869976216934
568387.0783805512 4144273.381277334 -336.724584287992
573792.5571839093 4139951.073064769 -2687.594025655058
573831.967286119 4140094.181110841 -2494.746996176027
573655.8549144585 4140239.975536462 -2412.175732623989
573872.7527630361 4140235.984954261 -2302.74395776525
573698.0031339811 4140380.146361951 -2221.418747699932
574062.5479703988 4140087.222743617 -2381.677918401779
574093.3435378773 4140237.822977921 -2184.358218062803
574003.161237775 4139950.334383348 -2577.566413417513
573479.4685699797 4140385.807361873 -2329.703784210851
573523.3339914849 4140524.489546653 -2139.832556918179
573303.204693641 4140531.684895315 -2247.112372014683
573345.5802419173 4140669.66067584 -2058.875266497351
573126.53097452 4140677.80202996 -2164.448678793005
573174.5229436922 4140833.61571579 -1951.803067119771
572948.44740514 4140825.910344008 -2080.133042345614
572950.3904608131 4140998.464111513 -1871.608948921336
572743.8487686045 4140984.931451675 -1996.658784158987
573939.2852912419 4140520.870077452 -1925.121805430298
574316.6014015414 4140265.671322819 -2033.289695140885
571135.1916076886 4142363.691920649 -1185.869452978973
571539.3065872327 4142103.408507496 -1286.038001534659
571937.6685812599 4141837.134005778 -1396.440847621151
571919.4090137517 4141679.127275564 -1596.064908025611
572134.5789581076 4141548.333939441 -1640.027031772855
571948.2577807721 4141512.46140003 -1781.291945845206
572337.6184156372 4141572.487061548 -1504.050264215975
572336.8820084482 4141414.812217437 -1694.04654396232
572543.7475068059 4141279.879110936 -1747.360444993097
572738.1149440911 4141308.798014149 -1610.219863122044
572736.5256673461 4141152.178017764 -1799.396827634102
573543.5503768113 4140784.704277566 -1816.269923496215
573438.3635275242 4140243.007076992 -2523.073372699689
573084.2273085687 4140534.404844394 -2359.167319493784
572357.4231728497 4141124.551645715 -2032.274938415758
572726.2450113744 4140828.739780071 -2193.754798955297
571484.540310896 4141849.748965958 -1619.913743735443
571140.3878706258 4142133.043638844 -1460.493872823598
573142.6674117667 4141043.634262173 -1716.026750969627
570129.4955885089 4143027.580845735 -917.1801840968409
574427.1457418608 4140088.388610632 -2188.258311131572
570770.2278286596 4142437.398827838 -1289.445197963624
573915.0321806087 4140374.025485821 -2114.479615117363
569731.2734909724 4143296.211596851 -803.8702043308879
571742.5464288332 4141818.89177893 -1521.139900373274
574216.5179859569 4139877.345679973 -2552.97176692725
573731.1862521061 4140516.353003547 -2040.150330514926
570745.503297179 4142636.227943607 -1063.368903195665
572557.0142543829 4141119.705779742 -1932.986379845088
569535.5567432188 4143437.664602165 -736.844384247908
572117.7965171739 4141413.110442983 -1811.475673467433
571551.665421756 4141959.76785232 -1452.261085152474
568576.2767169063 4144134.287366807 -404.3464871140421
573547.4884251452 4140654.147816776 -1971.19375231883
569341.2573857354 4143579.788515181 -668.2653015843903
570396.4542353987 4142703.935820885 -1165.777068820895
572365.7778966181 4141254.570653329 -1871.523349490598
571349.5490778456 4142106.657507316 -1382.067926497902
574237.2047236301 4140122.641576305 -2247.101738891895
574143.1111356788 4139801.777649131 -2682.504616257531
574517.9681392689 4140165.826027311 -2047.305469491864
569144.6453629001 4143722.316608063 -600.41816041488
573372.1750522638 4140786.479425453 -1904.391108257637
570368.2703157193 4142922.48042351 -917.8142528319501
568765.4755966028 4143995.196506709 -471.9644355549115
571975.0889570076 4141383.946477242 -1921.703963516467
571171.0187790728 4142241.167406167 -1314.340040532314
571771.1959458026 4141584.988415106 -1787.326850193352
568954.6743754842 4143856.100086892 -539.5891228123985
2 17 0 3
3461
3462
3463
574436.8649107032 4139841.870046443 -2356.672138511567
574619.6660245153 4140021.69197779 -1902.593973358066
574684.260483694 4140085.232596973 -1675.230207277074
2 18 0 159
3464
3465
3466
3467
3468
3469
3470
3471
3472
3473
3474
3475
3476
3477
3478
3479
3480
3481
3482
3483
3484
3485
3486
3487
3488
3489
3490
3491
3492
3493
3494
3495
3496
3497
3498
3499
3500
3501
3502
3503
3504
3505
3506
3507
3508
3509
3510
3511
3512
3513
3514
3515
3516
3517
3518
3519
3520
3521
3522
3523
3524
3525
3526
3527
3528
3529
3530
3531
3532
3533
3534
3535
3536
3537
3538
3539
3540
3541
3542
3543
3544
3545
3546
3547
3548
3549
3550
3551
3552
3553
3554
3555
3556
3557
3558
3559
3560
3561
3562
3563
3564
3565
3566
3567
3568
3569
3570
3571
3572
3573
3574
3575
3576
3577
3578
3579
3580
3581
3582
3583
3584
3585
3586
3587
3588
3589
3590
3591
3592
3593
3594
3595
3596
3597
3598
3599
3600
3601
3602
3603
3604
3605
3606
3607
3608
3609
3610
3611
3612
3613
3614
3615
3616
3617
3618
3619
3620
3621
3622
572117.6730408203 4137778.950171035 -6439.254707101034
570904.165321991 4137887.732893306 -7359.853231213641
570397.9820365473 4138188.608008831 -5634.795465239269
570956.4717110366 4138143.617104988 -5169.227294765147
569836.3961129552 4138233.456474642 -6106.179456645177
572184.1883294793 4137850.09012626 -5752.33802790552
570201.6790062306 4138014.656577508 -7364.886915447038
569274.4048073702 4138278.582805644 -6575.877268678857
571606.6516377981 4137760.809209091 -7354.819547011872
571522.3222461917 4138098.030497924 -4697.545463969987
572220.2517930999 4137900.386004769 -5283.117443652631
569719.016528151 4138101.189727874 -7373.902867446902
569267.2985898973 4138181.514148285 -7387.796312386227
572273.5972751073 4137948.126252349 -4809.09389688727
572042.0127277214 4137730.477361906 -6952.766335953068
568899.6197380251 4138308.723310818 -6888.730658074838
571896.3511160299 4138067.726096465 -4387.178225547694
568800.6745221873 4138267.799606669 -7374.821701517955
572301.3297713251 4137997.647230983 -4358.754651087791
568526.2607075959 4138338.750497938 -7200.382387136499
572308.7343787486 4138032.018123245 -4063.937752104118
572097.8253900689 4138049.981752674 -4231.722360152549
572118.9586578208 4138015.694538032 -4483.081639011573
571916.4335620709 4138033.569475918 -4639.034255842167
568322.6776703789 4138354.047756699 -7379.198324693813
568706.3852374598 4138325.353342335 -7041.036669725163
568915.0763326832 4138273.254157575 -7158.353517252876
569122.6887310683 4138258.228156914 -6971.260029011783
569088.0049731159 4138293.490638741 -6732.157020674777
569312.1582962263 4138242.942886617 -6813.495594371444
569497.8118865457 4138228.168825618 -6657.229919884112
569534.9391115606 4138192.759051941 -6893.88699146764
569720.3162367183 4138177.972216843 -6738.14107392222
569759.5511353421 4138143.046975984 -6967.639925528354
569943.0978859917 4138127.901407159 -6817.598237361513
569905.8292930997 4138163.141600248 -6582.552851470024
570127.2133838069 4138113.108706545 -6663.791413736566
570164.9414878162 4138077.826110116 -6898.498201328403
570349.190160259 4138063.014519533 -6744.647732510462
570312.1931382935 4138098.228283885 -6509.413530641903
570533.6018999745 4138048.228611894 -6590.340886710641
570496.6866933182 4138083.465274566 -6354.795058272312
570718.3754068239 4138033.414310555 -6435.726276906567
570681.7166935848 4138068.608121663 -6200.149792660264
570903.2762270598 4138018.584253438 -6281.050933875503
570940.1116598054 4137983.325185158 -6516.901262446505
571124.7990556345 4137968.491910516 -6362.572317058424
571088.1166865558 4138003.738971858 -6126.591720408456
571309.6815221105 4137953.619623923 -6208.273069331181
571273.1044867621 4137988.862572392 -5972.168569867568
571161.3054645541 4137933.304189648 -6598.326771794414
571051.2331039947 4138039.05859016 -5890.313728781866
571236.6218549764 4138024.147585979 -5735.575363474678
571494.6231399396 4137938.736069646 -6053.978188349658
571530.7600103408 4137903.565203824 -6290.147301062662
570570.134273891 4138013.033095199 -6826.120782254326
571715.7697896907 4137888.691949356 -6135.665251635139
571679.5385280602 4137923.824837522 -5899.951086705337
571014.7842454772 4138074.296252723 -5654.060776786318
570461.2518054341 4138118.458449215 -6119.040735704089
570977.0779279466 4137948.082052539 -6752.423977366379
571197.9725003688 4137898.189762942 -6833.235491834927
571381.9065471569 4137883.410099927 -6679.592969839792
571418.5268736408 4137848.354017361 -6914.090076951692
571602.2278863267 4137833.598519134 -6760.597307781322
570829.9651483644 4138088.877473373 -5810.667712192912
571200.2181987563 4138059.425508824 -5498.92233595102
571422.2086720375 4138009.189912957 -5580.925411972205
571386.164828858 4138044.377827088 -5344.476160413582
571608.0177458624 4137994.19927231 -5426.214523094173
571572.1094031205 4138029.370308706 -5189.701530573311
571238.9760694705 4137863.179508936 -7060.785567464126
571792.2226130648 4137979.53142689 -5271.243132092783
571757.5275188019 4138014.509030602 -5034.50868696722
571821.8850079002 4137945.305997265 -5509.310637451552
571353.6716768118 4138079.17512928 -5105.930211839197
570797.0356091507 4138124.017538437 -5569.946339735116
571639.3396126283 4137799.720517494 -6984.633334252246
571743.9323510426 4137854.850734762 -6372.808841002949
571900.7452156624 4137873.787477921 -5981.492369939712
569576.0888114751 4138156.238578313 -7133.684438751447
572007.3328568855 4137961.096228909 -5101.055161187032
571825.4058052112 4137781.96389742 -6852.369372206609
571945.9676425015 4138002.184102387 -4853.850329664896
569350.4028630289 4138209.343598115 -7033.533260143112
571858.3556351728 4137910.005094476 -5746.05299393331
571466.7557482038 4137808.985508744 -7166.788252624807
571269.2421503338 4137829.327281958 -7294.867723911993
570755.3804050229 4137998.160560143 -6671.278597288173
570792.9618785023 4137962.822174526 -6906.665646840591
570608.6664500348 4137977.56921667 -7061.119010287673
570388.522391454 4138027.603106746 -6978.013909884019
570418.6121428668 4137994.59094411 -7205.425860562096
570644.6920056847 4137938.577339449 -7328.99612462087
571015.5915012403 4137913.315587514 -6981.693165865057
571781.6600317087 4137819.254627319 -6610.104192739653
569461.2313295226 4138263.64135807 -6419.235558150155
569649.0035125494 4138248.466795047 -6263.100970187603
569871.1049741565 4138198.155453726 -6345.562972665673
570058.5985979643 4138183.049716972 -6189.277695742308
570022.997747642 4138218.502795804 -5949.975727738436
570211.1400348279 4138203.271441803 -5793.755292040889
570432.4274777789 4138152.952135504 -5877.502931962152
571345.8120237718 4137918.484601362 -6444.155851993893
571936.8327249904 4137838.700633885 -6217.041883160325
571330.4320360455 4138113.603365403 -4856.563460070844
570768.8729937766 4138158.817633365 -5324.887591335066
572036.8362248089 4137763.111108334 -6691.143066115173
572020.9341536887 4137704.795409178 -7196.350733554336
569986.1864327881 4138093.130402952 -7040.048835305222
571458.2358400339 4137973.939141643 -5817.918518225132
571845.477773171 4137720.152804758 -7332.519624945257
572130.1551081907 4137828.695237157 -6009.920001560986
572205.6453727704 4137875.72996395 -5508.534101597929
572244.9296501834 4137924.661258613 -5045.750990775629
569950.2398883216 4138057.936211002 -7384.434777071916
571565.4270033423 4137868.707534886 -6525.933836872555
571642.0844039783 4137959.395377826 -5662.456831057066
569499.1919025797 4138141.580460135 -7369.920142488562
569031.2670364319 4138225.624619282 -7377.396093338489
570866.6073430052 4138053.73174978 -6045.872004690798
569684.1972363675 4138213.266637133 -6500.925279873014
571703.6718254616 4138083.103281045 -4548.994035990816
570828.5161572002 4137928.019131708 -7140.671574837461
570092.0316198722 4138148.109347292 -6427.596129174574
570215.0512511201 4138043.053069958 -7110.443603110591
570277.2587302071 4138133.11605006 -6273.779300612114
570241.5984358859 4138168.603708806 -6034.280969689726
570648.4538492756 4138103.136901723 -5964.973867077405
570579.6939037659 4138174.295413579 -5480.627613933653
570984.272691284 4138108.657231807 -5416.146906558395
571172.1972849501 4138094.02635242 -5255.295987281425
571140.0279101706 4138129.558213545 -5010.201284730036
571544.3479004713 4138063.777017698 -4947.288945015254
571728.2478846124 4138048.325420928 -4799.244060217523
570615.3070769716 4138138.332433189 -5724.12018355136
571998.9278877188 4137930.329081378 -5367.623482568371
572430.1806455526 4138034.613561526 -3860.513767389581
571059.0329840181 4137878.793303188 -7201.561753254253
571845.327153307 4137753.294773722 -7059.169352674384
569175.3609386985 4138221.458584786 -7195.846060115189
568095.8309572558 4138385.583772677 -7458.831661370442
572306.533066223 4137969.052899037 -4586.99374002021
572169.7305751789 4137794.910085354 -6229.497419017916
568566.8348873095 4138306.92871365 -7402.256183271061
569821.5667947012 4138106.264436412 -7178.330892232336
572005.0034850328 4137899.101209986 -5616.294335223418
572109.356531487 4137990.708502098 -4703.72285734112
570435.1535401141 4137966.630244394 -7411.443233187926
571690.5635530847 4137766.282553219 -7183.88841920185
572030.3313445832 4137681.135121213 -7377.575944607495
571102.4820816931 4137846.72602513 -7401.153664239548
571911.0311609926 4137813.278016162 -6465.563433680084
569384.1122014669 4138179.378318869 -7230.369879436035
571428.4031492685 4137789.03600643 -7388.940039648738
572120.071101945 4137963.108550136 -4915.494465197775
568702.6152671532 4138303.867599119 -7224.044054459083
572010.2908411748 4137871.11498858 -5839.387698531697
570049.9448762075 4138060.755405274 -7211.745263579422
2 19 0 45
3623
3624
3625
3626
3627
3628
3629
3630
3631
3632
3633
3634
3635
3636
3637
3638
3639
3640
3641
3642
3643
3644
3645
3646
3647
3648
3649
3650
3651
3652
3653
3654
3655
3656
3657
3658
3659
3660
3661
3662
3663
3664
3665
3666
3667
572276.0090953942 4137716.231875473 -5264.473026796266
571742.8466234019 4137191.75906197 -5063.670579855368
571759.0066704655 4137207.656072927 -5644.037264243376
571965.9280431954 4137411.204376068 -4730.954002994054
572202.4129255932 4137643.83564589 -5976.802734446081
572326.1735530226 4137765.578441371 -4793.643720000597
571963.2414534698 4137408.562509273 -6284.872068751269
572198.3226233718 4137639.811061939 -4402.342579808677
572153.6433986529 4137595.861281035 -6457.12243799508
572105.1866828381 4137548.194492015 -6709.982219337821
572381.2269946035 4137819.734314537 -4333.95177184099
572350.5660102061 4137789.573199068 -4565.033777228355
572190.4786856711 4137632.095115001 -4644.702642383858
572168.0711560169 4137610.052937593 -4880.315514883034
572299.2598112123 4137739.103496511 -5029.165515829335
572142.0707320789 4137584.476424471 -5115.224217983396
572116.4627494701 4137559.285956166 -5349.65675654006
571987.4575312992 4137432.383249662 -5204.568684500562
571963.2414016445 4137408.561951644 -5443.203011497548
572091.7067835752 4137534.933625915 -5597.356086768323
571823.840663247 4137271.433150755 -5287.906930734413
572007.7112974795 4137452.3067607 -4958.765501482634
572182.6840831339 4137624.428501214 -6219.515993809012
572049.7558638884 4137493.666745649 -6095.614251135296
572069.5531044486 4137513.141166694 -5841.36904477658
571915.0012653531 4137361.108349536 -5924.191629984758
571923.6499476053 4137369.615922111 -5677.28035934563
572225.4328401447 4137666.480229064 -5744.275733692688
572247.5114749621 4137688.198869125 -5503.642923678828
571855.4772534345 4137302.553874636 -4896.660351929699
571696.0723495928 4137145.747360735 -5428.099808367904
571631.144942947 4137081.878049998 -5216.820293313547
572411.7489967213 4137849.758686798 -4059.44335775599
572151.6968363501 4137593.946876125 -7173.508213516195
572490.7949336787 4137927.516156743 -3839.759689645017
572010.4052083574 4137454.957690083 -6496.029349663757
572066.7455225863 4137510.378567864 -4551.404449607464
572132.3931561761 4137574.957702145 -6980.88305893272
571893.5603479377 4137340.017004311 -6117.158630075417
571877.7545960958 4137324.468241786 -5084.456587618439
571794.5154699504 4137242.586234629 -5817.533989766132
571829.8744055589 4137277.368662836 -5472.416518841565
572280.7417347237 4137720.886731786 -4188.280668294918
572088.3790779118 4137531.659641602 -4741.059766494305
572081.3198769308 4137524.716446617 -6321.240201715591
2 20 0 0
2 21 0 0
2 22 0 2
3668
3669
570823.4895111069 4136287.383933336 -6322.730225068784
570626.4618257817 4136093.567052301 -6723.424365183558
2 23 0 28
3670
3671
3672
3673
3674
3675
3676
3677
3678
3679
3680
3681
3682
3683
3684
3685
3686
3687
3688
3689
3690
3691
3692
3693
3694
3695
3696
3697
571336.2588549219 4137402.821201035 -5011.964842691835
570982.4592336596 4137305.695076098 -5381.094595353839
570561.7658858059 4137462.597854818 -5661.245060587786
571351.948672557 4137135.956387104 -5153.65516258412
570370.5065822576 4137630.175746483 -5732.51029718572
571512.5479507154 4137217.90142608 -4964.031229674474
571207.6838673783 4137322.991217334 -5172.068363835169
570764.8262457689 4137537.458554086 -5438.243839796509
568422.702057797 4138220.458319131 -7108.976568460947
569985.1961559585 4137706.217398566 -6028.538535107095
571616.4362184859 4137320.079110526 -4812.70793931423
570192.2416281138 4137622.791144333 -5894.279044537268
569791.5675493892 4137771.369124506 -6161.598487492363
570956.0604827494 4137514.37168248 -5282.780232323028
568617.9140943543 4138157.824778094 -6973.050153326527
569595.1322979007 4137835.034256916 -6298.004097914385
571715.3618495601 4137388.050462336 -4685.706318749009
570785.4951764757 4137348.555918711 -5530.093653685482
571138.1310287521 4137489.690912134 -5136.340114319586
569399.679810972 4137897.902096512 -6434.006339630701
570556.9054783732 4137640.860264467 -5561.633256611531
571469.2463000201 4137383.951274045 -4905.493645303468
568813.1297894246 4138095.187004372 -6837.12297370116
569210.5236605927 4137961.50472889 -6564.018627483297
571177.4920844301 4137154.384545862 -5297.014247928826
569008.3471285503 4138032.548785674 -6701.194601221147
570392.2157981116 4137470.26118487 -5806.544724169521
571078.8973161509 4137382.19738442 -5251.317768744062
2 24 0 121
3698
3699
3700
3701
3702
3703
3704
3705
3706
3707
3708
3709
3710
3711
3712
3713
3714
3715
3716
3717
3718
3719
3720
3721
3722
3723
3724
3725
3726
3727
3728
3729
3730
3731
3732
3733
3734
3735
3736
3737
3738
3739
3740
3741
3742
3743
3744
3745
3746
3747
3748
3749
3750
3751
3752
3753
3754
3755
3756
3757
3758
3759
3760
3761
3762
3763
3764
3765
3766
3767
3768
3769
3770
3771
3772
3773
3774
3775
3776
3777
3778
3779
3780
3781
3782
3783
3784
3785
3786
3787
3788
3789
3790
3791
3792
3793
3794
3795
3796
3797
3798
3799
3800
3801
3802
3803
3804
3805
3806
3807
3808
3809
3810
3811
3812
3813
3814
3815
3816
3817
3818
570472.0247362606 4137811.743034266 -5822.365324759267
571131.3200737681 4137806.677113449 -7357.272297804571
570444.4708515848 4137931.413261079 -7370.80285689268
571912.3181825627 4137584.839291286 -6261.907557292783
569892.3761394408 4137947.704856501 -6248.126135159557
571042.775388858 4137676.498151912 -5384.644313359649
569758.5831281245 4138053.739695379 -7354.142583927649
571938.7452396526 4137614.373381368 -6724.858090691429
571891.551394089 4137552.686018039 -5777.365129120873
569506.4100451227 4138038.526624521 -6535.53795611671
569120.1429092276 4138129.306378194 -6821.650538824297
571599.6442842955 4137722.061323975 -7353.916508346243
571438.7066512565 4137583.513014951 -5092.262465236268
569256.0777774928 4138146.6615376 -7386.500216247588
568740.8898668829 4138218.452197681 -7102.76349836616
571851.5188471084 4137523.91986611 -5291.694888265363
571971.6031447455 4137643.619646753 -7199.561954006214
568562.6041941298 4138274.04243456 -7419.623284340189
568928.2983587743 4138174.411846277 -6964.00222783042
568962.6567407208 4138185.096348722 -7191.787360209769
569142.9045764699 4138142.264405436 -7051.925066611134
569339.0073497854 4138097.099579823 -6919.127365831476
569312.713913518 4138084.023261802 -6678.667362731615
569532.6028497876 4138051.820823032 -6778.694437357362
569726.1460622151 4138006.468406191 -6637.14000799954
569752.0429969975 4138019.678184447 -6878.43738483281
569944.3503650522 4137974.628308833 -6737.961638251898
569970.2859126534 4137987.739048839 -6978.015984687887
570162.4717867567 4137942.747676312 -6838.03452652204
570136.4671200131 4137929.648702994 -6597.97093430518
570354.5461042405 4137897.785917303 -6698.181538586659
570328.6404408283 4137884.64976871 -6457.856871549495
570546.5871841367 4137852.826872736 -6558.284365189602
570572.3878662685 4137865.961250405 -6798.329829933842
570764.3488967918 4137821.042797624 -6658.785944028668
570738.8592215577 4137807.838881138 -6418.558080930146
570956.7383554486 4137776.043664244 -6519.194803596547
570931.3956881653 4137762.781705035 -6278.540912276605
571149.410826189 4137730.983794422 -6379.472010657084
571174.6553414512 4137744.248113857 -6619.919074210811
571124.2164637862 4137717.674972894 -6138.546170708985
571367.1791661159 4137699.226798618 -6480.35525293924
571378.6734292231 4137714.938422876 -6720.400559446126
570790.2632088602 4137834.140020152 -6898.606175121774
571197.4733260615 4137757.926852879 -6860.059537381263
570905.6421274196 4137749.560178307 -6037.433602224745
571095.9445928277 4137704.557585373 -5892.720553371673
571317.2396958234 4137672.461914524 -5997.608456765054
571288.6810267601 4137659.343958817 -5751.077725908663
571401.9602127402 4137727.642145103 -6948.519183185206
570876.2369450987 4137735.903359327 -5781.570112385977
571557.3193166156 4137671.995613932 -6575.146014057736
571553.2328771185 4137655.391967242 -6341.073730442721
571502.7226858462 4137628.743363313 -5858.508720255115
571475.2021824627 4137615.712447057 -5615.677585951551
570183.0608947936 4137956.936513009 -7079.64062078761
570583.5417243585 4137880.807262001 -7025.862313217232
570784.4394732902 4137853.808833861 -7149.955707997076
569987.3527347655 4138002.433059774 -7217.875899597348
571227.6727230068 4137772.139448492 -7125.356920565469
571259.5557514807 4137646.002574673 -5500.153017227041
571456.9209395711 4137600.588275419 -5367.057614484114
571661.2719598782 4137570.355133652 -5455.882952935619
570689.1206766181 4137780.563747175 -5929.411971750924
570997.1909515171 4137804.364596749 -6999.87645691161
569699.6011479464 4137993.197159585 -6393.437087688868
570110.3678633451 4137916.536997392 -6357.505440956604
570306.730580145 4137870.605042978 -6214.98430727308
570376.1088109552 4137911.382625314 -6934.162035356165
569562.475776914 4138063.766885611 -7012.601680549706
569778.4283326962 4138032.714014774 -7118.574322878751
570980.3054485479 4137789.586707875 -6759.325199760375
571947.841132676 4137630.335508828 -6962.452550028206
571755.341077923 4137658.311542362 -6871.977719662454
571735.0431226866 4137681.035203071 -7129.3662216315
571240.0022107257 4137630.433225147 -5242.429523163406
571066.0484367624 4137690.705934386 -5633.033037729696
570087.4405661137 4137902.16650033 -6107.761017354493
570280.9702491574 4137857.015830015 -5968.897089266575
570661.8146560246 4137766.405870106 -5671.889433238717
571622.8516561409 4137539.594867338 -4947.214602200907
571522.5701144078 4137643.02879945 -6099.615186322024
571703.5262680826 4137598.867898486 -5943.535628616634
571928.9459176026 4137599.405207767 -6498.970524655098
569360.869697006 4138111.746551801 -7170.014185335176
571363.2137117131 4137764.700019467 -7354.543404055522
570193.9173624496 4137974.841740777 -7347.746655473236
570669.2633576582 4137890.840888126 -7369.767746129917
571342.1323361275 4137685.944476749 -6240.145908688259
570713.9428821545 4137794.477413369 -6177.597666555743
570522.420822605 4137839.394971574 -6318.196978121338
569495.7640375204 4138102.575757168 -7374.256204365262
568778.8540467722 4138230.313204377 -7355.199091709464
569918.308085337 4137961.370786827 -6495.666308585991
570900.5097646668 4137848.94741799 -7366.593747514522
571813.0965992432 4137494.349105699 -4799.079103324082
570497.5770347189 4137825.712772871 -6073.083408285882
570852.0580426477 4137721.460629204 -5527.806917465849
568329.7223523278 4138313.577972881 -7386.99016208129
571826.2475116212 4137510.430117927 -5048.139510828621
571639.8749721796 4137555.825869055 -5207.716754621862
571482.8062586627 4137728.823784007 -7161.073911879889
571826.7687855946 4137681.877621575 -7363.799121470904
568113.4125437327 4138358.066865816 -7461.523337649678
570388.4819162133 4137925.604092277 -7156.228708787054
569027.7058364362 4138188.591382271 -7397.155444579542
571861.2574395036 4137540.541081102 -5539.74938916851
571685.3345337079 4137584.124487769 -5700.273267187124
571911.066309631 4137566.388713268 -6009.796486220375
571010.4394189388 4137816.690408617 -7198.482167486171
569961.4323614025 4138021.485200811 -7412.029333347024
571714.0536084649 4137615.64087886 -6195.556928992595
569606.1447009637 4138070.622042848 -7211.335619858148
571740.6913517449 4137627.50948662 -6420.551190770489
571577.9503675046 4137684.522490343 -6794.419089873541
571747.7815641804 4137642.958571032 -6646.342546757205
568560.6121112125 4138258.22240221 -7201.222225544356
572006.484516773 4137650.832082236 -7381.749028285474
570556.0552742771 4137899.673114197 -7213.692581530295
571586.8297614671 4137696.889935612 -6982.96198240227
569141.3364753113 4138156.501652158 -7240.302144776663
2 25 0 18
3819
3820
3821
3822
3823
3824
3825
3826
3827
3828
3829
3830
3831
3832
3833
3834
3835
3836
571880.7143787901 4137327.382909331 -5275.7855032947
571787.3451030673 4137235.533948588 -5683.242998349001
571719.2133721597 4137168.513220293 -5072.551616707116
571946.7927412719 4137392.383530438 -5992.263255350081
571929.6411651166 4137375.511790274 -5754.3949960035
571887.7009874114 4137334.256134393 -5034.140409664062
571700.5006827707 4137150.104970481 -5297.032765115247
571911.7390141148 4137357.90170542 -5514.953426616892
571955.7609042702 4137401.205159186 -6236.409132724774
571907.5687091692 4137353.800631991 -4791.998898595375
571596.1308871054 4137047.43563916 -5177.367363651503
571812.8289824645 4137260.602302868 -5893.541583646729
572005.0259388854 4137449.66717395 -6493.982816627724
571803.7523257519 4137251.675298562 -4895.104077915872
572079.2637431001 4137522.694723283 -6982.079935403559
572048.3429008664 4137492.27806839 -6721.156709010964
571788.3451639247 4137236.518074361 -5484.138906805645
571842.5596791001 4137289.848295778 -6101.196899661002
2 26 0 10
3837
3838
3839
3840
3841
3842
3843
3844
3845
3846
566369.0408068274 4143217.676292584 -5176.097843590069
566468.0416638199 4143028.941600823 -5252.624430633262
566532.4542959713 4142817.221352919 -5357.804267547262
566595.246217072 4142602.15289073 -5465.741396216989
566654.7609028458 4142392.239389644 -5571.825909468651
566453.6203095801 4143321.87188527 -5076.140077543401
566714.3663765402 4142180.348385782 -5679.104548610243
566774.2649006564 4141966.957727815 -5787.195836786975
566834.3393723778 4141752.834506559 -5895.670501346218
566892.7074318507 4141555.390428089 -5994.463255629698
2 27 0 0
2 28 0 22
3847
3848
3849
3850
3851
3852
3853
3854
3855
3856
3857
3858
3859
3860
3861
3862
3863
3864
3865
3866
3867
3868
566720.5096741985 4143363.705794816 -4658.222299106857
566760.5293737713 4143014.490435086 -4944.867953591707
567496.5905389586 4139590.641828441 -6910.915237233175
566817.0637701486 4142771.33682713 -5074.023842014656
566865.2834082681 4142554.815216552 -5194.248393106347
566702.1017385137 4143205.515601594 -4877.827526647575
566909.9099666553 4142342.609080946 -5318.542797498406
567451.7234102776 4139797.613787834 -6792.981790913811
566699.4505224179 4143552.22100375 -4502.146156372884
566953.2705299857 4142129.223732696 -5447.247271280714
566997.266274499 4141917.93823976 -5572.076505968882
567406.9266997937 4140011.913619245 -6666.797387676521
567042.3669666848 4141705.651557366 -5695.294904585339
567086.4667426383 4141497.244934901 -5816.695011761636
567362.0931053539 4140222.56183147 -6544.728999910687
567131.8017755745 4141284.571654444 -5939.763879648837
566619.680521291 4143449.544379022 -4811.302651740763
567176.2105194862 4141075.08968859 -6061.590366652003
567317.2593602026 4140433.199502084 -6422.672603053872
566795.8295405086 4143122.002952531 -4739.628936211557
567219.3355642604 4140870.309923361 -6181.386974775143
567271.8915896042 4140643.307533504 -6302.511992225783
2 29 0 22
3869
3870
3871
3872
3873
3874
3875
3876
3877
3878
3879
3880
3881
3882
3883
3884
3885
3886
3887
3888
3889
3890
566953.6347436844 4143767.800881546 -3162.892007595456
566984.7692506067 4143556.06533854 -3338.907366218781
567085.866170286 4143168.306673515 -3477.649964198182
567079.3416603545 4142965.075278306 -3798.246062017509
567138.8452540457 4142661.829787206 -3988.216973181585
566992.8418842952 4143805.626269198 -2944.97364119201
567163.7728224748 4142475.863229224 -4152.881153416503
567192.7095831888 4142283.216036431 -4310.491409278697
567029.7796160177 4143571.60230939 -3128.996592462878
567220.361354073 4142093.179470442 -4469.684802654502
567046.2857350499 4143138.877508148 -3685.000954660565
567247.7489849839 4141902.927297003 -4630.289690251571
567002.700520917 4143922.291031157 -2735.472658331816
567059.2299495832 4143359.932273602 -3311.932357675404
567275.0300326761 4141714.153026759 -4789.20476599826
567009.8206093508 4143353.155425172 -3527.518285527483
567133.1798693315 4142772.925736477 -3851.41734572121
567302.3248064871 4141523.893149068 -4950.207548775459
567114.2083690562 4143011.903368676 -3585.408773673951
567329.5574836321 4141335.290259575 -5109.076664537388
567356.9237889545 4141151.975944179 -5259.753687715505
567078.8660257598 4142842.971939584 -3976.516670326884
2 30 0 10
3891
3892
3893
3894
3895
3896
3897
3898
3899
3900
567313.878697019 4144361.930908174 -2404.474569725614
567268.9159032722 4144318.548964888 -2658.338411281811
567334.0215587653 4144381.365756481 -2159.387874511685
567342.5412214098 4144389.584377524 -3141.334362036298
567360.3382621374 4144406.75732141 -1919.606406017232
567170.824228585 4144223.907225251 -2440.708064955398
567309.9209489343 4144358.11159041 -2922.188241539311
567458.0844011166 4144501.066686487 -1443.071490385001
567394.4092097634 4144439.630399269 -1704.270206921002
567222.919078295 4144274.170287398 -2270.734562786808
2 31 0 4
3901
3902
3903
3904
567184.5309642629 4144237.127865885 -2137.736649188473
567173.0673891585 4144226.069016583 -2447.247579399097
567260.099968052 4144310.041513609 -2929.425851318162
567221.8732660305 4144273.158622018 -2662.145832531557
2 32 0 85
3905
3906
3907
3908
3909
3910
3911
3912
3913
3914
3915
3916
3917
3918
3919
3920
3921
3922
3923
3924
3925
3926
3927
3928
3929
3930
3931
3932
3933
3934
3935
3936
3937
3938
3939
3940
3941
3942
3943
3944
3945
3946
3947
3948
3949
3950
3951
3952
3953
3954
3955
3956
3957
3958
3959
3960
3961
3962
3963
3964
3965
3966
3967
3968
3969
3970
3971
3972
3973
3974
3975
3976
3977
3978
3979
3980
3981
3982
3983
3984
3985
3986
3987
3988
3989
567356.5758580077 4144188.757931614 -3157.060917667793
567402.6168411854 4143814.131100759 -3678.015641457927
567374.5671835132 4142975.762029473 -3397.460129403727
567403.110892771 4142625.446561148 -3724.509137580021
567343.3836867402 4143313.581753599 -3041.714940793833
567432.9733273844 4142281.420104083 -4065.891923305336
567436.2505393173 4143202.15560611 -4070.262410437302
567315.1109407154 4143656.596509982 -2717.907836461679
567462.8408102647 4141937.310211541 -4407.333292813897
567462.9884176748 4142794.210630651 -4379.375529551697
567492.5107011108 4141590.945634778 -4746.672264336989
567484.3397765906 4142416.48810545 -4628.009865331516
567522.1754238633 4141246.572993475 -5085.885434509842
567312.1027109309 4144143.684161894 -2667.896958897199
567507.5566353565 4142018.044607104 -4897.943714222452
567552.4078043816 4140905.289400646 -5431.255528967612
567531.366479198 4141622.242190964 -5174.329418016432
567281.1171724605 4143997.546761308 -2331.045800516047
567554.902450169 4141208.307825981 -5448.319234419967
567580.9389788038 4140569.724418452 -5757.656932011468
567577.8891099128 4140816.482772011 -5715.484531877105
567706.6878535498 4138904.073942394 -7202.690445580404
567597.7513925892 4140430.972945611 -5947.957156868511
567334.2889422068 4144166.298397162 -2911.920787061512
567346.3813146512 4143965.212788201 -3052.291931744865
567368.6436150777 4143985.126843885 -3297.248342920075
567358.5689108215 4143764.972338333 -3193.684601502039
567338.0125913228 4143728.838420253 -2968.112147693867
567378.8302619263 4144207.047353046 -3401.986292414918
567324.8565053181 4143931.558242613 -2815.947478134096
567299.787163057 4143878.346581751 -2541.167621602514
567330.3166741863 4143505.483302659 -2890.906640746025
567380.5209571641 4143784.612741773 -3435.227092964444
567370.7826227813 4143565.381534554 -3335.343004415425
567392.3570285407 4143585.99861569 -3572.684857641443
567383.0275943402 4143365.370937619 -3477.360822557742
567404.2595436799 4143384.39035102 -3710.979147649859
567394.2467638212 4143164.866916356 -3608.07689576583
567506.9478401945 4141417.341129994 -4911.966901369928
567477.5779807684 4141764.43600067 -4575.913285261912
567484.1913090649 4141999.619018118 -4640.765035324606
567470.1098200902 4142189.822919779 -4478.821537133173
567447.9062189098 4142110.535089981 -4236.562835409271
567454.3316030919 4142343.853175531 -4299.405186295029
567439.1213805706 4142512.025467485 -4125.767844992291
567418.0301287619 4142453.492531037 -3895.06628368925
567424.1609373299 4142686.182689941 -3954.679944486649
567410.3164159274 4142842.834997471 -3796.509611933831
567429.8761373598 4142929.286086021 -4009.348206511308
567416.6936481547 4143075.139649103 -3858.855641483713
567388.1925814199 4142797.464668387 -3553.959981606522
567358.3096218517 4143141.574037983 -3212.347859150231
567414.254030644 4143615.090232396 -3813.293661530459
567475.058719968 4142599.233635718 -4519.292236362357
567496.0334545965 4142216.492392983 -4763.944152728332
567543.6401438358 4141419.872906306 -5316.745277036565
567519.7140123183 4141818.871297187 -5038.966097349388
567612.2406310774 4140224.352894098 -6114.966601222792
567425.9415157097 4143417.008902616 -3949.093517028138
567391.0744133873 4144014.953849573 -3543.721705511577
567536.7518572034 4141075.206163988 -5252.639794494135
567693.2832320319 4139091.439726827 -7048.313549219854
567448.5129348903 4143020.074063463 -4211.853444338856
567267.7840981603 4144138.292408173 -2179.068030255818
567498.2473804834 4141809.811488065 -4802.414388533551
567626.2533445039 4140025.407663707 -6276.453039210069
567350.1737263788 4143549.708550778 -3108.483951646145
567363.7520055533 4143351.232159039 -3265.160619870246
567568.5184062098 4141033.637814964 -5604.589661647589
567443.4311358311 4142724.349664573 -4165.991041119871
567512.0845360439 4141618.333602929 -4961.70587967005
567639.9952224654 4139833.436422247 -6434.710264027308
567374.8795096237 4143193.930789425 -3393.373577868372
567563.6488027507 4140693.905801935 -5562.588106512173
567679.8766926019 4139278.803300642 -6893.915566798915
567397.3226227268 4142961.586190464 -3649.034905810955
567456.8512963729 4142554.60432134 -4319.931009686428
567292.2049497581 4144169.755403748 -2447.443312461748
567525.5082135168 4141430.321754688 -5116.315347797943
567653.4900560265 4139645.287473815 -6590.109607785034
567666.4721528469 4139466.150408577 -6739.54021746608
567416.2908623861 4143271.439930045 -3847.633548686492
567593.9483197532 4140673.900030123 -5897.606128066882
567467.3183715368 4142436.959527083 -4439.487507431757
567538.3185495443 4141247.282955587 -5263.985451672249
2 33 0 68
3990
3991
3992
3993
3994
3995
3996
3997
3998
3999
4000
4001
4002
4003
4004
4005
4006
4007
4008
4009
4010
4011
4012
4013
4014
4015
4016
4017
4018
4019
4020
4021
4022
4023
4024
4025
4026
4027
4028
4029
4030
4031
4032
4033
4034
4035
4036
4037
4038
4039
4040
4041
4042
4043
4044
4045
4046
4047
4048
4049
4050
4051
4052
4053
4054
4055
4056
4057
573502.6608879174 4139939.117806679 -2565.997960375668
573130.9552002054 4140248.062363592 -2402.748883476293
572794.3374048577 4140523.5047329 -2243.460493128577
573807.3318388892 4139511.603355324 -2239.883064834808
572532.930359112 4140578.127827362 -1699.446368073567
573439.0761424144 4139774.629770057 -1964.542885408443
572275.2126094057 4140947.215747983 -1994.984809285931
573061.9549742142 4140106.623851853 -1847.862788567402
572012.3345208241 4141041.896705301 -1552.806728791702
571747.4701217611 4141373.654556657 -1731.021259338412
571446.7302599681 4141541.530652499 -1382.325826573141
571199.5267212979 4141833.206973296 -1501.261849255937
570902.355759277 4142021.510050029 -1215.866318658151
570665.777955235 4142276.88138567 -1266.969651158483
573885.9360981793 4139620.49266478 -2734.157947790844
573834.5835824318 4139577.389727206 -2485.227271055917
573670.4499070473 4139686.542333209 -2341.184876350985
573620.9219921773 4139645.905593536 -2103.565538418992
570342.0113074009 4142526.472192083 -1073.292520394467
573692.1098709368 4139759.133138061 -2589.764820277053
573496.8324284313 4139808.791027857 -2206.735429578147
573319.9724209131 4139944.538686783 -2099.372348016592
573399.1652373867 4139955.054023471 -2335.597793192792
571080.5115915947 4141865.632908106 -1273.521041651156
571629.0342034406 4141385.198174675 -1449.698943941969
571575.0088817612 4141514.056722353 -1647.520780422846
571800.9083641889 4141248.200187674 -1540.637204360065
571933.6035136576 4141192.136434428 -1742.013137639122
572120.3113850635 4141006.608336061 -1743.935428056632
572343.3201822529 4140744.297138938 -1638.797852004912
572447.5836383221 4140729.655561783 -1874.635702662918
572627.6965623782 4140569.994097131 -1927.45606617092
572714.3092270761 4140417.309841274 -1752.54741080548
572808.3529822082 4140409.275129182 -1978.916549583089
572889.1289648541 4140262.456779288 -1804.122245320551
572972.3073951092 4140262.253707329 -2022.555111091756
572965.9218159703 4140383.152722613 -2324.785058803725
572616.4706338891 4140665.551782356 -2150.070533790593
570166.4241856216 4142676.091137841 -1005.885237399922
571367.0981330799 4141695.417510394 -1578.784419923527
571271.2296906237 4141693.836862849 -1322.237810130635
572438.5993559824 4140819.316091467 -2087.589356424762
569986.6135200565 4142829.521473352 -937.4172641734107
573230.9211326838 4140088.29955954 -2244.313389088074
570525.0512910506 4142354.493667964 -1101.314965509662
572083.4416129291 4141115.339631556 -1933.805810774759
573257.3389272216 4139925.85360004 -1885.180492948434
571014.1943208921 4141994.80779247 -1439.818875676775
572185.6385340559 4140877.137441412 -1574.249939582138
573307.146831595 4140104.744319825 -2488.374983338033
569805.6993882158 4142983.969380367 -868.7296624608239
572289.8466573806 4140858.137566249 -1798.441024287664
573772.615848162 4139467.617225329 -2032.417692842166
570842.6875290899 4142140.894798231 -1373.832709173467
573545.9431202743 4139833.187836967 -2400.400908925543
573172.7541427865 4140066.687134134 -2034.154741121604
569624.5417923676 4143138.649356772 -800.0135445817101
573070.9776531508 4140237.282045497 -2216.408730710678
568711.9379624692 4143925.427638815 -473.7943282365397
570788.293622467 4142115.395796118 -1163.350495180221
572897.8439930079 4140383.537515072 -2146.584362020661
569443.2968633198 4143293.404271573 -731.2652751828477
571902.4432072141 4141282.42044839 -1898.233309983921
568892.0661896272 4143771.042549607 -540.5787911263512
570484.8277105782 4142449.698602452 -1246.661706410796
572720.4892263244 4140533.665609436 -2075.867312171257
573618.3176989158 4139585.201739734 -1936.518443649439
569271.3222515273 4143439.392564785 -663.7870716360328
2 34 0 178
4058
4059
4060
4061
4062
4063
4064
4065
4066
4067
4068
4069
4070
4071
4072
4073
4074
4075
4076
4077
4078
4079
4080
4081
4082
4083
4084
4085
4086
4087
4088
4089
4090
4091
4092
4093
4094
4095
4096
4097
4098
4099
4100
4101
4102
4103
4104
4105
4106
4107
4108
4109
4110
4111
4112
4113
4114
4115
4116
4117
4118
4119
4120
4121
4122
4123
4124
4125
4126
4127
4128
4129
4130
4131
4132
4133
4134
4135
4136
4137
4138
4139
4140
4141
4142
4143
4144
4145
4146
4147
4148
4149
4150
4151
4152
4153
4154
4155
4156
4157
4158
4159
4160
4161
4162
4163
4164
4165
4166
4167
4168
4169
4170
4171
4172
4173
4174
4175
4176
4177
4178
4179
4180
4181
4182
4183
4184
4185
4186
4187
4188
4189
4190
4191
4192
4193
4194
4195
4196
4197
4198
4199
4200
4201
4202
4203
4204
4205
4206
4207
4208
4209
4210
4211
4212
4213
4214
4215
4216
4217
4218
4219
4220
4221
4222
4223
4224
4225
4226
4227
4228
4229
4230
4231
4232
4233
4234
4235
572411.7472326783 4140023.835284871 -3392.116170813176
573585.12930097 4139294.76732894 -2709.356681833964
572643.2162024452 4140336.452422066 -1754.741282464599
571704.3492364809 4140753.888083788 -2847.282763606921
573186.6017991767 4139854.764425961 -1912.840150304554
571740.8463514895 4141136.862267446 -1490.556785477869
570922.7883560822 4141547.938307072 -2286.615759957571
572877.5620750538 4139536.091752873 -3773.964537662446
572099.5275890715 4140818.697205498 -1595.605515170018
572123.5387200587 4140315.197956792 -3190.142874821468
571365.3561701385 4141090.462208573 -2629.897809882566
570616.1505071586 4141866.742419928 -2042.721656546265
573473.0794025442 4139244.334442404 -3169.798035972196
571375.0381772369 4141461.206617307 -1383.890221091568
570341.5724293445 4142158.283140524 -1804.348879408012
571014.470851602 4141780.751431577 -1279.254661536098
570287.9331351926 4142425.273394496 -1066.29544693186
570650.2070511002 4142104.005647064 -1172.119281584948
573414.3323923242 4139146.762653379 -3645.379815556239
573550.4455337679 4139526.528589225 -2037.479778187738
569926.2919274718 4142746.38598355 -959.3200161660958
570012.7650361736 4142486.702310244 -1587.049390191498
569564.4450217688 4143069.368477576 -846.728926368931
573185.2727938216 4139220.24070598 -4005.317613145328
569713.8572885189 4142795.657087367 -1355.270905154005
569261.0660769402 4143264.172869333 -1002.505376893927
569020.4475890924 4143549.362205479 -695.8155151798476
573676.0493902137 4139367.714637803 -2230.310663717072
568842.0953878537 4143700.289088918 -667.5442383938197
573341.5822059369 4139061.925326398 -4115.829734573209
573367.6665211861 4139692.582572876 -1971.038137795348
573210.3056220056 4139766.132226349 -2142.355349525406
573030.08675408 4139925.920914726 -2089.813723034055
573053.749010331 4139837.600953032 -2318.410183522006
572873.8280251827 4139997.022317465 -2266.295192148451
572897.4767585836 4139908.785073294 -2494.654859781534
572717.6889496349 4140068.097045873 -2442.550095387046
572741.4505031342 4139979.822280005 -2670.736862995817
572921.0843213657 4139820.504851157 -2723.264193724957
572561.5811456201 4140139.170489023 -2618.727065529806
572537.8209480812 4140227.439860477 -2390.554494749073
572381.5786498905 4140298.594066808 -2566.818952444866
572357.7719579565 4140386.932162661 -2338.542288258337
572201.5373587606 4140458.087462361 -2514.782917617646
572177.7544754543 4140546.412167905 -2286.48778112655
572765.2035142533 4139891.677202648 -2898.519113429292
572944.6084562577 4139732.691249039 -2950.556519150293
573233.5867712201 4139678.198739542 -2370.680793670556
572021.5104976208 4140617.576226151 -2462.724217422425
571997.6596601325 4140705.954321982 -2234.431855200431
572045.2345652697 4140529.280764617 -2691.077611771482
571841.452690318 4140777.100558961 -2410.629726079461
571817.624548777 4140865.44775068 -2182.3794741943
572779.1758937759 4139811.186966464 -3126.798152371622
572961.7984651327 4139651.865749795 -3171.485149287514
573122.0810273536 4139575.233779876 -3002.639043528084
572152.4849968733 4140636.001936002 -2057.933749693027
573124.3985405237 4139508.514335603 -3216.204335651345
572406.4296121579 4140210.088898571 -2792.901884330572
572793.1195550291 4139730.323842999 -3356.38027054393
572604.2159339169 4139972.121005524 -3056.668264192677
572849.8897622661 4140085.534388727 -2037.791460704821
571664.8459974043 4140934.383681208 -2356.846135424691
571637.8408881719 4141024.766245888 -2130.242336362889
571793.169642658 4140954.205517615 -1954.424315907244
571613.4080959582 4141113.622065439 -1901.90626502121
571457.2963251153 4141184.671789909 -2078.171744694836
571433.2303592064 4141273.256854536 -1849.7632371669
571276.9427415724 4141344.403116592 -2026.172923729117
571252.9370553027 4141432.948850081 -1797.73552074425
571291.040283239 4141259.080243076 -2270.033163892746
572513.4170766516 4140316.311619763 -2162.089958487529
571097.3380132243 4141505.06146814 -1969.154561133601
571072.8037324077 4141592.624767084 -1745.340395916637
570916.0775628132 4141670.448049692 -1900.920200275983
570885.0212948323 4141760.983962175 -1684.455771432976
573316.7550817026 4139406.372235114 -3047.070119432144
573267.1083350782 4139516.058503255 -2816.404273727299
571689.0450835744 4140845.392621173 -2586.241498205739
571044.596671236 4141685.302216245 -1514.339424906669
571407.580177933 4141363.445190344 -1620.238872799741
571767.0239623428 4141044.802150709 -1724.857650726688
573380.4746559096 4139613.509543548 -2197.710430473881
573413.4791591931 4139518.508031186 -2423.757659585346
573256.9362775261 4139590.573773213 -2597.81091854976
573030.4414009417 4139378.818937786 -3890.056702929715
573058.1644885787 4139428.43806606 -3653.859024312854
572909.3062421241 4139582.929059342 -3536.360010109904
573214.6922025095 4139269.391254891 -3766.205594942371
573245.1327315931 4139316.061273404 -3532.577060214483
573436.85518151 4139199.421741848 -3412.837480857947
573373.2046158998 4139107.206736743 -3883.667455265465
573077.0627565309 4139749.599578359 -2546.873481798389
569745.5416638935 4142907.491328488 -903.8398956481317
569583.2108632228 4142992.968062412 -1048.948825048448
572734.2913499891 4139686.128033191 -3656.450433742706
572617.8592603435 4139834.546466815 -3473.745406466199
570107.1451217742 4142585.770478689 -1012.917034615121
570138.4620441496 4142491.759044192 -1240.138756240549
570311.1956154304 4142336.945455652 -1295.968561985002
570469.1085259072 4142264.582354723 -1119.294586726323
570493.2122999388 4142175.453502679 -1349.394017810846
570673.8718970651 4142015.388186952 -1401.688365094341
570517.1830744529 4142086.737434797 -1578.48392639485
570697.5398725881 4141926.923900985 -1630.74494433897
570551.4888454257 4141987.952447021 -1813.568134622074
570327.0132190101 4142247.862159497 -1547.689525139021
569940.278008319 4142658.556486254 -1211.725447023252
570858.6625110838 4141851.096586667 -1457.042483335587
573095.7339678846 4139666.442467451 -2771.586480222896
571866.4425638467 4140687.099245206 -2641.273301128682
571905.8751518209 4140583.299938804 -2879.395237672108
572084.0614147815 4140426.02459627 -2929.002972060883
572224.9442162324 4140369.931390173 -2743.510867295585
572262.9492261943 4140271.07494584 -2969.110754220294
572321.2510859203 4140159.730672903 -3182.494209908139
571110.2020441503 4141429.531322301 -2184.016071512865
569212.1375038074 4143379.600356191 -751.0512653645553
571489.4932456333 4141089.186063035 -2307.934994448363
572280.8699734531 4140657.889446412 -1648.550151727028
572126.8722313554 4140726.296579762 -1827.96108909924
572462.2358814547 4140497.087935895 -1701.41240950249
572486.9685188314 4140407.367670585 -1931.806589482062
572825.1398976787 4140175.231535678 -1807.518654884717
572585.4718427337 4140052.375787656 -2841.701830855543
571210.8085354825 4141248.434538473 -2515.886095202378
573005.9797497953 4140014.954484897 -1860.036467251377
570773.8477654154 4141701.524417034 -2172.312167427364
570832.5084097078 4141942.209586198 -1225.797957152495
573541.6005427182 4139256.986005604 -2948.11045058804
569867.5474738316 4142638.234631727 -1469.725224726582
572693.7261666651 4140156.564217644 -2214.258607764668
573583.2402603711 4139371.532875425 -2461.591716981012
572668.3643083263 4140246.540775123 -1984.673907661102
572332.3448865975 4140476.795280789 -2109.502398413698
571196.8830277829 4141618.850916225 -1332.986055441263
572306.896243853 4140567.20462478 -1878.720895894878
571226.5158178203 4141523.668305701 -1568.488511088178
571558.3135214155 4141299.101051739 -1436.028751323443
571920.7409703664 4140977.14545739 -1543.713722088371
571587.2078587558 4141204.298501095 -1672.220218598785
571972.1171857121 4140795.716702648 -2006.026830231343
569384.0238358327 4143228.274715226 -797.6240940781759
571527.2608926781 4140927.322806564 -2741.5902207212
571946.3385468198 4140886.142037273 -1776.059732076017
569764.7422697553 4142824.727118406 -1125.868423468225
570732.4405378879 4141834.689297939 -1842.700852044309
569405.5298610982 4143107.52560285 -1138.649532970929
573426.4444916401 4139442.956818904 -2638.422360291761
570167.7312010588 4142325.646199512 -1710.113892165168
573287.3608482381 4139359.342742822 -3279.133026382498
568660.2363771177 4143876.365879133 -565.6881500766834
568146.7208455664 4144362.927247876 -313.0629644280381
571063.977054425 4141396.995183773 -2412.585806133691
573088.3194720217 4139469.992178054 -3437.823387382054
571939.8473410457 4140490.02812934 -3097.205373023818
572441.1255032836 4140119.479693003 -3000.044675842222
570175.9821213402 4142395.185773305 -1459.496093261975
572587.995265163 4139916.192432218 -3283.415914467299
571518.0777211427 4141003.828114852 -2513.846990601783
569074.2638155757 4143440.459539645 -912.9464708134805
573714.4250048936 4139395.137355682 -2039.199238392257
569576.3137230356 4142933.20984412 -1263.807352375671
573417.9072542051 4139390.220385569 -2834.472970527043
570441.7408387205 4142025.759192703 -1977.45794822991
572247.097044223 4140164.757084271 -3360.782360248957
568475.2572483798 4144051.205099889 -476.1043597244217
570027.9213664141 4142531.391502942 -1400.100643124296
570937.8833515276 4141597.413665656 -2084.071102164177
571789.7967369063 4140631.705460241 -3025.02449296039
573511.1767511783 4139489.465719993 -2262.675365120153
572467.230735514 4140040.828211232 -3190.391665454698
568314.8458246638 4144202.808618733 -398.4669326203175
572958.2927731671 4139598.174793363 -3357.458108267775
571367.5388402678 4141144.790188015 -2445.303812961382
568924.6955214108 4143580.177043296 -845.9505082264722
569431.5780207254 4143144.22193432 -949.397212131172
570780.1071354293 4141751.715932879 -1990.624947272004
2 35 0 10
4236
4237
4238
4239
4240
4241
4242
4243
4244
4245
573939.5278598574 4139352.639259354 -3005.801845787321
573828.8270819172 4139243.743709648 -3228.895879470504
573892.1890979203 4139306.073829972 -2765.376718688096
573548.3400128563 4138967.829234685 -4134.885036824394
573892.9338663999 4139306.808494945 -2262.040753339695
573757.0270886882 4139173.114197538 -3467.304916759703
573616.9592519336 4139035.329832596 -3910.133952139054
573891.0736733984 4139304.977620908 -2515.45318753273
573808.3571572487 4139223.608760916 -2983.249057124145
573691.8939687788 4139109.042887339 -3680.690943506544
2 36 0 105
4246
4247
4248
4249
4250
4251
4252
4253
4254
4255
4256
4257
4258
4259
4260
4261
4262
4263
4264
4265
4266
4267
4268
4269
4270
4271
4272
4273
4274
4275
4276
4277
4278
4279
4280
4281
4282
4283
4284
4285
4286
4287
4288
4289
4290
4291
4292
4293
4294
4295
4296
4297
4298
4299
4300
4301
4302
4303
4304
4305
4306
4307
4308
4309
4310
4311
4312
4313
4314
4315
4316
4317
4318
4319
4320
4321
4322
4323
4324
4325
4326
4327
4328
4329
4330
4331
4332
4333
4334
4335
4336
4337
4338
4339
4340
4341
4342
4343
4344
4345
4346
4347
4348
4349
4350
572331.3987280735 4138426.273123581 -5471.193130354144
571829.1779143123 4138472.312592681 -4294.55756623939
571291.7125901052 4138466.309998041 -4760.080393913947
572792.1341223272 4138440.292352636 -4795.239441626003
571425.192866025 4138429.409576295 -5842.420583178294
571881.5220689777 4138427.862496778 -5654.476915640515
570960.2858638216 4138430.863772348 -6037.70286759748
572808.4123122622 4138456.021636392 -4295.998429908051
570868.6036086772 4138462.337682869 -5103.054139456457
570510.6160875225 4138432.642227933 -6214.979456776311
570577.4809223424 4138458.360810285 -5377.847465598866
572191.9760377199 4138476.759440019 -3967.996458292017
570055.1611987795 4138434.096838559 -6405.355923868509
570165.4040295518 4138453.732926898 -5735.566726027325
572823.6228460895 4138471.619174218 -3801.421073389827
569603.7601375561 4138435.503815556 -6595.120283385082
569813.6076917574 4138449.429876827 -6051.945734061072
569207.0222661308 4138443.515116387 -6550.507774290143
572778.0632016604 4138483.454244421 -3455.704936327817
569149.582807219 4138436.859992417 -6787.906938125774
568911.4693723391 4138438.658603777 -6855.042572799809
572816.5762410958 4138463.848696861 -4047.537754422029
572601.2192779937 4138463.646716325 -4165.319735794641
572589.6177942555 4138455.92012571 -4412.424810707621
572388.4039599119 4138463.401270577 -4283.142319128576
572372.0905594951 4138455.819751354 -4528.159725274209
572175.3693364365 4138463.086764939 -4403.233362053108
572155.3227559549 4138455.701842017 -4644.048680092659
572362.5931579921 4138448.07580979 -4774.717040151647
572145.0703359802 4138447.989889208 -4889.998656689094
571936.8412053726 4138455.616630607 -4759.804453065666
571927.5922712332 4138447.901981561 -5005.319108817582
572351.5290367885 4138440.487007293 -5017.244426311954
571720.7074674857 4138455.337160114 -4880.406518400423
571710.5156551 4138447.796061339 -5120.993813449662
571926.0354666288 4138440.33357199 -5242.288699816188
571711.0275992362 4138440.33791575 -5353.451854289518
571495.2813694987 4138447.722615528 -5234.701509299533
571710.061905332 4138462.612159885 -4658.908998386116
571493.6150902056 4138440.35406174 -5465.491494790484
571279.5745010123 4138447.564581776 -5351.293308961363
571285.3059422884 4138455.351909198 -5105.331634299995
571275.5410332209 4138440.360026527 -5578.19127815889
571059.242081986 4138447.560060971 -5465.489323243285
571097.8052772803 4138439.584961783 -5694.381112091693
570838.4876521156 4138446.727022131 -5605.756765036173
572604.7819188252 4138471.469634918 -3919.370156937823
572800.2503886491 4138448.19938715 -4544.307938433477
569828.6151389268 4138434.787253209 -6501.083746065192
569631.3541610078 4138442.996594002 -6347.032525545321
570824.9939106985 4138454.611885502 -5366.703495305654
570282.7404266832 4138433.385228784 -6309.754652900845
570327.1670525615 4138440.471014906 -6065.653246143201
570549.3752033624 4138439.778949589 -5972.222447219274
570736.5671004175 4138431.79328567 -6124.5063362021
570751.5348683769 4138438.95012957 -5893.437011961496
570574.9818913315 4138447.197738587 -5727.472189956241
570078.3185655803 4138442.167305448 -6141.538680344353
571504.9661290222 4138455.174824214 -4997.150405173603
572784.0087433796 4138432.743280856 -5035.005837267629
571933.4511376505 4138463.671591843 -4510.213309909717
571186.9113336951 4138430.579382133 -5929.264402815087
571654.3313624894 4138428.50736482 -5751.959669488764
572108.2138993575 4138426.850705719 -5568.701824939011
572548.5790943404 4138425.60945901 -5379.478747785784
571465.7823142566 4138468.532563537 -4600.620645544846
571107.8805905783 4138463.142161201 -4954.089708009698
570404.3920457694 4138454.862657377 -5576.602749921924
572579.6156739076 4138448.173529519 -4659.326227623669
569991.9124719477 4138451.343626395 -5899.929965242924
572138.8472888928 4138440.549328822 -5125.394335301813
572007.6840256683 4138474.662218513 -4128.836549696911
572378.4491815598 4138478.626055391 -3813.223110431891
572622.8029939315 4138479.792802249 -3650.326478576543
572571.1327512062 4138440.449503952 -4904.736941786654
572772.8095077041 4138425.106835944 -5279.089793389727
572555.1308808804 4138433.23642287 -5138.096386560075
572897.9024023142 4138486.92155748 -3285.476638355562
572395.9137729246 4138470.700099901 -4051.503105376946
569853.9845891673 4138441.873472339 -6266.833763642489
571072.5747081424 4138454.691301118 -5236.065365534007
569398.6058439271 4138443.696400558 -6445.677878713226
571665.3375191211 4138470.486894703 -4436.338303740952
572347.1190053734 4138433.287058513 -5244.193583780903
570378.0134355028 4138447.321678146 -5825.565401132981
568682.8590353364 4138437.677779599 -7003.988095626461
569382.6447021211 4138436.04871253 -6692.577661534189
572131.396019974 4138433.408067862 -5352.086500094928
568262.9528291243 4138436.487211588 -7258.502633627979
571921.7892009914 4138433.556612312 -5455.954184607536
572196.4813460896 4138469.7403788 -4184.68620230302
570695.5281903471 4138461.736815939 -5211.395905406033
571511.9399693932 4138461.200623629 -4805.5121044446
571700.8684692943 4138433.867658666 -5560.607820167768
570187.791282448 4138447.199000617 -5927.861801628072
569668.641473792 4138448.977047537 -6141.117440746384
568485.9590170515 4138436.902097923 -7130.117549418726
570651.2239012968 4138451.696847455 -5547.61592398097
571477.8067061969 4138434.200003899 -5665.705151850773
569027.4555513475 4138443.507313207 -6643.703868474488
572872.2484261723 4138476.524008812 -3623.200220985726
572006.2166108221 4138468.82597286 -4311.709640406479
570955.891322789 4138437.422062664 -5835.33362293242
571262.1549108039 4138434.403224043 -5770.995921285872
571336.2134371502 4138459.821494688 -4939.511009077515
2 37 0 10
4351
4352
4353
4354
4355
4356
4357
4358
4359
4360
572893.2724563325 4138323.434843747 -3794.803142469738
572872.5272101519 4138303.026571386 -3430.384160547201
572870.2170001949 4138300.755895181 -4042.682423127297
572771.6820407091 4138203.825511404 -3622.277172366999
572897.1023004346 4138327.203877445 -4317.064474966129
572959.1497525163 4138388.236984611 -3299.53370667586
572935.0453144123 4138364.530015917 -4804.417134788412
572918.7981585412 4138348.543961002 -3605.881236844917
572914.7981432301 4138344.612056661 -4555.570321694899
572765.7266760586 4138197.967884846 -3843.636877133619
2 38 0 82
4361
4362
4363
4364
4365
4366
4367
4368
4369
4370
4371
4372
4373
4374
4375
4376
4377
4378
4379
4380
4381
4382
4383
4384
4385
4386
4387
4388
4389
4390
4391
4392
4393
4394
4395
4396
4397
4398
4399
4400
4401
4402
4403
4404
4405
4406
4407
4408
4409
4410
4411
4412
4413
4414
4415
4416
4417
4418
4419
4420
4421
4422
4423
4424
4425
4426
4427
4428
4429
4430
4431
4432
4433
4434
4435
4436
4437
4438
4439
4440
4441
4442
571714.0467391041 4138164.629639931 -4538.617376076978
571881.4042058566 4138379.369785026 -5654.558924214373
572659.9435063325 4138293.020538252 -4873.226620409831
571434.2045512809 4138381.447308389 -5841.840340460402
571340.8999817712 4138195.661976251 -4856.122673370938
570975.0315363696 4138383.29363361 -6032.557616863325
572342.1136646692 4138372.487201694 -5435.522134485647
570970.6128961322 4138225.606823753 -5166.518858072071
572565.1246812114 4138199.643786847 -4396.643899758937
570511.9335727929 4138384.001041081 -6218.55061666216
570590.523662128 4138254.899639941 -5477.181222303934
570056.558635965 4138386.345508725 -6410.515766652269
572091.8570739453 4138134.920677753 -4226.561004383155
570216.0159697982 4138284.989639941 -5790.035837702577
569565.0831673669 4138385.265462627 -6597.830759318727
569841.2206511905 4138311.795122504 -6084.928318125741
569290.0894225047 4138360.343620965 -6568.815215513191
572470.1635063299 4138106.330538252 -3920.466620412734
569138.4699264392 4138386.12221208 -6770.299039386294
572517.7010845088 4138152.721586936 -4157.07134414027
572331.5267305746 4138168.481818304 -4317.010207422491
572379.4589757673 4138215.683632365 -4557.921513897693
572146.4003384534 4138184.756283209 -4479.366900820894
572194.1625852066 4138231.649883998 -4718.648906356136
571957.0196864203 4138200.771761439 -4641.971214225965
572006.1707440816 4138247.041838079 -4877.275754416894
572240.664308242 4138278.006941904 -4955.473893681765
572055.965315227 4138293.683695979 -5114.373224328699
571817.7049780549 4138262.358895604 -5035.676791898158
571875.0706462504 4138308.851522928 -5268.975904337626
571634.5005909591 4138278.904179449 -5198.768072683211
571700.8891991427 4138331.489248828 -5462.046875631649
571452.8321122552 4138295.754635035 -5362.934811360775
571407.0981512347 4138249.368348894 -5125.647075852195
571219.7972329586 4138263.501919903 -5277.077150747982
571263.4322043078 4138310.199118361 -5516.901255125041
571034.0090203487 4138279.722395716 -5439.396975330249
571098.3603744679 4138327.255158944 -5675.673204419467
570839.8192358015 4138299.271700173 -5623.339565210611
572287.8727535588 4138324.509945573 -5192.824146055786
570807.7196490129 4138248.358673827 -5355.779111732827
570609.3536893001 4138302.974751231 -5734.342040410669
572612.4170533519 4138246.196955986 -4634.23721908239
571911.9066339961 4138153.60976196 -4400.170447014323
571759.1300551833 4138212.3573334 -4783.542942648881
569821.2427310888 4138386.812565763 -6505.617302980864
569633.7944670995 4138348.249341165 -6367.106246512081
570284.1051029988 4138385.025958701 -6313.777931297125
570303.1747655179 4138337.361899336 -6043.976230720757
570553.2542280824 4138342.16946607 -5972.096463731626
570750.1317905153 4138382.528481578 -6116.782249039939
570070.5977386953 4138345.228304558 -6178.720602907641
571196.480233227 4138378.434727037 -5918.739898111166
571659.1747953442 4138379.763882509 -5744.113062811263
572666.7506708945 4138341.226755276 -5135.836581412351
572109.4999091572 4138378.609981418 -5560.685493347177
572583.1769087671 4138377.555569035 -5368.622965692507
571527.6692744518 4138180.142251241 -4697.273413220672
571160.3315935549 4138211.652060682 -5015.122069998871
571574.8996276853 4138227.671035906 -4940.260091249116
572282.130229553 4138120.130129939 -4070.346731587015
572425.9884180418 4138262.058922377 -4794.835935677631
572459.740987269 4138307.054865738 -5029.183727277424
570400.4244398845 4138269.526845363 -5632.428200929768
568901.2577405616 4138391.455407738 -6892.925389340109
570024.381762994 4138298.790559291 -5941.339217904175
570792.4467177847 4138341.157769315 -5872.473330066489
571466.1089249647 4138340.206697455 -5602.341042599255
572108.9933349984 4138337.620739149 -5335.314195984673
569431.3216464045 4138343.810374883 -6422.294532496458
568266.9760139897 4138413.712198616 -7264.821280492342
572773.2209656199 4138381.087824066 -5313.332155326018
568676.2023014375 4138398.686379381 -7021.215217677604
569859.2595554111 4138350.794752281 -6292.456366025066
570420.5637620152 4138306.482947416 -5827.884452856655
569391.3605483039 4138398.087833513 -6736.705808258318
571938.008025005 4138347.737643728 -5458.224253619182
571296.9835845705 4138346.761436328 -5704.916540898935
568478.7062797304 4138405.618827156 -7137.025268232309
572477.283031036 4138342.283462469 -5216.154540726225
570990.3431573506 4138350.027504298 -5843.467818630872
569682.1449540863 4138318.441946038 -6184.058838729601
2 39 0 0
2 40 0 25
4443
4444
4445
4446
4447
4448
4449
4450
4451
4452
4453
4454
4455
4456
4457
4458
4459
4460
4461
4462
4463
4464
4465
4466
4467
566926.9971312869 4143347.037503064 -3992.247671345337
566916.1052597321 4143226.476715645 -4315.1346048294
567014.9357654094 4142805.062966762 -4402.287665752808
566859.1434539295 4143691.518305712 -3822.607089929717
567030.5390985718 4142592.75100604 -4706.282846483864
567099.7486076133 4142249.814849075 -4862.533711396436
566841.9917704139 4143638.71896755 -4058.207425765138
567129.9857775951 4142059.100033714 -5012.204190465643
566981.9964526312 4142996.561743042 -4271.612840659123
567160.3641273528 4141875.272069994 -5147.089449721889
566878.177353001 4143433.485905861 -4191.53028294453
567193.3614257016 4141680.863101538 -5283.117123478678
566956.3857315814 4143180.929359195 -4099.383598797671
566869.5921017376 4143758.014684627 -3610.730103961304
566951.9926705619 4143005.269608148 -4482.528907572148
567227.6582461278 4141480.100005583 -5421.909312636404
566990.2418480616 4142797.584495284 -4605.034883601344
567081.574246312 4142385.520173344 -4730.615545261149
567260.5904733428 4141285.24391863 -5559.322191885582
567042.6615343303 4142650.368552729 -4499.349656498925
566905.5732556372 4143501.672414211 -3847.362704579974
567294.7345358228 4141085.07500042 -5698.093519160747
567049.1258391046 4142423.845906372 -4901.162086780472
567325.3069840983 4140904.123718324 -5825.774925471748
567342.6105500325 4140771.794532732 -5957.596002063361
2 41 0 123
4468
4469
4470
4471
4472
4473
4474
4475
4476
4477
4478
4479
4480
4481
4482
4483
4484
4485
4486
4487
4488
4489
4490
4491
4492
4493
4494
4495
4496
4497
4498
4499
4500
4501
4502
4503
4504
4505
4506
4507
4508
4509
4510
4511
4512
4513
4514
4515
4516
4517
4518
4519
4520
4521
4522
4523
4524
4525
4526
4527
4528
4529
4530
4531
4532
4533
4534
4535
4536
4537
4538
4539
4540
4541
4542
4543
4544
4545
4546
4547
4548
4549
4550
4551
4552
4553
4554
4555
4556
4557
4558
4559
4560
4561
4562
4563
4564
4565
4566
4567
4568
4569
4570
4571
4572
4573
4574
4575
4576
4577
4578
4579
4580
4581
4582
4583
4584
4585
4586
4587
4588
4589
4590
567592.4000815141 4143182.037446959 -2726.173283136151
567496.3202660682 4143436.80763007 -3937.665253045567
567467.7242207786 4144282.856178215 -3109.480286223251
567583.7332944048 4143511.334701541 -2362.687261281111
567615.2272525053 4142341.144623452 -3642.751375253354
567476.3397120999 4143845.959932447 -3639.891125452501
567601.5097343957 4142842.285429763 -3098.398520435672
567620.3721582829 4142056.361469752 -3996.356097352585
567516.9862483636 4143054.422169433 -4182.67961382447
567493.4955609718 4144314.135320835 -2630.776896577578
567633.0087355793 4141679.673663733 -4366.682052960943
567537.5631140837 4142661.594343317 -4445.299107721896
567574.2550767709 4143848.446757805 -2000.69222175401
567642.1304068291 4141345.223508405 -4730.523678210478
567561.1745380478 4142215.903960817 -4738.824054662143
567651.607650075 4141008.420348912 -5092.058241039865
567578.7322666147 4141841.088002912 -5024.069024349094
567521.6369585997 4144329.126632182 -2137.627941425415
567660.2790363105 4140677.625469541 -5457.77888066794
567600.3442685187 4141436.658495372 -5287.305916806794
567565.433987396 4144179.51773105 -1637.045768032949
567642.0443471186 4140614.798987204 -5859.296900430923
567620.4225243492 4141043.782067984 -5558.328093799158
567673.8893065816 4140176.824928985 -6003.397799599567
567673.8763540229 4140033.100112018 -6225.438750373141
567454.3751771401 4144269.529812456 -3353.000946130086
567480.9287256331 4144078.723220851 -3204.00000323108
567494.149030289 4144086.427393579 -2971.306795767166
567508.0741587535 4143874.579283109 -3065.698369998877
567520.7458968034 4143885.890718607 -2836.599757765391
567534.5521901178 4143668.715929807 -2941.197275970646
567519.7203481544 4143666.891890837 -3191.730635044046
567548.5909238865 4143445.923926133 -3050.582224352619
567536.1960088506 4143424.313090727 -3290.953474905459
567562.6421552806 4143228.733281027 -3151.113313577513
567549.8964708319 4143208.696194798 -3394.914115596846
567523.9693209192 4143419.56379994 -3502.490956436432
567537.1525280126 4143192.656394655 -3632.516425261445
567563.9152972477 4142988.322313342 -3500.899426761393
567551.1370043755 4142969.99922546 -3742.599465534564
567577.958992056 4142767.649211386 -3606.931207919132
567564.8085975486 4142757.590300672 -3842.091089863724
567547.1492408651 4143692.755280479 -2693.701833492199
567532.5397197452 4143909.731743431 -2602.825744005817
567524.3229335381 4143169.498588942 -3882.535186708935
567590.1099873387 4142795.219581893 -3361.435915485565
567605.404398808 4142559.228175458 -3470.220747037064
567470.5150535402 4144028.794533942 -3454.986693093192
567496.0055598624 4143777.928094162 -3416.436705158408
567569.7091982826 4144014.957855813 -1819.623553240266
567546.25151253 4144228.549551464 -1881.751594108784
567550.3013785311 4144064.980357859 -2066.564023483811
567530.4980826278 4144130.884195812 -2295.598424021656
567578.9650249879 4143679.286006409 -2183.110104184304
567559.2007455116 4144375.388810399 -1438.844927793273
567656.75235719 4140836.857476332 -5270.922306060269
567588.4013232563 4143343.471076072 -2543.803289883894
567565.0204968026 4143442.13139667 -2782.032518108009
567646.6930320482 4141178.095663824 -4912.264532067249
567618.6528527793 4141434.053092245 -4985.541170489023
567616.6565323456 4141588.536547271 -4780.453790040348
567637.513741836 4141512.288758995 -4549.78199214876
567612.3859636883 4141753.254463895 -4597.554550557317
567607.8875625471 4141914.457911079 -4423.884744491555
567587.0035361296 4141989.657824992 -4656.621720143098
567583.2151397362 4142134.171123278 -4496.853117302688
567556.0499614981 4142399.642760315 -4540.831470031842
567563.8773601576 4142477.158390897 -4290.462507964741
567548.2631646811 4142688.223864181 -4225.48927780124
567574.0187888573 4142503.262481498 -4080.793605409724
567591.3148019429 4142279.070708665 -4137.936596970389
567599.5712659158 4142357.747701382 -3878.609036835878
567628.209041234 4141847.835233004 -4187.305226362614
567669.3396634285 4140348.038515043 -5815.134196218588
567597.2876530524 4143013.719198055 -2904.324223371179
567486.682342486 4143635.8650421 -3791.410872677463
567589.957268519 4141637.919828682 -5150.160916837787
567610.2626919905 4141245.312970267 -5416.972937926668
567634.4357507684 4140808.928857422 -5686.754304965181
567480.6574000138 4144299.5832373 -2867.656677644198
567720.5624450753 4138902.056684717 -7191.348354044388
567558.926897329 4143737.190779629 -2428.412354609266
567626.7756025955 4141240.642594875 -5148.386209857899
567506.6865407701 4144101.518450892 -2738.616561257333
567683.1298987555 4139830.779346153 -6383.149595536906
567665.7181803081 4140504.577613271 -5634.017247180081
567575.9435174903 4143011.434560096 -3264.335355927059
567569.4426852185 4142031.116842162 -4885.931392651407
567539.4660184321 4142944.092163244 -3977.510601277228
567555.1683705662 4143905.309381813 -2231.712492889344
567505.7073090504 4144335.548505006 -2393.769914544252
567602.1402456805 4142082.753682773 -4260.127771665602
567590.3683085268 4142563.747583857 -3714.374951209005
567518.0729303777 4144121.607727984 -2517.437849436112
567564.2480913692 4144469.970320651 -1208.568344594976
567574.4567260896 4143231.947123464 -2948.828729159476
567502.8365750124 4143277.760612107 -4074.304180836077
567541.1478697322 4144398.096946115 -1705.312366911641
567691.4071817045 4139637.684162105 -6542.927002731176
567524.3470250377 4142863.645311868 -4354.186205045973
567634.830075884 4141042.195757771 -5320.144666227237
567594.0157532657 4141810.697836854 -4815.711740904808
567650.2484102477 4140420.380018613 -6022.340335494205
567501.992717895 4143606.506989073 -3581.011537787287
567624.0366399604 4142148.937180463 -3792.271552871671
567513.7858132466 4143384.87681532 -3726.109475638701
567568.574884159 4143546.2171933 -2562.022099015684
567713.0375175732 4139087.512860933 -7030.795303480749
567611.3901029865 4142650.591547274 -3229.238779903653
567698.8860123754 4139449.920142437 -6707.811873730473
567539.1361729758 4143963.001564394 -2410.436698239077
567514.7140777605 4143596.765402956 -3383.577348078071
567554.9055031822 4142736.406605293 -4040.185256157699
567642.1206921055 4140868.728873243 -5466.106881022749
567599.6129606739 4141656.55414687 -4960.13351160771
567580.2280900124 4142269.961430505 -4337.163648277787
567655.7544029735 4140267.257402507 -6166.709630072055
567582.1396307702 4143058.553982268 -3088.125213640518
567525.8604935908 4144423.568097153 -1921.326610564988
567495.2651027919 4143890.182049971 -3255.551104827595
567705.5129146923 4139272.971013872 -6870.233780299498
567576.208057887 4142589.95113203 -3910.433813880632
567536.1109231377 4142859.2640553 -4164.470206932418
2 42 0 0
2 43 0 0
2 44 0 0
2 45 0 0
2 46 0 0
2 47 0 0
$EndNodes
$Elements
47 7000 1 7000
2 1 2 84
1 14 29 111 
2 69 21 70 
3 30 111 29 
4 30 110 111 
5 72 67 68 
6 71 68 69 
7 72 68 71 
8 71 69 70 
9 16 95 45 
10 16 46 94 
11 94 95 16 
12 31 110 30 
13 32 109 31 
14 109 110 31 
15 33 108 32 
16 108 109 32 
17 34 107 33 
18 107 108 33 
19 35 106 34 
20 34 106 107 
21 36 105 35 
22 105 106 35 
23 37 104 36 
24 104 105 36 
25 38 103 37 
26 37 103 104 
27 39 102 38 
28 102 103 38 
29 40 101 39 
30 101 102 39 
31 41 100 40 
32 100 101 40 
33 42 99 41 
34 99 100 41 
35 43 98 42 
36 98 99 42 
37 44 97 43 
38 97 98 43 
39 45 96 44 
40 96 97 44 
41 95 96 45 
42 93 46 47 
43 93 94 46 
44 92 47 48 
45 92 93 47 
46 91 48 49 
47 91 92 48 
48 90 49 50 
49 90 91 49 
50 89 50 51 
51 90 50 89 
52 88 51 52 
53 88 89 51 
54 87 52 53 
55 88 52 87 
56 86 53 54 
57 86 87 53 
58 85 54 55 
59 86 54 85 
60 84 55 56 
61 85 55 84 
62 83 56 57 
63 84 56 83 
64 82 57 58 
65 83 57 82 
66 81 58 59 
67 82 58 81 
68 80 59 60 
69 81 59 80 
70 79 60 61 
71 79 80 60 
72 78 61 62 
73 79 61 78 
74 77 62 63 
75 78 62 77 
76 76 63 64 
77 77 63 76 
78 75 64 65 
79 75 76 64 
80 65 66 74 
81 75 65 74 
82 73 66 67 
83 74 66 73 
84 73 67 72 
2 2 2 1092
85 2219 2527 2457 
86 2457 2659 2219 
87 2463 2523 2522 
88 175 2238 174 
89 2463 2665 2523 
90 174 2238 2234 
91 2230 2492 2465 
92 2466 2520 2226 
93 2555 2556 2449 
94 2459 2653 2214 
95 2214 2682 2459 
96 2237 2611 2236 
97 2469 2524 2207 
98 2465 2671 2230 
99 158 2656 157 
100 2226 2521 2466 
101 2468 2521 2202 
102 2215 2630 2470 
103 162 2521 161 
104 2202 2522 2468 
105 157 2656 2478 
106 157 2478 156 
107 176 2238 175 
108 156 2478 2213 
109 2207 2525 2469 
110 2520 2525 2226 
111 2464 2670 2668 
112 2213 2478 2477 
113 160 2525 159 
114 2449 2608 2555 
115 2477 2479 2213 
116 2219 2659 2467 
117 2238 2239 2234 
118 2491 2630 2215 
119 2221 2545 2471 
120 2467 2672 2219 
121 2248 2510 2251 
122 2668 2670 2217 
123 2240 2671 2660 
124 2471 2638 2221 
125 2 112 208 
126 2202 2521 162 
127 161 2521 2226 
128 2611 2644 2236 
129 2236 2690 2237 
130 2660 2671 2465 
131 2251 2510 2482 
132 2481 2498 2255 
133 2470 2597 2215 
134 152 2509 151 
135 2239 2676 2230 
136 2479 2643 2482 
137 2556 2686 2449 
138 2226 2525 160 
139 159 2525 2207 
140 175 16 176 
141 2207 2656 158 
142 2235 2245 2243 
143 2491 2672 2467 
144 2230 2671 2239 
145 2206 2685 2507 
146 2507 2687 2206 
147 2475 2498 2481 
148 2220 2510 2247 
149 2524 2656 2207 
150 2491 2684 2672 
151 2466 2521 2468 
152 2247 2510 2248 
153 2230 2679 2492 
154 2483 2602 2473 
155 2233 2602 2483 
156 2247 2509 2220 
157 2243 2558 2235 
158 2481 2643 2479 
159 155 2480 154 
160 2397 2515 2429 
161 2473 2602 2229 
162 2510 2632 2482 
163 2562 2664 2657 
164 2255 2498 2256 
165 2469 2525 2520 
166 2259 2502 2260 
167 2474 2502 2259 
168 2434 2621 2433 
169 2516 2606 2436 
170 2242 2558 2243 
171 121 2503 120 
172 2482 2632 2480 
173 2482 2643 2251 
174 2433 2621 2504 
175 2437 2627 2488 
176 2267 2495 2268 
177 2220 2509 152 
178 2504 2544 2433 
179 2486 2501 2271 
180 151 2509 2235 
181 2271 2501 2272 
182 2235 2509 2245 
183 2475 2481 2477 
184 2488 2627 2212 
185 2212 2490 2488 
186 2516 2655 2438 
187 2505 2640 2494 
188 2484 2504 2216 
189 2213 2480 155 
190 2210 2575 2494 
191 2260 2502 2263 
192 2256 2498 2259 
193 2494 2640 2210 
194 2259 2498 2474 
195 2210 2576 2575 
196 130 2582 129 
197 2212 2493 2490 
198 2438 2655 2515 
199 2439 2648 2500 
200 2275 2647 2529 
201 2204 2651 2500 
202 126 2576 2210 
203 2522 2523 2468 
204 127 2576 126 
205 2268 2495 2271 
206 2426 2638 2471 
207 2272 2501 2275 
208 2271 2495 2486 
209 2484 2544 2504 
210 2429 2515 2502 
211 2216 2503 2484 
212 2438 2515 2397 
213 2479 2480 2213 
214 2229 2621 2473 
215 2477 2481 2479 
216 149 2241 148 
217 2239 2240 2234 
218 120 2503 2216 
219 2438 2606 2516 
220 2495 2516 2436 
221 124 2493 123 
222 2480 2632 154 
223 2473 2621 2434 
224 2501 2647 2275 
225 2255 2643 2481 
226 2551 2641 2552 
227 2241 2558 2242 
228 2483 2644 2233 
229 148 2241 147 
230 121 2627 2503 
231 2420 2652 2629 
232 2267 2516 2495 
233 2500 2648 2204 
234 123 2493 2212 
235 2503 2627 2437 
236 2582 2651 2204 
237 2552 2641 2422 
238 2657 2664 2428 
239 2440 2642 2529 
240 2257 2592 2496 
241 2580 2581 2222 
242 2496 2592 2441 
243 2222 2582 130 
244 2513 2681 2675 
245 129 2582 2204 
246 2261 2585 2499 
247 2279 2540 2283 
248 2446 2508 2505 
249 2222 2584 2580 
250 149 2558 2241 
251 2499 2585 2530 
252 2283 2540 2539 
253 2633 2639 2421 
254 2529 2642 2275 
255 2523 2665 2384 
256 2552 2639 2633 
257 2608 2664 2555 
258 2202 2654 2522 
259 2277 2540 2279 
260 2236 2644 2519 
261 2421 2629 2560 
262 2446 2505 2494 
263 2560 2633 2421 
264 2493 2640 2505 
265 2533 2542 2269 
266 2269 2542 2266 
267 147 13 148 
268 2417 2637 2528 
269 2497 2616 2496 
270 2218 2615 2547 
271 2547 2615 2249 
272 2504 2598 2216 
273 2576 2648 2439 
274 2497 2619 2616 
275 2496 2616 2257 
276 2220 2632 2510 
277 2283 2539 2538 
278 2441 2592 2499 
279 2418 2550 2417 
280 2446 2589 2508 
281 2265 2542 2531 
282 2273 2557 2270 
283 2499 2592 2261 
284 2493 2505 2490 
285 2508 2589 2511 
286 2245 2509 2247 
287 2629 2652 2560 
288 2273 2596 2557 
289 2205 2641 2551 
290 2459 2541 2506 
291 2536 2635 2538 
292 124 2640 2493 
293 2530 2585 2531 
294 2409 2541 2459 
295 2418 2628 2550 
296 2479 2482 2480 
297 2531 2585 2265 
298 2644 2667 2519 
299 2502 2515 2263 
300 2276 2596 2273 
301 2422 2639 2552 
302 2547 2622 2548 
303 2511 2589 2308 
304 2288 2569 2567 
305 2266 2542 2265 
306 2269 2557 2533 
307 138 2646 2577 
308 2548 2622 2619 
309 2505 2508 2490 
310 2205 2645 2641 
311 127 2648 2576 
312 2504 2621 2598 
313 2512 2615 2218 
314 2540 2642 2440 
315 2550 2637 2417 
316 2577 2645 2205 
317 2452 2597 2470 
318 143 2512 2218 
319 2428 2664 2608 
320 2537 2538 2416 
321 2270 2557 2269 
322 2538 2539 2416 
323 2444 2593 2573 
324 2514 2541 2409 
325 2577 2646 2450 
326 2242 2243 2231 
327 2537 2607 2348 
328 2538 2635 2283 
329 2249 2622 2547 
330 2288 2571 2569 
331 144 2512 143 
332 2573 2593 2284 
333 2581 2582 2222 
334 2543 2626 2444 
335 2308 2553 2511 
336 2280 2571 2278 
337 2365 2514 2362 
338 145 2242 2231 
339 2288 2596 2276 
340 2416 2607 2537 
341 2362 2514 2364 
342 2280 2591 2571 
343 2360 2517 2363 
344 2308 2620 2300 
345 177 2238 176 
346 2355 2528 2358 
347 2278 2571 2288 
348 2567 2596 2288 
349 150 2558 149 
350 2313 2595 2553 
351 2401 2539 2440 
352 2241 2242 146 
353 147 2241 146 
354 2236 2519 205 
355 2462 2518 2378 
356 132 2584 131 
357 2444 2626 2593 
358 2553 2595 2511 
359 2282 2591 2280 
360 2598 2621 2229 
361 2409 2458 2390 
362 2619 2650 2548 
363 2365 2541 2514 
364 2354 2528 2355 
365 2370 2409 2390 
366 2416 2539 2401 
367 2357 2517 2360 
368 2497 2650 2619 
369 2409 2459 2458 
370 2392 2520 2466 
371 2548 2549 2546 
372 184 2526 2209 
373 179 2230 178 
374 2476 2524 2430 
375 2517 2578 2363 
376 2336 2532 2405 
377 2546 2549 141 
378 2243 2245 2244 
379 2528 2637 2358 
380 2370 2390 2371 
381 2243 2244 2231 
382 2532 2533 2405 
383 2531 2542 2532 
384 2231 2512 144 
385 202 2527 2219 
386 2360 2363 2362 
387 2363 2365 2362 
388 2413 2614 2594 
389 2200 2584 132 
390 2364 2514 2370 
391 2235 2558 150 
392 2366 2375 2365 
393 2433 2544 2321 
394 2366 2578 2377 
395 2410 2536 2535 
396 2376 2461 2375 
397 2589 2620 2308 
398 2363 2578 2366 
399 2410 2535 2343 
400 2571 2591 2570 
401 2461 2507 2506 
402 2363 2366 2365 
403 2218 2547 2546 
404 181 2217 180 
405 2539 2540 2440 
406 2354 2355 2353 
407 2342 2543 2444 
408 2402 2529 2418 
409 2352 2353 2351 
410 145 2231 144 
411 131 2584 2222 
412 2530 2531 2403 
413 2378 2518 2376 
414 2360 2362 2361 
415 2349 2352 2351 
416 2348 2607 2349 
417 2376 2518 2461 
418 2366 2376 2375 
419 2352 2354 2353 
420 2554 2556 2555 
421 2358 2517 2357 
422 2513 2675 2660 
423 2390 2513 2427 
424 2380 2462 2378 
425 204 2519 2232 
426 2404 2530 2403 
427 206 2236 205 
428 2535 2537 2348 
429 186 2545 2221 
430 2554 2555 2225 
431 2594 2614 2367 
432 2646 2649 2450 
433 2392 2466 2391 
434 2355 2358 2357 
435 2303 2553 2308 
436 2563 2565 2564 
437 2380 2463 2462 
438 2245 2247 2246 
439 2402 2418 2417 
440 2567 2569 2568 
441 2389 2391 2386 
442 2402 2417 2373 
443 2357 2360 2359 
444 2570 2591 2587 
445 2563 2564 2224 
446 146 2242 145 
447 2348 2349 2347 
448 2349 2351 2350 
449 2205 2551 136 
450 2460 2473 2434 
451 2587 2588 2570 
452 2399 2437 2400 
453 2477 2478 2476 
454 2339 2543 2342 
455 184 2209 183 
456 2232 2527 203 
457 2221 2526 185 
458 2458 2513 2390 
459 2398 2469 2394 
460 2484 2503 2437 
461 2218 2546 142 
462 2444 2573 2410 
463 2536 2538 2537 
464 143 2218 142 
465 2536 2537 2535 
466 2389 2392 2391 
467 194 2554 2225 
468 2532 2542 2533 
469 2262 2585 2261 
470 2430 2524 2398 
471 2466 2468 2391 
472 2223 2559 134 
473 2394 2520 2392 
474 2316 2399 2315 
475 2574 2588 2587 
476 137 2577 2205 
477 2461 2506 2375 
478 204 2232 203 
479 2364 2370 2369 
480 2315 2595 2313 
481 2579 2581 2580 
482 2399 2544 2484 
483 2441 2499 2424 
484 2372 2373 2354 
485 2355 2357 2356 
486 2334 2566 2332 
487 2326 2574 2310 
488 2301 2561 2305 
489 2307 2553 2303 
490 192 2562 2203 
491 2460 2483 2473 
492 2286 2591 2282 
493 2437 2488 2400 
494 140 2549 2211 
495 2208 2556 2554 
496 2547 2548 2546 
497 2399 2400 2315 
498 2398 2524 2469 
499 2475 2476 2430 
500 2345 2348 2347 
501 2265 2585 2262 
502 2377 2378 2376 
503 2569 2571 2570 
504 2442 2496 2441 
505 2370 2514 2409 
506 2313 2553 2307 
507 2407 2575 2439 
508 190 2563 2224 
509 2575 2576 2439 
510 2469 2520 2394 
511 2342 2410 2343 
512 205 2519 204 
513 2403 2532 2336 
514 2373 2528 2354 
515 2305 2561 2319 
516 2248 2251 2250 
517 2432 2433 2321 
518 2401 2402 2373 
519 2343 2535 2345 
520 2203 2565 2563 
521 2440 2529 2402 
522 2399 2484 2437 
523 2425 2441 2424 
524 2287 2572 2286 
525 2379 2380 2378 
526 2319 2561 2543 
527 2292 2586 2295 
528 202 2219 201 
529 2329 2579 2420 
530 2342 2444 2410 
531 2245 2246 2244 
532 2310 2574 2298 
533 2475 2477 2476 
534 2572 2587 2286 
535 186 2221 185 
536 2345 2535 2348 
537 2252 2255 2254 
538 2390 2427 2371 
539 140 2211 139 
540 2500 2583 2406 
541 2488 2490 2489 
542 2339 2342 2341 
543 2319 2543 2339 
544 2579 2580 2420 
545 2327 2579 2329 
546 2410 2573 2536 
547 185 2526 184 
548 2573 2635 2536 
549 2423 2424 2404 
550 2417 2528 2373 
551 2201 2545 187 
552 2316 2544 2399 
553 135 2551 2223 
554 2557 2596 2534 
555 2337 2403 2336 
556 2330 2568 2408 
557 2256 2259 2258 
558 2303 2308 2300 
559 2385 2386 2384 
560 2314 2315 2313 
561 2258 2592 2257 
562 199 2215 198 
563 2208 2554 195 
564 2335 2336 2334 
565 2551 2552 2223 
566 137 2205 136 
567 133 2559 2200 
568 2325 2327 2326 
569 2312 2313 2307 
570 2342 2343 2341 
571 203 2527 202 
572 2325 2583 2415 
573 2388 2389 2386 
574 2225 2562 193 
575 2333 2334 2332 
576 2331 2332 2330 
577 2327 2329 2328 
578 2383 2384 2381 
579 2309 2310 2298 
580 2412 2575 2407 
581 2494 2575 2412 
582 2406 2583 2323 
583 2295 2298 2291 
584 2393 2394 2392 
585 2568 2569 2408 
586 2294 2586 2292 
587 2329 2331 2330 
588 196 2208 195 
589 2323 2325 2310 
590 141 2549 140 
591 2298 2574 2572 
592 2397 2398 2394 
593 2295 2309 2298 
594 2331 2333 2332 
595 138 2577 137 
596 135 2223 134 
597 2203 2563 191 
598 2337 2404 2403 
599 2329 2330 2328 
600 2352 2372 2354 
601 2446 2494 2412 
602 2432 2434 2433 
603 2529 2647 2418 
604 2407 2439 2406 
605 142 2546 141 
606 2321 2544 2316 
607 2327 2328 2326 
608 2415 2579 2327 
609 194 2225 193 
610 2291 2572 2287 
611 2323 2583 2325 
612 2314 2316 2315 
613 2335 2337 2336 
614 187 2545 186 
615 2309 2323 2310 
616 2566 2568 2332 
617 2429 2430 2398 
618 133 2200 132 
619 2424 2530 2404 
620 2333 2335 2334 
621 2325 2326 2310 
622 192 2203 191 
623 190 2224 189 
624 2325 2415 2327 
625 2292 2295 2291 
626 188 2201 187 
627 2559 2560 2200 
628 2439 2500 2406 
629 2324 2406 2323 
630 2336 2405 2334 
631 2349 2350 2347 
632 136 2551 135 
633 2415 2581 2579 
634 2355 2356 2353 
635 2299 2586 2294 
636 2425 2442 2441 
637 2586 2590 2295 
638 2442 2497 2496 
639 2297 2299 2294 
640 2298 2572 2291 
641 2372 2401 2373 
642 2370 2371 2369 
643 2423 2425 2424 
644 2247 2248 2246 
645 134 2559 133 
646 195 2554 194 
647 2329 2420 2331 
648 2251 2252 2250 
649 2488 2489 2400 
650 2290 2291 2287 
651 2255 2256 2254 
652 2362 2364 2361 
653 2401 2440 2402 
654 2261 2592 2258 
655 193 2562 192 
656 2332 2568 2330 
657 2345 2347 2346 
658 191 2563 190 
659 2324 2407 2406 
660 2405 2566 2334 
661 2474 2475 2430 
662 2533 2557 2534 
663 2567 2568 2566 
664 2366 2377 2376 
665 2490 2508 2489 
666 2360 2361 2359 
667 2309 2324 2323 
668 2285 2286 2282 
669 2351 2413 2350 
670 2326 2588 2574 
671 2290 2292 2291 
672 2343 2345 2344 
673 2297 2300 2299 
674 2499 2530 2424 
675 2534 2596 2567 
676 2472 2666 2224 
677 2377 2379 2378 
678 2531 2532 2403 
679 2379 2381 2380 
680 2312 2314 2313 
681 2333 2421 2335 
682 2330 2408 2328 
683 2533 2534 2405 
684 131 2222 130 
685 2422 2423 2404 
686 2339 2341 2340 
687 2574 2587 2572 
688 2445 2446 2412 
689 2278 2288 2276 
690 2319 2339 2338 
691 2587 2591 2286 
692 2268 2271 2270 
693 2389 2393 2392 
694 2383 2385 2384 
695 2264 2267 2266 
696 2397 2429 2398 
697 2272 2275 2274 
698 2285 2287 2286 
699 2300 2620 2299 
700 2385 2388 2386 
701 2357 2359 2356 
702 2411 2412 2407 
703 2429 2474 2430 
704 2260 2263 2262 
705 2305 2319 2318 
706 2393 2397 2394 
707 2337 2422 2404 
708 2320 2321 2316 
709 198 2597 197 
710 2302 2303 2300 
711 2256 2258 2257 
712 2299 2612 2586 
713 2259 2260 2258 
714 2324 2411 2407 
715 2350 2603 2347 
716 2375 2541 2365 
717 2457 2460 2434 
718 2311 2610 2312 
719 2295 2590 2309 
720 2343 2344 2341 
721 2252 2254 2253 
722 2293 2294 2292 
723 2306 2307 2303 
724 2445 2589 2446 
725 2328 2588 2326 
726 2289 2290 2287 
727 2215 2597 198 
728 2474 2498 2475 
729 129 2204 128 
730 2296 2297 2294 
731 2309 2590 2324 
732 2248 2250 2249 
733 2345 2346 2344 
734 2411 2445 2412 
735 2569 2570 2408 
736 163 2202 162 
737 2580 2652 2420 
738 2351 2614 2413 
739 2431 2432 2321 
740 2570 2588 2408 
741 2311 2312 2307 
742 2408 2588 2328 
743 2561 2626 2543 
744 126 2210 125 
745 2339 2340 2338 
746 161 2226 160 
747 123 2212 122 
748 2389 2606 2393 
749 2534 2566 2405 
750 2317 2448 2304 
751 2290 2293 2292 
752 2508 2511 2489 
753 2358 2634 2517 
754 2319 2338 2318 
755 2284 2285 2282 
756 2281 2282 2280 
757 159 2207 158 
758 2324 2590 2411 
759 2301 2601 2561 
760 2297 2302 2300 
761 2279 2280 2278 
762 2452 2470 2395 
763 2414 2603 2350 
764 120 2216 119 
765 2271 2272 2270 
766 2256 2257 2254 
767 2425 2450 2442 
768 2400 2595 2315 
769 2285 2289 2287 
770 165 2227 164 
771 2267 2268 2266 
772 2344 2600 2341 
773 2314 2320 2316 
774 2356 2614 2353 
775 2534 2567 2566 
776 2277 2278 2276 
777 156 2213 155 
778 2274 2276 2273 
779 2263 2264 2262 
780 119 2598 118 
781 2382 2383 2381 
782 2279 2283 2281 
783 2244 2512 2231 
784 166 2599 165 
785 2293 2296 2294 
786 2395 2610 2311 
787 2396 2436 2388 
788 2302 2306 2303 
789 2252 2253 2250 
790 2346 2453 2443 
791 2432 2457 2434 
792 2486 2495 2436 
793 2413 2594 2426 
794 2284 2593 2285 
795 2341 2600 2340 
796 2413 2426 2414 
797 2279 2281 2280 
798 2281 2284 2282 
799 2317 2449 2448 
800 118 2229 117 
801 2289 2601 2290 
802 2372 2416 2401 
803 2393 2606 2438 
804 2489 2595 2400 
805 2349 2607 2352 
806 167 2206 166 
807 2305 2318 2317 
808 2272 2273 2270 
809 2293 2301 2296 
810 2277 2642 2540 
811 2346 2443 2344 
812 2296 2605 2297 
813 2301 2305 2304 
814 2272 2274 2273 
815 2338 2428 2318 
816 2306 2311 2307 
817 2506 2541 2375 
818 2268 2270 2269 
819 2277 2279 2278 
820 2290 2601 2293 
821 2388 2606 2389 
822 2268 2269 2266 
823 2274 2277 2276 
824 2511 2595 2489 
825 2347 2603 2346 
826 2429 2502 2474 
827 2301 2304 2296 
828 2305 2317 2304 
829 2285 2593 2289 
830 2453 2472 2443 
831 2443 2600 2344 
832 117 2602 116 
833 2322 2451 2395 
834 2353 2614 2351 
835 2320 2431 2321 
836 2264 2266 2265 
837 2264 2265 2262 
838 2393 2438 2397 
839 2306 2322 2311 
840 2385 2396 2388 
841 2260 2261 2258 
842 153 2220 152 
843 2451 2452 2395 
844 2248 2249 2246 
845 2297 2605 2302 
846 2379 2382 2381 
847 2448 2605 2304 
848 2322 2395 2311 
849 2396 2487 2486 
850 2364 2369 2368 
851 116 2233 115 
852 2260 2262 2261 
853 2586 2612 2590 
854 2257 2616 2254 
855 2435 2491 2467 
856 2413 2414 2350 
857 2396 2486 2436 
858 2299 2620 2612 
859 170 2214 169 
860 2346 2603 2453 
861 2436 2606 2388 
862 2293 2601 2301 
863 2320 2435 2431 
864 2382 2387 2383 
865 2590 2612 2411 
866 2367 2614 2356 
867 2435 2467 2431 
868 2312 2613 2314 
869 2545 2692 2471 
870 2304 2605 2296 
871 2216 2598 119 
872 2382 2447 2387 
873 2487 2501 2486 
874 2426 2471 2414 
875 2470 2610 2395 
876 2411 2612 2445 
877 165 2599 2227 
878 171 2604 170 
879 115 2611 114 
880 2374 2464 2455 
881 2359 2367 2356 
882 2420 2629 2331 
883 2447 2550 2387 
884 122 2627 121 
885 2428 2608 2318 
886 2352 2607 2372 
887 2318 2608 2317 
888 118 2598 2229 
889 2254 2616 2253 
890 2364 2368 2361 
891 151 2235 150 
892 2383 2609 2385 
893 2578 2624 2377 
894 2610 2613 2312 
895 2250 2622 2249 
896 2206 2599 166 
897 2317 2608 2449 
898 2314 2613 2320 
899 172 2228 171 
900 2333 2629 2421 
901 2455 2456 2419 
902 2374 2617 2464 
903 2427 2465 2454 
904 2374 2419 2368 
905 2387 2609 2383 
906 114 2237 113 
907 2229 2602 117 
908 2372 2607 2416 
909 2414 2625 2603 
910 2385 2609 2396 
911 2369 2374 2368 
912 2320 2613 2435 
913 2377 2624 2379 
914 2612 2620 2445 
915 2374 2455 2419 
916 2396 2609 2487 
917 2427 2454 2371 
918 116 2602 2233 
919 2471 2625 2414 
920 2445 2620 2589 
921 2552 2633 2223 
922 2306 2623 2322 
923 2605 2623 2302 
924 2464 2485 2455 
925 2289 2626 2601 
926 2387 2628 2609 
927 2246 2615 2244 
928 2253 2622 2250 
929 2623 2631 2322 
930 2302 2623 2306 
931 2450 2645 2577 
932 2371 2617 2369 
933 2233 2611 115 
934 2249 2615 2246 
935 2361 2618 2359 
936 2244 2615 2512 
937 2448 2623 2605 
938 170 2604 2214 
939 2379 2624 2382 
940 2559 2633 2560 
941 2382 2624 2447 
942 2616 2619 2253 
943 2601 2626 2561 
944 174 2234 173 
945 2609 2628 2487 
946 2603 2625 2453 
947 2593 2626 2289 
948 2359 2618 2367 
949 2448 2631 2623 
950 2368 2618 2361 
951 2212 2627 122 
952 154 2632 153 
953 2369 2617 2374 
954 2419 2618 2368 
955 2228 2604 171 
956 2619 2622 2253 
957 2465 2492 2454 
958 114 2611 2237 
959 2610 2630 2613 
960 2331 2629 2333 
961 2454 2617 2371 
962 2613 2630 2435 
963 2435 2630 2491 
964 2550 2628 2387 
965 2284 2635 2573 
966 2322 2631 2451 
967 2449 2631 2448 
968 2281 2635 2284 
969 2421 2639 2335 
970 2337 2639 2422 
971 2470 2630 2610 
972 2358 2637 2634 
973 125 2640 124 
974 2624 2634 2447 
975 2252 2643 2255 
976 2578 2634 2624 
977 2456 2636 2419 
978 2223 2633 2559 
979 2506 2653 2459 
980 2384 2695 2523 
981 2274 2642 2277 
982 153 2632 2220 
983 2283 2635 2281 
984 2517 2634 2578 
985 2367 2636 2594 
986 2211 2649 2646 
987 2549 2650 2211 
988 2618 2636 2367 
989 2425 2645 2450 
990 139 2646 138 
991 2419 2636 2618 
992 2221 2638 2526 
993 2485 2668 182 
994 2447 2637 2550 
995 128 2648 127 
996 2500 2651 2583 
997 2335 2639 2337 
998 2581 2651 2582 
999 2450 2649 2442 
1000 2415 2651 2581 
1001 2210 2640 125 
1002 2634 2637 2447 
1003 2418 2647 2628 
1004 2275 2642 2274 
1005 2422 2641 2423 
1006 2251 2643 2252 
1007 2628 2647 2487 
1008 2211 2650 2649 
1009 2200 2652 2584 
1010 2641 2645 2423 
1011 2233 2644 2611 
1012 2584 2652 2580 
1013 2423 2645 2425 
1014 2211 2646 139 
1015 2515 2655 2263 
1016 163 2654 2202 
1017 2687 2689 2206 
1018 2227 2654 164 
1019 2487 2647 2501 
1020 2204 2648 128 
1021 2442 2649 2497 
1022 2476 2656 2524 
1023 2263 2655 2264 
1024 2483 2667 2644 
1025 2548 2650 2549 
1026 2206 2689 2599 
1027 2583 2651 2415 
1028 2562 2657 2203 
1029 2458 2681 2513 
1030 2459 2682 2458 
1031 2267 2655 2516 
1032 2649 2650 2497 
1033 2560 2652 2200 
1034 2594 2658 2426 
1035 2458 2682 2681 
1036 2507 2653 2506 
1037 2240 2662 2234 
1038 2426 2658 2638 
1039 2432 2659 2457 
1040 2427 2660 2465 
1041 2467 2659 2431 
1042 2507 2685 2683 
1043 164 2654 163 
1044 182 2693 2485 
1045 2224 2696 2472 
1046 172 2662 2228 
1047 2237 2661 113 
1048 2234 2662 173 
1049 208 2661 207 
1050 2237 2690 2661 
1051 2264 2655 2267 
1052 2217 2670 2492 
1053 2507 2683 2653 
1054 2456 2658 2636 
1055 2238 2676 2239 
1056 2452 2663 2597 
1057 2597 2663 197 
1058 196 2663 2208 
1059 2225 2664 2562 
1060 2478 2656 2476 
1061 2203 2657 2565 
1062 2215 2684 2491 
1063 2492 2679 2217 
1064 113 2661 112 
1065 2380 2665 2463 
1066 2384 2665 2381 
1067 2224 2666 189 
1068 188 2666 2201 
1069 2636 2658 2594 
1070 182 2668 181 
1071 2464 2668 2485 
1072 2208 2673 2556 
1073 2431 2659 2432 
1074 2526 2669 2209 
1075 2513 2660 2427 
1076 2617 2670 2464 
1077 2492 2670 2454 
1078 2219 2672 201 
1079 2239 2671 2240 
1080 2599 2694 2227 
1081 173 2662 172 
1082 2523 2695 2468 
1083 177 2676 2238 
1084 2600 2696 2564 
1085 2338 2674 2428 
1086 2230 2676 178 
1087 179 2679 2230 
1088 2527 2677 2457 
1089 2217 2679 180 
1090 206 2690 2236 
1091 2386 2695 2384 
1092 2468 2695 2391 
1093 2461 2687 2507 
1094 183 2693 182 
1095 2689 2694 2599 
1096 199 2684 2215 
1097 2471 2692 2625 
1098 2625 2678 2453 
1099 2443 2696 2600 
1100 2485 2680 2455 
1101 2669 2680 2209 
1102 2214 2683 169 
1103 167 2685 2206 
1104 2666 2678 2201 
1105 2564 2696 2224 
1106 2449 2686 2631 
1107 2673 2686 2556 
1108 197 2663 196 
1109 2555 2664 2225 
1110 2428 2674 2657 
1111 2653 2683 2214 
1112 112 2661 208 
1113 2522 2691 2463 
1114 2381 2665 2380 
1115 2460 2667 2483 
1116 2661 2690 207 
1117 2663 2673 2208 
1118 189 2666 188 
1119 2519 2667 2232 
1120 181 2668 2217 
1121 2638 2669 2526 
1122 2454 2670 2617 
1123 2625 2692 2678 
1124 2456 2680 2669 
1125 2485 2693 2680 
1126 2456 2669 2658 
1127 2460 2677 2667 
1128 201 2672 200 
1129 2472 2678 2666 
1130 2675 2681 2228 
1131 2667 2677 2232 
1132 2451 2673 2452 
1133 2658 2669 2638 
1134 2674 2688 2565 
1135 2657 2674 2565 
1136 2340 2674 2338 
1137 2672 2684 200 
1138 2654 2691 2522 
1139 2564 2688 2600 
1140 2452 2673 2663 
1141 2451 2686 2673 
1142 2662 2675 2228 
1143 178 2676 177 
1144 2457 2677 2460 
1145 2340 2688 2674 
1146 2232 2677 2527 
1147 2453 2678 2472 
1148 2565 2688 2564 
1149 180 2679 179 
1150 2455 2680 2456 
1151 2228 2681 2604 
1152 2681 2682 2604 
1153 169 2683 168 
1154 2604 2682 2214 
1155 200 2684 199 
1156 2683 2685 168 
1157 168 2685 167 
1158 2518 2689 2687 
1159 2462 2689 2518 
1160 2518 2687 2461 
1161 2463 2694 2462 
1162 207 2690 206 
1163 2631 2686 2451 
1164 2600 2688 2340 
1165 2660 2675 2240 
1166 2201 2692 2545 
1167 2209 2693 183 
1168 2391 2695 2386 
1169 2227 2691 2654 
1170 2472 2696 2443 
1171 2240 2675 2662 
1172 2462 2694 2689 
1173 2678 2692 2201 
1174 2680 2693 2209 
1175 2691 2694 2463 
1176 2227 2694 2691 
2 3 2 20
1177 217 1 218 
1178 4 209 227 
1179 226 209 210 
1180 227 209 226 
1181 210 211 225 
1182 226 210 225 
1183 224 211 212 
1184 225 211 224 
1185 223 212 213 
1186 224 212 223 
1187 218 216 217 
1188 218 219 216 
1189 2 221 214 
1190 220 2 215 
1191 220 221 2 
1192 214 222 213 
1193 223 213 222 
1194 222 214 221 
1195 219 215 216 
1196 220 215 219 
2 4 2 307
1197 294 2720 293 
1198 2739 2772 2737 
1199 242 2764 241 
1200 294 2721 2720 
1201 2749 2779 2703 
1202 2703 2798 2749 
1203 2737 2772 2704 
1204 268 2719 267 
1205 2750 2771 2697 
1206 2715 2764 2763 
1207 2697 2785 2750 
1208 2752 2785 2697 
1209 2708 2774 2728 
1210 2697 2793 2752 
1211 2715 2763 2762 
1212 2761 2783 2711 
1213 241 2764 2717 
1214 2763 2764 242 
1215 2711 2792 2761 
1216 2761 2792 2762 
1217 2792 2801 2762 
1218 2739 2802 2772 
1219 2728 2774 2755 
1220 2764 2787 2717 
1221 2736 2737 2704 
1222 2717 2787 2781 
1223 267 22 268 
1224 2744 2769 2746 
1225 295 2721 294 
1226 2751 2798 2767 
1227 239 2791 2780 
1228 268 2807 2719 
1229 2782 2790 2736 
1230 2770 2784 2747 
1231 295 2786 2721 
1232 2699 2768 2754 
1233 2706 2790 2782 
1234 2704 2782 2736 
1235 2747 2784 2769 
1236 2746 2769 2754 
1237 2747 2769 2744 
1238 2780 2791 2718 
1239 2767 2798 2703 
1240 2770 2778 2698 
1241 2747 2778 2770 
1242 2720 2800 293 
1243 2768 2803 2754 
1244 2753 2766 2698 
1245 2698 2778 2753 
1246 2728 2809 2708 
1247 2766 2777 2700 
1248 2753 2777 2766 
1249 300 2806 299 
1250 2734 2765 2700 
1251 2700 2777 2734 
1252 2755 2774 2710 
1253 296 2786 295 
1254 2702 2765 2732 
1255 2732 2765 2734 
1256 2754 2769 2699 
1257 2730 2756 2702 
1258 2702 2732 2730 
1259 232 2806 231 
1260 2705 2756 2727 
1261 2705 2726 2725 
1262 2710 2788 2755 
1263 2705 2727 2726 
1264 244 2760 2713 
1265 2727 2756 2730 
1266 2760 2761 2713 
1267 2759 2760 245 
1268 2705 2725 250 
1269 296 2794 2786 
1270 246 2759 245 
1271 2720 2721 237 
1272 250 2725 249 
1273 2707 2723 2722 
1274 245 2760 244 
1275 243 2763 242 
1276 2727 2728 2726 
1277 2761 2762 2713 
1278 2757 2758 2709 
1279 2707 2722 248 
1280 2726 2755 2724 
1281 237 2721 236 
1282 2722 2757 2709 
1283 2767 2796 2751 
1284 238 2720 237 
1285 2700 2765 254 
1286 2723 2757 2722 
1287 251 2756 2705 
1288 255 2766 2700 
1289 260 2768 2699 
1290 2702 2756 252 
1291 2728 2755 2726 
1292 2707 2724 2723 
1293 2709 2759 246 
1294 241 2717 240 
1295 2727 2729 2728 
1296 257 2770 2698 
1297 247 2722 2709 
1298 2735 2736 2733 
1299 244 2713 243 
1300 2743 2752 2741 
1301 2748 2750 2745 
1302 247 2709 246 
1303 261 2768 260 
1304 253 2765 2702 
1305 249 2707 248 
1306 2735 2737 2736 
1307 252 2756 251 
1308 2748 2751 2750 
1309 249 2725 2707 
1310 2698 2766 256 
1311 251 2705 250 
1312 265 2767 2703 
1313 253 2702 252 
1314 255 2700 254 
1315 260 2699 259 
1316 257 2698 256 
1317 258 2770 257 
1318 248 2722 247 
1319 2713 2763 243 
1320 267 2719 266 
1321 2719 2767 266 
1322 254 2765 253 
1323 256 2766 255 
1324 2746 2748 2745 
1325 2725 2726 2724 
1326 2730 2731 2729 
1327 2738 2739 2737 
1328 2734 2735 2733 
1329 265 2703 264 
1330 2742 2743 2741 
1331 2744 2745 2743 
1332 2732 2733 2731 
1333 2740 2741 2739 
1334 266 2767 265 
1335 2746 2749 2748 
1336 2758 2759 2709 
1337 2762 2763 2713 
1338 2716 2803 2768 
1339 2707 2725 2724 
1340 2744 2746 2745 
1341 2727 2730 2729 
1342 2735 2738 2737 
1343 2742 2744 2743 
1344 2740 2742 2741 
1345 270 2712 269 
1346 2738 2740 2739 
1347 2730 2732 2731 
1348 2732 2734 2733 
1349 271 2771 270 
1350 272 2697 271 
1351 263 2716 262 
1352 274 2701 273 
1353 2703 2779 264 
1354 275 2772 274 
1355 276 2704 275 
1356 2735 2777 2738 
1357 278 2706 277 
1358 279 2773 278 
1359 280 2708 279 
1360 281 2774 280 
1361 2746 2754 2749 
1362 282 2710 281 
1363 270 2771 2712 
1364 283 2775 282 
1365 284 2714 283 
1366 285 2776 284 
1367 286 2711 285 
1368 2734 2777 2735 
1369 2742 2747 2744 
1370 2697 2771 271 
1371 2738 2753 2740 
1372 2738 2777 2753 
1373 289 2715 288 
1374 274 2772 2701 
1375 2704 2772 275 
1376 263 2779 2716 
1377 278 2773 2706 
1378 2708 2773 279 
1379 292 2718 291 
1380 2740 2778 2742 
1381 280 2774 2708 
1382 264 2779 263 
1383 2710 2774 281 
1384 282 2775 2710 
1385 2714 2775 283 
1386 284 2776 2714 
1387 2711 2776 285 
1388 2742 2778 2747 
1389 2753 2778 2740 
1390 2715 2787 2764 
1391 2752 2793 2701 
1392 2760 2783 2761 
1393 2758 2783 2759 
1394 239 2780 238 
1395 2701 2802 2752 
1396 2769 2784 2699 
1397 2772 2802 2701 
1398 2699 2784 259 
1399 258 2784 2770 
1400 276 2782 2704 
1401 2706 2782 277 
1402 2718 2791 2781 
1403 2755 2788 2724 
1404 2718 2781 291 
1405 2743 2785 2752 
1406 2750 2785 2745 
1407 2721 2786 236 
1408 238 2780 2720 
1409 289 2787 2715 
1410 291 2781 290 
1411 277 2782 276 
1412 2781 2791 2717 
1413 2759 2783 2760 
1414 2775 2788 2710 
1415 2736 2790 2733 
1416 240 2791 239 
1417 259 2784 258 
1418 297 2794 296 
1419 2762 2801 2715 
1420 286 2792 2711 
1421 272 2793 2697 
1422 2701 2793 273 
1423 2729 2809 2728 
1424 2781 2787 290 
1425 2745 2785 2743 
1426 2752 2802 2741 
1427 2749 2798 2748 
1428 23 2797 261 
1429 262 2797 23 
1430 2731 2799 2729 
1431 2775 2795 2788 
1432 297 2805 2794 
1433 269 2807 268 
1434 2715 2801 288 
1435 290 2787 289 
1436 292 2800 2718 
1437 236 2786 235 
1438 2724 2788 2723 
1439 300 2789 231 
1440 2718 2800 2780 
1441 230 2789 301 
1442 2786 2794 235 
1443 2788 2795 2723 
1444 2733 2790 2731 
1445 2717 2791 240 
1446 2714 2795 2775 
1447 287 2792 286 
1448 2799 2809 2729 
1449 298 2811 2805 
1450 298 2805 297 
1451 2780 2800 2720 
1452 273 2793 272 
1453 2714 2804 2795 
1454 2723 2795 2757 
1455 2773 2799 2706 
1456 2768 2797 2716 
1457 235 2794 234 
1458 2779 2803 2716 
1459 2750 2808 2771 
1460 2749 2803 2779 
1461 2719 2796 2767 
1462 287 2801 2792 
1463 299 2806 232 
1464 2794 2805 234 
1465 2776 2810 2804 
1466 261 2797 2768 
1467 2795 2804 2757 
1468 299 2811 298 
1469 2804 2810 2758 
1470 2716 2797 262 
1471 233 2811 232 
1472 2748 2798 2751 
1473 232 2811 299 
1474 2758 2810 2783 
1475 2805 2811 233 
1476 293 2800 292 
1477 2776 2804 2714 
1478 2751 2808 2750 
1479 288 2801 287 
1480 2741 2802 2739 
1481 2757 2804 2758 
1482 2796 2808 2751 
1483 234 2805 233 
1484 2712 2808 2796 
1485 2754 2803 2749 
1486 2712 2807 269 
1487 2771 2808 2712 
1488 2708 2809 2773 
1489 2711 2810 2776 
1490 2706 2799 2790 
1491 231 2806 300 
1492 2783 2810 2711 
1493 2773 2809 2799 
1494 2790 2799 2731 
1495 2796 2807 2712 
1496 2719 2807 2796 
1497 231 2789 230 
1498 301 2789 300 
1499 1 228 303 
1500 302 228 229 
1501 302 303 228 
1502 301 229 230 
1503 301 302 229 
2 5 2 46
1504 2818 2821 2817 
1505 2812 2821 2818 
1506 308 2815 2814 
1507 315 2819 314 
1508 320 23 304 
1509 314 2819 313 
1510 2812 2815 311 
1511 310 2815 309 
1512 309 2815 308 
1513 311 2815 310 
1514 310 309 14 
1515 2815 2824 2814 
1516 314 22 315 
1517 316 2819 315 
1518 2813 2818 2817 
1519 2816 2823 319 
1520 2813 2817 317 
1521 318 2813 317 
1522 2817 2821 2819 
1523 317 2817 316 
1524 304 2822 320 
1525 305 2822 304 
1526 2817 2819 316 
1527 308 2814 307 
1528 312 2812 311 
1529 307 2820 306 
1530 2814 2820 307 
1531 2812 2824 2815 
1532 320 2822 319 
1533 319 2822 2816 
1534 306 2816 305 
1535 2820 2825 2823 
1536 306 2820 2816 
1537 2819 2821 313 
1538 319 2823 318 
1539 2820 2823 2816 
1540 313 2821 312 
1541 2818 2824 2812 
1542 2818 2825 2814 
1543 312 2821 2812 
1544 2814 2824 2818 
1545 2823 2825 2813 
1546 318 2823 2813 
1547 2816 2822 305 
1548 2814 2825 2820 
1549 2813 2825 2818 
2 6 2 275
1550 2835 2873 2872 
1551 388 2874 387 
1552 2856 2886 2854 
1553 2835 2874 2873 
1554 2894 2896 2829 
1555 2881 2893 2841 
1556 2890 2905 2842 
1557 2885 2905 2890 
1558 2896 2916 2829 
1559 327 2912 326 
1560 2831 2886 2856 
1561 2876 2878 2871 
1562 2902 2917 349 
1563 2847 2917 2902 
1564 326 23 327 
1565 2834 2874 388 
1566 387 2874 2835 
1567 2844 2893 2881 
1568 386 2877 385 
1569 365 2915 364 
1570 2834 2875 2874 
1571 2860 2891 2845 
1572 2828 2878 2876 
1573 2891 2912 2845 
1574 2886 2916 2854 
1575 2834 2906 2875 
1576 371 2848 370 
1577 357 2915 356 
1578 2841 2893 2883 
1579 2856 2858 2831 
1580 2872 2877 2835 
1581 2873 2876 2871 
1582 2835 2877 386 
1583 385 2877 2837 
1584 2845 2912 327 
1585 2844 2881 2880 
1586 2848 2897 370 
1587 2840 2911 2883 
1588 2883 2919 2840 
1589 2827 2904 2899 
1590 2880 2901 2844 
1591 2858 2895 2831 
1592 2840 2905 2885 
1593 2837 2903 2900 
1594 2885 2911 2840 
1595 2877 2903 2837 
1596 2876 2879 2828 
1597 2899 2904 2879 
1598 2849 2860 2845 
1599 370 2897 369 
1600 2855 2916 2896 
1601 2874 2875 2873 
1602 328 2849 2845 
1603 2855 2861 2852 
1604 2846 2901 2880 
1605 2897 2908 369 
1606 2850 2860 2849 
1607 328 2845 327 
1608 2850 2861 2860 
1609 2826 2850 2849 
1610 2827 2862 331 
1611 2827 2889 2862 
1612 2826 2849 329 
1613 2854 2855 2852 
1614 329 2849 328 
1615 338 2866 2833 
1616 2865 2867 2866 
1617 2852 2861 2850 
1618 2866 2867 2833 
1619 345 2881 2841 
1620 2868 2870 2869 
1621 2884 2885 2838 
1622 334 2878 2828 
1623 342 2884 2838 
1624 331 2862 330 
1625 2875 2876 2873 
1626 339 2866 338 
1627 2863 2864 2836 
1628 2868 2869 2833 
1629 2851 2852 2850 
1630 340 2863 2836 
1631 2841 2883 2882 
1632 2885 2890 2838 
1633 2826 2851 2850 
1634 2833 2869 337 
1635 335 2878 334 
1636 351 2848 350 
1637 2867 2868 2833 
1638 2846 2880 347 
1639 2880 2881 346 
1640 2864 2865 2836 
1641 2869 2870 2830 
1642 2870 2872 2871 
1643 348 2846 347 
1644 2841 2882 344 
1645 2882 2884 343 
1646 346 2881 345 
1647 2838 2863 341 
1648 345 2841 344 
1649 2870 2871 2830 
1650 343 2884 342 
1651 2872 2873 2871 
1652 336 2869 2830 
1653 342 2838 341 
1654 2863 2890 2864 
1655 340 2836 339 
1656 2836 2866 339 
1657 338 2833 337 
1658 347 2880 346 
1659 336 2830 335 
1660 334 2828 333 
1661 344 2882 343 
1662 332 2827 331 
1663 330 2826 329 
1664 341 2863 340 
1665 337 2869 336 
1666 2830 2878 335 
1667 2865 2866 2836 
1668 2871 2878 2830 
1669 2853 2854 2852 
1670 393 2829 392 
1671 392 2886 391 
1672 391 2831 390 
1673 2851 2853 2852 
1674 2853 2856 2854 
1675 389 2834 388 
1676 387 2835 386 
1677 385 2837 384 
1678 384 2887 383 
1679 2857 2858 2856 
1680 383 2839 382 
1681 382 2888 381 
1682 381 2842 380 
1683 379 2840 378 
1684 330 2862 2826 
1685 2857 2859 2858 
1686 2853 2857 2856 
1687 376 2844 375 
1688 2829 2886 392 
1689 391 2886 2831 
1690 373 2847 372 
1691 2859 2899 2879 
1692 2837 2887 384 
1693 383 2887 2839 
1694 2829 2916 2886 
1695 2839 2888 382 
1696 381 2888 2842 
1697 2838 2890 2863 
1698 2846 2909 2901 
1699 2826 2862 2851 
1700 2843 2896 2894 
1701 2851 2889 2853 
1702 394 2894 393 
1703 2862 2889 2851 
1704 2853 2889 2857 
1705 377 2893 376 
1706 324 2832 323 
1707 2872 2903 2877 
1708 323 2892 322 
1709 325 2891 324 
1710 351 2897 2848 
1711 322 2843 321 
1712 2831 2895 390 
1713 389 2895 2834 
1714 2827 2899 2889 
1715 376 2893 2844 
1716 2879 2904 2828 
1717 350 2902 349 
1718 2906 2923 2875 
1719 2870 2903 2872 
1720 2859 2923 2906 
1721 2895 2906 2834 
1722 2857 2899 2859 
1723 2844 2901 375 
1724 363 2898 358 
1725 2832 2892 323 
1726 2828 2904 333 
1727 332 2904 2827 
1728 324 2891 2832 
1729 369 2908 368 
1730 322 2892 2843 
1731 393 2894 2829 
1732 390 2895 389 
1733 2842 2905 380 
1734 379 2905 2840 
1735 2900 2903 2868 
1736 2867 2900 2868 
1737 2858 2906 2895 
1738 2884 2911 2885 
1739 357 2898 364 
1740 352 2897 351 
1741 2908 2913 368 
1742 2883 2911 2882 
1743 2848 2902 350 
1744 375 2901 374 
1745 2892 2896 2843 
1746 2837 2900 2887 
1747 373 2909 2847 
1748 2889 2899 2857 
1749 377 2919 2893 
1750 349 2917 348 
1751 2868 2903 2870 
1752 2909 2917 2847 
1753 2840 2919 378 
1754 2847 2925 372 
1755 14 2918 394 
1756 333 2904 332 
1757 2893 2919 2883 
1758 352 2908 2897 
1759 2855 2910 2861 
1760 380 2905 379 
1761 355 2924 366 
1762 2900 2907 2887 
1763 2901 2909 374 
1764 2867 2907 2900 
1765 371 2925 2848 
1766 321 2918 14 
1767 325 2912 2891 
1768 2902 2925 2847 
1769 2832 2910 2892 
1770 2865 2907 2867 
1771 366 2921 355 
1772 368 2913 367 
1773 356 2924 355 
1774 394 2918 2894 
1775 2859 2906 2858 
1776 353 2908 352 
1777 2913 2921 367 
1778 2894 2918 2843 
1779 366 2924 365 
1780 2887 2907 2839 
1781 374 2909 373 
1782 2832 2920 2910 
1783 2846 2917 2909 
1784 353 2913 2908 
1785 2879 2923 2859 
1786 2896 2910 2855 
1787 356 2915 365 
1788 2882 2911 2884 
1789 2865 2914 2907 
1790 2907 2914 2839 
1791 2892 2910 2896 
1792 2864 2914 2865 
1793 2876 2923 2879 
1794 326 2912 325 
1795 367 2921 366 
1796 354 2913 353 
1797 2854 2916 2855 
1798 2861 2920 2860 
1799 2848 2925 2902 
1800 2839 2914 2888 
1801 348 2917 2846 
1802 354 2921 2913 
1803 2875 2923 2876 
1804 2890 2922 2864 
1805 2864 2922 2914 
1806 364 2915 357 
1807 2914 2922 2888 
1808 378 2919 377 
1809 2910 2920 2861 
1810 2842 2922 2890 
1811 355 2921 354 
1812 372 2925 371 
1813 2891 2920 2832 
1814 2860 2920 2891 
1815 2888 2922 2842 
1816 2843 2918 321 
1817 365 2924 356 
1818 358 2898 357 
1819 364 2898 363 
1820 360 1 361 
1821 359 363 358 
1822 360 362 359 
1823 359 362 363 
1824 361 362 360 
2 7 2 109
1825 2931 2944 2941 
1826 425 2935 424 
1827 424 2935 2932 
1828 2938 2945 2930 
1829 397 2953 396 
1830 429 2953 428 
1831 2941 2947 2931 
1832 2944 2956 2941 
1833 404 2955 2952 
1834 425 2946 2935 
1835 2938 2951 2945 
1836 2934 2948 2932 
1837 2952 2955 2943 
1838 413 16 414 
1839 2932 2957 2934 
1840 2930 2961 2938 
1841 2935 2957 2932 
1842 2927 2941 2940 
1843 2927 2940 419 
1844 2926 2938 2937 
1845 419 2940 418 
1846 2926 2937 417 
1847 420 2942 2927 
1848 2929 2943 2942 
1849 416 2937 2933 
1850 2926 2939 2938 
1851 416 2933 415 
1852 2927 2947 2941 
1853 424 2932 423 
1854 2929 2942 421 
1855 418 2940 2926 
1856 422 2929 421 
1857 418 2926 417 
1858 420 2927 419 
1859 426 2946 425 
1860 417 2937 416 
1861 421 2942 420 
1862 2940 2941 2939 
1863 2950 2951 2928 
1864 2926 2940 2939 
1865 2945 2951 2950 
1866 408 2928 407 
1867 407 2944 406 
1868 406 2931 405 
1869 410 2945 409 
1870 411 2930 410 
1871 403 2934 402 
1872 2928 2944 407 
1873 401 2935 400 
1874 406 2944 2931 
1875 2930 2945 410 
1876 2943 2947 2942 
1877 400 2946 399 
1878 2935 2946 400 
1879 2939 2951 2938 
1880 2942 2947 2927 
1881 2941 2956 2939 
1882 2932 2948 423 
1883 422 2948 2929 
1884 2933 2949 415 
1885 25 2950 408 
1886 409 2950 25 
1887 2943 2955 2947 
1888 423 2948 422 
1889 404 2952 403 
1890 415 2949 414 
1891 2947 2955 2931 
1892 2933 2958 2949 
1893 413 2949 412 
1894 2929 2960 2943 
1895 429 2936 396 
1896 405 2955 404 
1897 408 2950 2928 
1898 2945 2950 409 
1899 2934 2957 402 
1900 401 2957 2935 
1901 2938 2961 2937 
1902 2946 2954 399 
1903 411 2958 2930 
1904 414 2949 413 
1905 426 2954 2946 
1906 2943 2960 2952 
1907 403 2952 2934 
1908 395 2936 430 
1909 2958 2961 2930 
1910 2954 2959 398 
1911 2939 2956 2951 
1912 427 2959 2954 
1913 399 2954 398 
1914 396 2953 429 
1915 427 2954 426 
1916 428 2953 397 
1917 2949 2958 412 
1918 2931 2955 405 
1919 428 2959 427 
1920 402 2957 401 
1921 2928 2956 2944 
1922 398 2959 397 
1923 412 2958 411 
1924 2951 2956 2928 
1925 2948 2960 2929 
1926 397 2959 428 
1927 2937 2961 2933 
1928 2934 2960 2948 
1929 2933 2961 2958 
1930 2952 2960 2934 
1931 396 2936 395 
1932 430 2936 429 
1933 14 395 430 
2 8 2 126
1934 2980 2987 2985 
1935 2971 2974 2966 
1936 2966 2975 2971 
1937 2988 2996 2963 
1938 2985 2995 2980 
1939 2963 2991 2988 
1940 442 2973 441 
1941 441 2973 2972 
1942 2966 2974 432 
1943 2969 2981 2972 
1944 2980 2998 2987 
1945 2975 2992 2971 
1946 2972 2999 2969 
1947 2970 2996 2988 
1948 432 2974 431 
1949 20 431 465 
1950 431 2974 465 
1951 2991 2992 2975 
1952 2966 2976 2975 
1953 465 2974 464 
1954 464 2974 2971 
1955 2984 2995 2985 
1956 442 2997 2973 
1957 2976 2977 2975 
1958 2976 3006 2962 
1959 2990 2993 2983 
1960 2973 2999 2972 
1961 2985 2987 2986 
1962 433 2966 432 
1963 435 2986 2962 
1964 2986 2987 2962 
1965 436 2986 435 
1966 459 2970 458 
1967 2970 2988 2978 
1968 2978 2979 2965 
1969 2967 2983 2982 
1970 2978 2988 2979 
1971 439 2981 2967 
1972 2970 2978 458 
1973 2967 2982 438 
1974 457 2978 2965 
1975 2984 2985 2964 
1976 2982 2984 2964 
1977 2972 2981 440 
1978 2983 2984 2982 
1979 441 2972 440 
1980 2964 2986 436 
1981 437 2982 2964 
1982 439 2967 438 
1983 437 2964 436 
1984 435 2962 434 
1985 440 2981 439 
1986 438 2982 437 
1987 458 2978 457 
1988 2985 2986 2964 
1989 2979 2980 2965 
1990 2980 2989 2965 
1991 457 2965 456 
1992 456 2989 455 
1993 455 2968 454 
1994 452 2969 451 
1995 453 2990 452 
1996 2977 2991 2975 
1997 2965 2989 456 
1998 455 2989 2968 
1999 450 2973 449 
2000 452 2990 2969 
2001 2963 2992 2991 
2002 462 2963 461 
2003 463 2992 462 
2004 464 2971 463 
2005 2968 2993 454 
2006 453 2993 2990 
2007 462 2992 2963 
2008 2971 2992 463 
2009 2984 3005 2995 
2010 454 2993 453 
2011 2962 3002 2976 
2012 2983 3003 2990 
2013 2980 2995 2989 
2014 461 2996 460 
2015 2977 3002 2998 
2016 2998 3001 2977 
2017 460 3004 21 
2018 21 3004 459 
2019 2991 3001 2988 
2020 2966 3006 2976 
2021 433 3006 2966 
2022 446 2994 445 
2023 2997 3000 448 
2024 2967 3003 2983 
2025 2969 2999 451 
2026 450 2999 2973 
2027 2962 3006 434 
2028 443 3000 2997 
2029 2973 2997 449 
2030 449 2997 448 
2031 2989 2995 2968 
2032 2963 2996 461 
2033 444 3000 443 
2034 443 2997 442 
2035 448 3000 447 
2036 2969 3003 2981 
2037 2995 3005 2968 
2038 444 2994 447 
2039 2983 3005 2984 
2040 2979 2998 2980 
2041 2976 3002 2977 
2042 2990 3003 2969 
2043 2979 3001 2998 
2044 2998 3002 2987 
2045 451 2999 450 
2046 2993 3005 2983 
2047 2977 3001 2991 
2048 2988 3001 2979 
2049 2987 3002 2962 
2050 2981 3003 2967 
2051 459 3004 2970 
2052 447 3000 444 
2053 2996 3004 460 
2054 434 3006 433 
2055 2968 3005 2993 
2056 2970 3004 2996 
2057 445 2994 444 
2058 447 2994 446 
2059 445 13 446 
2 9 2 115
2060 3020 3032 3007 
2061 3028 3035 3012 
2062 3015 3035 3028 
2063 3020 3034 3032 
2064 3023 3041 3026 
2065 3008 3034 3020 
2066 483 3016 482 
2067 3007 3044 3020 
2068 3026 3029 3023 
2069 3020 3041 3008 
2070 3008 3041 3023 
2071 470 19 471 
2072 483 3031 3016 
2073 3013 3030 472 
2074 3023 3029 3010 
2075 3016 3042 482 
2076 3009 3018 3017 
2077 3009 3017 474 
2078 3017 3021 3013 
2079 473 3013 472 
2080 473 3017 3013 
2081 3018 3021 3017 
2082 495 3024 3016 
2083 3010 3022 499 
2084 3011 3026 3025 
2085 3008 3023 501 
2086 475 3025 3009 
2087 495 3016 494 
2088 475 3009 474 
2089 496 3024 495 
2090 3025 3026 3019 
2091 3013 3037 3030 
2092 474 3017 473 
2093 3009 3025 3019 
2094 498 3022 3012 
2095 498 3012 497 
2096 500 3023 3010 
2097 500 3010 499 
2098 502 3008 501 
2099 499 3022 498 
2100 501 3023 500 
2101 476 3025 475 
2102 3011 3025 476 
2103 477 3011 476 
2104 3024 3035 3015 
2105 478 3027 477 
2106 3009 3019 3018 
2107 479 3014 478 
2108 3019 3020 3018 
2109 480 3028 479 
2110 481 3015 480 
2111 477 3027 3011 
2112 3014 3027 478 
2113 479 3028 3014 
2114 3015 3028 480 
2115 3027 3029 3011 
2116 467 3007 466 
2117 472 3030 471 
2118 3011 3029 3026 
2119 3016 3031 494 
2120 3021 3037 3013 
2121 3015 3042 3024 
2122 484 3031 483 
2123 20 3032 503 
2124 502 3034 3008 
2125 466 3032 20 
2126 496 3035 3024 
2127 3012 3035 497 
2128 3021 3039 3037 
2129 3024 3042 3016 
2130 470 3030 469 
2131 494 3031 493 
2132 3014 3036 3027 
2133 3020 3044 3018 
2134 481 3042 3015 
2135 484 3038 3031 
2136 3019 3041 3020 
2137 490 3033 487 
2138 471 3030 470 
2139 467 3039 3007 
2140 3007 3032 466 
2141 485 3040 3038 
2142 3039 3044 3007 
2143 3027 3036 3029 
2144 3038 3040 492 
2145 3014 3043 3036 
2146 503 3034 502 
2147 492 3040 491 
2148 3031 3038 493 
2149 486 3040 485 
2150 497 3035 496 
2151 3029 3036 3010 
2152 3010 3036 3022 
2153 3032 3034 503 
2154 3030 3037 469 
2155 486 3033 491 
2156 469 3037 468 
2157 485 3038 484 
2158 3012 3043 3028 
2159 3036 3043 3022 
2160 3037 3039 468 
2161 493 3038 492 
2162 3028 3043 3014 
2163 468 3039 467 
2164 3021 3044 3039 
2165 3022 3043 3012 
2166 3026 3041 3019 
2167 482 3042 481 
2168 3018 3044 3021 
2169 491 3040 486 
2170 487 3033 486 
2171 491 3033 490 
2172 489 488 13 
2173 487 488 489 
2174 490 487 489 
2 10 2 35
2175 510 531 532 
2176 510 532 509 
2177 529 530 511 
2178 529 511 512 
2179 530 531 4 
2180 4 531 510 
2181 4 511 530 
2182 520 1 521 
2183 537 12 504 
2184 505 537 504 
2185 505 536 537 
2186 522 518 519 
2187 522 523 518 
2188 521 519 520 
2189 522 519 521 
2190 506 536 505 
2191 507 535 506 
2192 535 536 506 
2193 508 534 507 
2194 507 534 535 
2195 509 533 508 
2196 533 534 508 
2197 532 533 509 
2198 528 512 513 
2199 528 529 512 
2200 527 513 514 
2201 527 528 513 
2202 526 514 515 
2203 526 527 514 
2204 525 515 516 
2205 525 526 515 
2206 524 516 517 
2207 524 525 516 
2208 523 517 518 
2209 524 517 523 
2 11 2 84
2210 592 593 547 
2211 548 592 547 
2212 556 583 584 
2213 556 584 555 
2214 548 591 592 
2215 549 591 548 
2216 593 3053 547 
2217 549 590 591 
2218 555 584 585 
2219 555 585 554 
2220 550 590 549 
2221 550 589 590 
2222 551 589 550 
2223 540 3045 4 
2224 554 586 553 
2225 585 586 554 
2226 602 3046 601 
2227 551 588 589 
2228 539 3046 538 
2229 552 588 551 
2230 540 3047 3045 
2231 553 587 552 
2232 586 587 553 
2233 541 3047 540 
2234 546 3053 3052 
2235 547 3053 546 
2236 541 3048 3047 
2237 542 3048 541 
2238 3045 3046 539 
2239 552 587 588 
2240 545 3052 3051 
2241 546 3052 545 
2242 542 3049 3048 
2243 543 3049 542 
2244 544 3051 3050 
2245 543 3050 3049 
2246 545 3051 544 
2247 544 3050 543 
2248 601 3046 3045 
2249 4 3045 539 
2250 601 3045 600 
2251 538 3046 602 
2252 3045 3047 600 
2253 600 3047 599 
2254 3047 3048 599 
2255 599 3048 598 
2256 3048 3049 598 
2257 598 3049 597 
2258 3049 3050 597 
2259 597 3050 596 
2260 3050 3051 596 
2261 596 3051 595 
2262 3051 3052 595 
2263 595 3052 594 
2264 594 3053 593 
2265 3052 3053 594 
2266 569 13 570 
2267 568 572 567 
2268 569 571 568 
2269 568 571 572 
2270 570 571 569 
2271 3 538 602 
2272 557 583 556 
2273 558 582 557 
2274 557 582 583 
2275 559 581 558 
2276 581 582 558 
2277 560 580 559 
2278 580 581 559 
2279 561 579 560 
2280 560 579 580 
2281 562 578 561 
2282 578 579 561 
2283 563 577 562 
2284 562 577 578 
2285 564 576 563 
2286 576 577 563 
2287 565 575 564 
2288 564 575 576 
2289 566 574 565 
2290 565 574 575 
2291 567 573 566 
2292 566 573 574 
2293 567 572 573 
2 12 2 46
2294 3056 3059 617 
2295 617 3059 616 
2296 3064 3065 607 
2297 3057 3065 3064 
2298 616 3059 3058 
2299 608 26 609 
2300 605 3062 604 
2301 616 3058 615 
2302 615 3058 614 
2303 3056 3067 3059 
2304 614 16 615 
2305 3060 3067 3054 
2306 614 3058 613 
2307 3054 3062 605 
2308 613 3058 3055 
2309 604 3062 3061 
2310 618 3061 3056 
2311 619 3061 618 
2312 603 3061 619 
2313 3061 3062 3056 
2314 3054 3067 3062 
2315 619 25 603 
2316 3058 3059 3055 
2317 606 3054 605 
2318 618 3056 617 
2319 3059 3060 3055 
2320 604 3061 603 
2321 611 3057 610 
2322 613 3055 612 
2323 608 3064 607 
2324 611 3063 3057 
2325 3055 3063 612 
2326 3060 3063 3055 
2327 612 3063 611 
2328 3054 3066 3060 
2329 607 3065 606 
2330 3057 3064 610 
2331 610 3064 609 
2332 3059 3067 3060 
2333 609 3064 608 
2334 606 3065 3054 
2335 3063 3066 3057 
2336 3062 3067 3056 
2337 3060 3066 3063 
2338 3057 3066 3065 
2339 3065 3066 3054 
2 13 2 283
2340 3090 3095 3080 
2341 666 3094 665 
2342 3080 3096 3090 
2343 3086 3106 3088 
2344 3078 3135 3132 
2345 3088 3144 3086 
2346 3077 3120 3118 
2347 3089 3094 666 
2348 3142 3148 3120 
2349 3077 3142 3120 
2350 3132 3135 3124 
2351 3079 3148 3142 
2352 3080 3095 621 
2353 665 3094 3093 
2354 3143 3150 3101 
2355 3078 3132 3128 
2356 3086 3144 3091 
2357 3150 3156 3101 
2358 651 3155 650 
2359 659 3155 658 
2360 3114 3156 3150 
2361 3091 3152 3086 
2362 645 3093 644 
2363 3101 3160 3143 
2364 3071 3098 3097 
2365 3128 3131 3085 
2366 3096 3137 3090 
2367 3093 3094 644 
2368 26 620 693 
2369 621 3095 620 
2370 3102 3166 3139 
2371 620 3095 693 
2372 645 3140 3093 
2373 3080 3097 3096 
2374 3128 3132 3131 
2375 3089 3152 3091 
2376 3104 3166 3102 
2377 693 3095 692 
2378 652 3092 657 
2379 3085 3141 3128 
2380 3096 3139 3137 
2381 3091 3162 3089 
2382 692 3095 3090 
2383 3097 3170 3071 
2384 3071 3099 3098 
2385 644 3094 643 
2386 3083 3105 686 
2387 622 3080 621 
2388 687 3083 686 
2389 3100 3102 3098 
2390 3103 3104 3102 
2391 624 3071 623 
2392 685 3105 3069 
2393 686 3105 685 
2394 3099 3100 3098 
2395 3100 3103 3102 
2396 3070 3113 3110 
2397 3113 3114 3110 
2398 678 3122 677 
2399 3121 3123 3122 
2400 3069 3114 3113 
2401 3070 3110 3109 
2402 3119 3121 3074 
2403 3074 3126 3119 
2404 677 3122 3076 
2405 3074 3122 678 
2406 3121 3122 3074 
2407 3069 3113 684 
2408 3117 3118 3116 
2409 683 3113 3070 
2410 684 3113 683 
2411 3076 3135 676 
2412 3110 3111 3109 
2413 3115 3117 3116 
2414 3119 3126 3116 
2415 679 3126 3074 
2416 3109 3115 3108 
2417 3112 3117 3115 
2418 3078 3128 3127 
2419 3084 3106 670 
2420 3108 3115 3072 
2421 681 3108 3072 
2422 671 3107 3084 
2423 3078 3127 674 
2424 680 3126 679 
2425 3122 3123 3076 
2426 3124 3135 3076 
2427 3118 3119 3116 
2428 3112 3115 3109 
2429 665 3093 664 
2430 3123 3125 3124 
2431 669 3106 3086 
2432 667 3089 666 
2433 3115 3116 3072 
2434 3123 3124 3076 
2435 3070 3109 3108 
2436 3081 3107 672 
2437 669 3086 668 
2438 673 3127 3081 
2439 671 3084 670 
2440 3118 3120 3119 
2441 673 3081 672 
2442 3070 3108 682 
2443 682 3108 681 
2444 675 3078 674 
2445 677 3076 676 
2446 679 3074 678 
2447 670 3106 669 
2448 681 3072 680 
2449 672 3107 671 
2450 3072 3126 680 
2451 685 3069 684 
2452 674 3127 673 
2453 683 3070 682 
2454 3116 3126 3072 
2455 3120 3121 3119 
2456 626 3073 625 
2457 628 3075 627 
2458 630 3077 629 
2459 632 3079 631 
2460 634 3082 633 
2461 626 3130 3073 
2462 636 3085 635 
2463 627 3130 626 
2464 637 3133 636 
2465 629 3129 628 
2466 638 3087 637 
2467 639 3134 638 
2468 640 3088 639 
2469 642 3091 641 
2470 635 3131 634 
2471 628 3129 3075 
2472 3077 3129 629 
2473 634 3131 3082 
2474 3131 3132 3082 
2475 636 3133 3085 
2476 3075 3130 627 
2477 3087 3133 637 
2478 638 3134 3087 
2479 3085 3131 635 
2480 3088 3134 639 
2481 676 3135 675 
2482 3111 3112 3109 
2483 675 3135 3078 
2484 3099 3101 3100 
2485 3111 3150 3143 
2486 3093 3140 664 
2487 690 3068 689 
2488 691 3137 690 
2489 692 3090 691 
2490 689 3136 688 
2491 646 3140 645 
2492 3125 3148 3079 
2493 656 3092 653 
2494 3128 3141 3127 
2495 664 3140 663 
2496 630 3142 3077 
2497 3079 3142 631 
2498 690 3137 3068 
2499 3068 3136 689 
2500 3090 3137 691 
2501 3089 3162 3094 
2502 3137 3139 3068 
2503 3133 3141 3085 
2504 651 3138 658 
2505 640 3144 3088 
2506 3091 3144 641 
2507 3127 3141 3081 
2508 3079 3159 3125 
2509 631 3142 630 
2510 3071 3146 3099 
2511 624 3146 3071 
2512 3073 3146 625 
2513 646 3145 3140 
2514 3120 3148 3121 
2515 3123 3148 3125 
2516 3130 3143 3073 
2517 3098 3153 3097 
2518 3140 3145 663 
2519 3080 3170 3097 
2520 3075 3149 3130 
2521 3114 3150 3110 
2522 667 3152 3089 
2523 3086 3152 668 
2524 3118 3168 3077 
2525 622 3170 3080 
2526 3094 3162 643 
2527 3133 3147 3141 
2528 16 3151 687 
2529 3071 3170 623 
2530 3097 3153 3096 
2531 3141 3147 3081 
2532 641 3144 640 
2533 632 3159 3079 
2534 3082 3159 633 
2535 3082 3169 3159 
2536 688 3151 16 
2537 3101 3156 3100 
2538 642 3162 3091 
2539 657 3138 652 
2540 3139 3153 3102 
2541 647 3145 646 
2542 3143 3160 3073 
2543 663 3145 662 
2544 3129 3158 3075 
2545 3124 3169 3132 
2546 3111 3149 3112 
2547 3075 3158 3149 
2548 3087 3147 3133 
2549 625 3146 624 
2550 687 3151 3083 
2551 3081 3147 3107 
2552 3068 3166 3136 
2553 3121 3148 3123 
2554 3129 3168 3158 
2555 647 3154 3145 
2556 3145 3154 662 
2557 3143 3149 3111 
2558 3105 3161 3069 
2559 3110 3150 3111 
2560 3087 3157 3147 
2561 3147 3157 3107 
2562 3083 3167 3105 
2563 660 3164 659 
2564 650 3164 649 
2565 3166 3171 3136 
2566 3073 3160 3146 
2567 668 3152 667 
2568 3102 3153 3098 
2569 3136 3151 688 
2570 3083 3171 3167 
2571 3130 3149 3143 
2572 3105 3167 3161 
2573 3159 3169 3125 
2574 3077 3168 3129 
2575 3069 3161 3114 
2576 648 3154 647 
2577 662 3154 661 
2578 3132 3169 3082 
2579 3134 3157 3087 
2580 3106 3165 3088 
2581 658 3155 651 
2582 3100 3156 3103 
2583 3107 3157 3084 
2584 650 3155 659 
2585 3149 3158 3112 
2586 3096 3153 3139 
2587 3112 3158 3117 
2588 648 3163 3154 
2589 3154 3163 661 
2590 633 3159 632 
2591 649 3164 3163 
2592 3163 3164 660 
2593 3099 3160 3101 
2594 3134 3165 3157 
2595 3151 3171 3083 
2596 3157 3165 3084 
2597 3158 3168 3117 
2598 643 3162 642 
2599 649 3163 648 
2600 661 3163 660 
2601 3167 3171 3104 
2602 3088 3165 3134 
2603 3084 3165 3106 
2604 3103 3167 3104 
2605 3136 3171 3151 
2606 3117 3168 3118 
2607 3161 3167 3103 
2608 623 3170 622 
2609 3125 3169 3124 
2610 3146 3160 3099 
2611 659 3164 650 
2612 3139 3166 3068 
2613 3114 3161 3156 
2614 3104 3171 3166 
2615 3156 3161 3103 
2616 652 3138 651 
2617 653 3092 652 
2618 657 3092 656 
2619 658 3138 657 
2620 654 2 655 
2621 655 653 654 
2622 656 653 655 
2 14 2 148
2623 739 719 738 
2624 764 3191 3182 
2625 743 714 715 
2626 3182 3191 3172 
2627 739 718 719 
2628 742 743 715 
2629 752 3183 751 
2630 3183 3186 751 
2631 742 715 716 
2632 740 718 739 
2633 742 716 741 
2634 751 3186 750 
2635 3186 3189 750 
2636 740 717 718 
2637 741 716 717 
2638 741 717 740 
2639 750 3189 749 
2640 3189 3193 749 
2641 3173 3182 3179 
2642 749 3193 748 
2643 765 1 766 
2644 3193 3195 748 
2645 3179 3181 3173 
2646 758 3194 3192 
2647 748 3195 747 
2648 765 3191 764 
2649 743 3205 714 
2650 3195 3198 747 
2651 764 3182 763 
2652 3181 3185 3173 
2653 763 3182 3173 
2654 701 3197 3196 
2655 755 3201 3200 
2656 3174 3185 3181 
2657 3200 3201 3178 
2658 747 3198 746 
2659 3198 3202 746 
2660 3196 3197 3177 
2661 704 3199 3180 
2662 3192 3194 3176 
2663 697 3188 3174 
2664 3174 3188 3184 
2665 698 3190 3188 
2666 3174 3181 696 
2667 695 3181 3179 
2668 695 3179 694 
2669 703 3178 702 
2670 700 3176 699 
2671 697 3174 696 
2672 696 3181 695 
2673 746 3202 745 
2674 706 3183 705 
2675 763 3173 762 
2676 761 3184 760 
2677 760 3175 759 
2678 757 3177 756 
2679 754 3180 753 
2680 3184 3185 3174 
2681 3202 3203 745 
2682 760 3184 3175 
2683 3179 3187 694 
2684 706 3186 3183 
2685 3173 3185 762 
2686 761 3185 3184 
2687 762 3185 761 
2688 694 3187 2 
2689 3188 3190 3175 
2690 3180 3204 704 
2691 698 3188 697 
2692 699 3190 698 
2693 3172 3206 3182 
2694 707 3186 706 
2695 745 3203 744 
2696 758 3192 757 
2697 3203 3205 744 
2698 707 3189 3186 
2699 3184 3188 3175 
2700 768 3172 767 
2701 702 3197 701 
2702 766 3191 765 
2703 700 3196 3176 
2704 705 3199 704 
2705 759 3194 758 
2706 755 3200 754 
2707 708 3189 707 
2708 3177 3201 756 
2709 3176 3190 699 
2710 2 3187 768 
2711 3180 3207 753 
2712 744 3205 743 
2713 3179 3206 3187 
2714 708 3193 3189 
2715 767 3191 766 
2716 3175 3194 759 
2717 757 3192 3177 
2718 709 3193 708 
2719 3176 3196 3192 
2720 709 3195 3193 
2721 703 3204 3178 
2722 3172 3191 767 
2723 768 3187 3172 
2724 701 3196 700 
2725 710 3195 709 
2726 3182 3206 3179 
2727 3178 3197 702 
2728 3197 3201 3177 
2729 3199 3207 3180 
2730 3190 3194 3175 
2731 710 3198 3195 
2732 3176 3194 3190 
2733 711 3198 710 
2734 3183 3199 705 
2735 711 3202 3198 
2736 754 3200 3180 
2737 756 3201 755 
2738 712 3202 711 
2739 712 3203 3202 
2740 704 3204 703 
2741 752 3207 3183 
2742 713 3203 712 
2743 713 3205 3203 
2744 3192 3196 3177 
2745 3178 3204 3200 
2746 714 3205 713 
2747 753 3207 752 
2748 3178 3201 3197 
2749 3187 3206 3172 
2750 3200 3204 3180 
2751 3183 3207 3199 
2752 728 26 729 
2753 738 719 720 
2754 737 720 721 
2755 738 720 737 
2756 736 721 722 
2757 737 721 736 
2758 735 722 723 
2759 736 722 735 
2760 734 723 724 
2761 735 723 734 
2762 733 724 725 
2763 734 724 733 
2764 732 725 726 
2765 733 725 732 
2766 731 726 727 
2767 732 726 731 
2768 728 730 727 
2769 727 730 731 
2770 729 730 728 
2 15 2 400
2771 3209 3329 3290 
2772 3276 3357 3230 
2773 3231 3313 799 
2774 3232 3309 3234 
2775 3297 3334 3250 
2776 3278 3357 3276 
2777 805 3237 804 
2778 3234 3342 3232 
2779 3273 3348 3320 
2780 3284 3286 3221 
2781 3230 3235 770 
2782 3320 3348 3217 
2783 769 3235 845 
2784 799 3313 798 
2785 3328 3344 3340 
2786 24 769 845 
2787 3250 3340 3297 
2788 3290 3353 3209 
2789 770 3235 769 
2790 3215 3318 3274 
2791 3255 3350 3308 
2792 804 3237 3236 
2793 3213 3323 3277 
2794 3286 3337 3221 
2795 3213 3364 3323 
2796 3274 3345 3215 
2797 3308 3350 3307 
2798 3311 3313 3231 
2799 3348 3364 3217 
2800 805 3238 3237 
2801 3217 3364 3319 
2802 3340 3344 3308 
2803 3230 3336 3276 
2804 3329 3341 3290 
2805 3278 3279 3222 
2806 3294 3327 3233 
2807 3232 3342 3236 
2808 3319 3364 3213 
2809 3236 3355 3232 
2810 3221 3356 3284 
2811 3230 3357 3235 
2812 3222 3357 3278 
2813 3287 3324 3228 
2814 3285 3324 3287 
2815 3233 3351 3294 
2816 3328 3340 3250 
2817 3225 3324 3285 
2818 3279 3343 3222 
2819 3225 3285 3283 
2820 3215 3345 3316 
2821 3277 3333 3213 
2822 3223 3281 3280 
2823 794 3299 793 
2824 3297 3354 3334 
2825 3283 3299 3225 
2826 3280 3301 3223 
2827 3223 3299 3281 
2828 792 3301 791 
2829 3305 3330 3300 
2830 3345 3356 3316 
2831 3214 3302 3288 
2832 3288 3321 3214 
2833 3326 3335 3263 
2834 3292 3294 3293 
2835 3218 3317 3289 
2836 3253 3330 3305 
2837 3268 3302 3272 
2838 793 3299 3223 
2839 3225 3299 794 
2840 3289 3322 3218 
2841 3222 3367 3357 
2842 3291 3293 3240 
2843 3218 3321 3317 
2844 790 3321 789 
2845 3292 3293 3291 
2846 791 3301 3214 
2847 3223 3301 792 
2848 3293 3294 3226 
2849 3326 3331 3304 
2850 3304 3331 3305 
2851 3216 3295 783 
2852 3288 3302 3268 
2853 3317 3321 3288 
2854 3272 3302 3280 
2855 3208 3240 3239 
2856 3248 3290 3258 
2857 3216 3332 3295 
2858 3281 3299 3283 
2859 3242 3291 3240 
2860 3239 3293 3226 
2861 3237 3238 818 
2862 783 3295 782 
2863 818 3238 817 
2864 3208 3239 781 
2865 3300 3330 3216 
2866 806 3238 805 
2867 3305 3331 3253 
2868 3304 3335 3326 
2869 3240 3293 3239 
2870 789 3321 3218 
2871 3214 3321 790 
2872 3330 3332 3216 
2873 3269 3290 3248 
2874 3248 3258 3246 
2875 3298 3308 3307 
2876 3249 3269 3248 
2877 3247 3248 3246 
2878 780 3239 3226 
2879 780 3226 779 
2880 3298 3307 3306 
2881 844 3222 843 
2882 3270 3276 3269 
2883 3296 3306 840 
2884 3258 3292 3291 
2885 3244 3246 3242 
2886 3298 3306 3296 
2887 3246 3291 3242 
2888 782 3295 3208 
2889 842 3212 841 
2890 782 3208 781 
2891 3212 3297 3296 
2892 3208 3241 3240 
2893 3212 3296 841 
2894 3247 3249 3248 
2895 3244 3247 3246 
2896 781 3239 780 
2897 3258 3291 3246 
2898 3241 3242 3240 
2899 784 3300 3216 
2900 3303 3305 3300 
2901 841 3296 840 
2902 3224 3315 3314 
2903 3224 3314 826 
2904 784 3216 783 
2905 785 3303 3300 
2906 3304 3305 3303 
2907 3249 3270 3269 
2908 3227 3311 3310 
2909 826 3314 825 
2910 840 3306 839 
2911 3229 3309 822 
2912 785 3300 784 
2913 3306 3307 3210 
2914 3227 3310 824 
2915 3280 3302 3301 
2916 3312 3313 3311 
2917 819 3237 818 
2918 3289 3317 3264 
2919 829 3316 3221 
2920 3227 3312 3311 
2921 821 3309 3232 
2922 831 3318 3215 
2923 821 3232 820 
2924 3301 3302 3214 
2925 823 3310 3229 
2926 3217 3319 836 
2927 3210 3320 838 
2928 823 3229 822 
2929 786 3303 785 
2930 3272 3280 3275 
2931 3264 3317 3266 
2932 825 3227 824 
2933 825 3314 3227 
2934 3266 3317 3288 
2935 3211 3304 3303 
2936 3266 3288 3268 
2937 3215 3316 830 
2938 827 3224 826 
2939 3280 3281 3275 
2940 3220 3318 832 
2941 829 3221 828 
2942 822 3309 821 
2943 835 3319 3213 
2944 3211 3303 786 
2945 833 3220 832 
2946 831 3215 830 
2947 824 3310 823 
2948 837 3320 3217 
2949 3297 3298 3296 
2950 835 3213 834 
2951 837 3217 836 
2952 839 3210 838 
2953 830 3316 829 
2954 832 3318 831 
2955 3314 3315 3312 
2956 836 3319 835 
2957 3263 3289 3264 
2958 838 3320 837 
2959 3263 3335 3289 
2960 3283 3285 3284 
2961 3285 3287 3286 
2962 3281 3283 3282 
2963 3272 3275 3274 
2964 3268 3272 3271 
2965 3266 3268 3267 
2966 839 3306 3210 
2967 3227 3314 3312 
2968 3281 3282 3275 
2969 3264 3266 3265 
2970 787 3211 786 
2971 788 3322 787 
2972 789 3218 788 
2973 3263 3264 3262 
2974 791 3214 790 
2975 3283 3284 3282 
2976 3260 3263 3262 
2977 3285 3286 3284 
2978 3272 3274 3271 
2979 793 3223 792 
2980 3268 3271 3267 
2981 795 3225 794 
2982 796 3324 795 
2983 797 3228 796 
2984 3264 3265 3262 
2985 3266 3267 3265 
2986 787 3322 3211 
2987 3218 3322 788 
2988 800 3231 799 
2989 801 3325 800 
2990 802 3234 801 
2991 3267 3277 3265 
2992 804 3236 803 
2993 795 3324 3225 
2994 3228 3324 796 
2995 3262 3323 3261 
2996 3265 3323 3262 
2997 3260 3262 3261 
2998 3270 3278 3276 
2999 3277 3323 3265 
3000 800 3325 3231 
3001 3234 3325 801 
3002 3260 3261 3259 
3003 3257 3260 3259 
3004 3254 3257 3256 
3005 3259 3273 3256 
3006 3254 3255 3252 
3007 3257 3259 3256 
3008 3254 3256 3255 
3009 3243 3244 3242 
3010 3244 3328 3247 
3011 3253 3254 3252 
3012 3260 3326 3263 
3013 3251 3253 3252 
3014 3241 3243 3242 
3015 3243 3245 3244 
3016 3251 3252 3245 
3017 3208 3295 3241 
3018 3243 3251 3245 
3019 3257 3326 3260 
3020 3247 3328 3250 
3021 3253 3331 3254 
3022 833 3333 3220 
3023 3213 3333 834 
3024 3257 3331 3326 
3025 3247 3250 3249 
3026 3251 3332 3330 
3027 3245 3328 3244 
3028 3251 3330 3253 
3029 3254 3331 3257 
3030 3289 3335 3322 
3031 775 3219 774 
3032 774 3329 773 
3033 773 3209 772 
3034 776 3327 775 
3035 813 3339 810 
3036 3243 3332 3251 
3037 3270 3279 3278 
3038 3241 3332 3243 
3039 3322 3335 3211 
3040 834 3333 833 
3041 777 3233 776 
3042 3295 3332 3241 
3043 771 3230 770 
3044 3258 3341 3292 
3045 3231 3346 3311 
3046 827 3337 3224 
3047 3221 3337 828 
3048 3219 3329 774 
3049 3250 3334 3249 
3050 773 3329 3209 
3051 775 3327 3219 
3052 3315 3338 3312 
3053 3249 3334 3270 
3054 3233 3327 776 
3055 3270 3334 3279 
3056 3211 3335 3304 
3057 3297 3340 3298 
3058 3209 3336 772 
3059 772 3336 771 
3060 3219 3341 3329 
3061 771 3336 3230 
3062 828 3337 827 
3063 3235 3367 845 
3064 3237 3355 3236 
3065 3222 3343 843 
3066 3312 3338 3313 
3067 842 3343 3212 
3068 3294 3351 3226 
3069 3308 3344 3255 
3070 802 3342 3234 
3071 3236 3342 803 
3072 3313 3362 798 
3073 3255 3344 3252 
3074 3275 3345 3274 
3075 3245 3344 3328 
3076 3290 3341 3258 
3077 806 3347 3238 
3078 3311 3346 3310 
3079 3238 3347 817 
3080 3298 3340 3308 
3081 779 3351 778 
3082 3271 3349 3267 
3083 3337 3352 3224 
3084 3259 3348 3273 
3085 3294 3358 3327 
3086 3316 3356 3221 
3087 3269 3353 3290 
3088 3256 3350 3255 
3089 3286 3352 3337 
3090 3318 3363 3274 
3091 845 3367 844 
3092 815 3360 814 
3093 809 3360 808 
3094 819 3355 3237 
3095 3232 3355 820 
3096 797 3362 3228 
3097 3309 3359 3234 
3098 803 3342 802 
3099 3252 3344 3245 
3100 843 3343 842 
3101 3343 3354 3212 
3102 3282 3345 3275 
3103 778 3368 14 
3104 3271 3363 3349 
3105 3209 3353 3336 
3106 3228 3362 3338 
3107 3325 3346 3231 
3108 3228 3366 3287 
3109 14 3368 777 
3110 3292 3358 3294 
3111 3310 3346 3229 
3112 807 3347 806 
3113 3341 3358 3292 
3114 3336 3353 3276 
3115 817 3347 816 
3116 3333 3349 3220 
3117 3261 3348 3259 
3118 3267 3349 3277 
3119 3277 3349 3333 
3120 3212 3354 3297 
3121 3325 3359 3346 
3122 3282 3356 3345 
3123 3273 3350 3256 
3124 3351 3368 778 
3125 3226 3351 779 
3126 3279 3354 3343 
3127 809 3339 814 
3128 3346 3359 3229 
3129 807 3361 3347 
3130 3307 3365 3210 
3131 3219 3358 3341 
3132 3287 3352 3286 
3133 3347 3361 816 
3134 3320 3365 3273 
3135 3360 3361 808 
3136 3349 3363 3220 
3137 815 3361 3360 
3138 3287 3366 3352 
3139 3274 3363 3271 
3140 3261 3364 3348 
3141 3224 3352 3315 
3142 3338 3362 3313 
3143 3352 3366 3315 
3144 3276 3353 3269 
3145 3210 3365 3320 
3146 3234 3359 3325 
3147 820 3355 819 
3148 3284 3356 3282 
3149 3229 3359 3309 
3150 808 3361 807 
3151 3334 3354 3279 
3152 816 3361 815 
3153 798 3362 797 
3154 3327 3358 3219 
3155 3220 3363 3318 
3156 3323 3364 3261 
3157 844 3367 3222 
3158 814 3360 809 
3159 3315 3366 3338 
3160 3338 3366 3228 
3161 3350 3365 3307 
3162 3357 3367 3235 
3163 3233 3368 3351 
3164 777 3368 3233 
3165 3273 3365 3350 
3166 810 3339 809 
3167 814 3339 813 
3168 811 1 812 
3169 812 810 811 
3170 813 810 812 
2 16 2 259
3171 846 3385 919 
3172 3371 3430 3406 
3173 3373 3422 3408 
3174 3406 3430 3408 
3175 897 3431 896 
3176 3398 3437 3378 
3177 3388 3412 3384 
3178 3408 3422 3409 
3179 846 3451 3385 
3180 3442 3448 3419 
3181 3381 3448 3442 
3182 3400 3437 3398 
3183 896 3431 3391 
3184 3384 3433 3388 
3185 3384 3439 3433 
3186 3433 3439 3390 
3187 25 846 919 
3188 3399 3411 3369 
3189 3408 3430 3373 
3190 3389 3431 897 
3191 3399 3450 3411 
3192 896 3391 895 
3193 3389 3447 3387 
3194 3387 3455 3389 
3195 3383 3459 3415 
3196 3415 3436 3383 
3197 3391 3435 895 
3198 3369 3434 3399 
3199 3383 3436 3428 
3200 3378 3450 3398 
3201 887 3392 882 
3202 3410 3434 3369 
3203 3390 3439 3387 
3204 3436 3443 3428 
3205 895 3435 894 
3206 3409 3427 3407 
3207 3379 3427 3409 
3208 3422 3440 3409 
3209 3405 3407 3376 
3210 3407 3427 3376 
3211 3415 3459 3417 
3212 3420 3440 3422 
3213 3405 3425 3403 
3214 3376 3425 3405 
3215 3394 3400 3398 
3216 3393 3394 3372 
3217 3387 3447 3390 
3218 919 3385 918 
3219 3403 3425 3374 
3220 3401 3403 3374 
3221 861 3418 3375 
3222 3418 3419 3375 
3223 3393 3400 3394 
3224 917 3393 3372 
3225 3416 3419 3418 
3226 859 3421 3373 
3227 3385 3400 3393 
3228 3421 3422 3373 
3229 3369 3411 852 
3230 3370 3410 854 
3231 3394 3398 3396 
3232 3385 3393 918 
3233 3420 3422 3421 
3234 853 3369 852 
3235 3384 3412 868 
3236 853 3410 3369 
3237 865 3413 3380 
3238 3380 3414 864 
3239 3374 3424 3401 
3240 862 3418 861 
3241 860 3421 859 
3242 3414 3415 3377 
3243 852 3411 851 
3244 3419 3420 3375 
3245 3415 3417 3416 
3246 874 3391 873 
3247 3401 3424 3395 
3248 3371 3423 856 
3249 867 3412 3382 
3250 871 3387 870 
3251 3398 3399 3396 
3252 3382 3413 866 
3253 3415 3416 3377 
3254 869 3384 868 
3255 863 3414 3377 
3256 3395 3424 3372 
3257 867 3382 866 
3258 865 3380 864 
3259 863 3377 862 
3260 855 3423 3370 
3261 861 3375 860 
3262 859 3373 858 
3263 868 3412 867 
3264 3394 3395 3372 
3265 854 3410 853 
3266 857 3371 856 
3267 855 3370 854 
3268 866 3413 865 
3269 864 3414 863 
3270 918 3393 917 
3271 3377 3418 862 
3272 3375 3421 860 
3273 856 3423 855 
3274 3408 3409 3407 
3275 3394 3396 3395 
3276 3406 3407 3405 
3277 3420 3421 3375 
3278 917 3372 916 
3279 3404 3405 3403 
3280 3416 3418 3377 
3281 916 3424 915 
3282 3372 3424 916 
3283 3406 3408 3407 
3284 915 3374 914 
3285 914 3425 913 
3286 913 3376 912 
3287 3404 3406 3405 
3288 912 3427 911 
3289 911 3379 910 
3290 910 3426 909 
3291 909 3381 908 
3292 906 3383 905 
3293 905 3428 904 
3294 915 3424 3374 
3295 904 3386 903 
3296 3402 3403 3401 
3297 903 3429 902 
3298 902 3388 901 
3299 3402 3404 3403 
3300 3374 3425 914 
3301 900 3390 899 
3302 913 3425 3376 
3303 3376 3427 912 
3304 898 3389 897 
3305 911 3427 3379 
3306 3379 3426 910 
3307 909 3426 3381 
3308 3397 3401 3395 
3309 3383 3428 905 
3310 904 3428 3386 
3311 3396 3397 3395 
3312 3386 3429 903 
3313 3397 3402 3401 
3314 902 3429 3388 
3315 3373 3430 858 
3316 857 3430 3371 
3317 3435 3441 894 
3318 849 3378 848 
3319 3411 3450 3432 
3320 3406 3454 3371 
3321 873 3431 872 
3322 858 3430 857 
3323 874 3435 3391 
3324 3388 3433 901 
3325 900 3433 3390 
3326 3420 3448 3440 
3327 3396 3434 3397 
3328 850 3432 849 
3329 3391 3431 873 
3330 849 3432 3378 
3331 3417 3459 907 
3332 901 3433 900 
3333 3414 3436 3415 
3334 3428 3443 3386 
3335 890 3456 889 
3336 881 3392 888 
3337 3399 3434 3396 
3338 3397 3438 3402 
3339 875 3435 874 
3340 880 3456 879 
3341 3416 3442 3419 
3342 3378 3437 848 
3343 3409 3440 3379 
3344 3387 3439 870 
3345 869 3439 3384 
3346 3388 3458 3412 
3347 3443 3449 3386 
3348 3419 3448 3420 
3349 894 3441 893 
3350 3380 3436 3414 
3351 3431 3455 872 
3352 3438 3445 3402 
3353 875 3441 3435 
3354 848 3437 847 
3355 3389 3455 3431 
3356 3390 3447 899 
3357 898 3447 3389 
3358 871 3455 3387 
3359 907 3459 906 
3360 3381 3457 908 
3361 3441 3446 893 
3362 3385 3451 3400 
3363 851 3452 24 
3364 847 3451 846 
3365 24 3452 850 
3366 3380 3443 3436 
3367 3370 3438 3410 
3368 907 3457 3417 
3369 3386 3449 3429 
3370 3434 3438 3397 
3371 870 3439 869 
3372 3398 3450 3399 
3373 3402 3445 3404 
3374 876 3441 875 
3375 3379 3440 3426 
3376 3417 3442 3416 
3377 3453 3460 891 
3378 3410 3438 3434 
3379 3449 3458 3429 
3380 878 3460 3453 
3381 3400 3451 3437 
3382 3445 3454 3404 
3383 893 3446 892 
3384 3413 3443 3380 
3385 3442 3457 3381 
3386 876 3446 3441 
3387 3370 3445 3438 
3388 3440 3448 3426 
3389 888 3444 881 
3390 3446 3453 892 
3391 880 3444 889 
3392 3413 3449 3443 
3393 3429 3458 3388 
3394 3423 3445 3370 
3395 3404 3454 3406 
3396 877 3446 876 
3397 899 3447 898 
3398 3426 3448 3381 
3399 3411 3452 851 
3400 892 3453 891 
3401 877 3453 3446 
3402 3423 3454 3445 
3403 3382 3449 3413 
3404 879 3456 890 
3405 879 3460 878 
3406 3382 3458 3449 
3407 3432 3450 3378 
3408 3371 3454 3423 
3409 878 3453 877 
3410 891 3460 890 
3411 3432 3452 3411 
3412 872 3455 871 
3413 908 3457 907 
3414 3412 3458 3382 
3415 850 3452 3432 
3416 906 3459 3383 
3417 890 3460 879 
3418 889 3456 880 
3419 3437 3451 847 
3420 3417 3457 3442 
3421 881 3444 880 
3422 882 3392 881 
3423 888 3392 887 
3424 889 3444 888 
3425 884 1 885 
3426 883 887 882 
3427 884 886 883 
3428 883 886 887 
3429 885 886 884 
2 17 2 35
3430 928 920 921 
3431 928 929 920 
3432 934 943 944 
3433 934 944 933 
3434 922 3461 921 
3435 932 946 931 
3436 928 3461 927 
3437 933 945 932 
3438 932 945 946 
3439 946 3463 931 
3440 933 944 945 
3441 24 3463 947 
3442 3462 3463 24 
3443 947 3463 946 
3444 929 3462 920 
3445 920 3462 24 
3446 921 3461 928 
3447 930 3463 3462 
3448 930 3462 929 
3449 931 3463 930 
3450 927 3461 922 
3451 938 14 939 
3452 25 925 924 
3453 926 922 923 
3454 927 922 926 
3455 925 923 924 
3456 925 926 923 
3457 935 943 934 
3458 936 942 935 
3459 935 942 943 
3460 937 941 936 
3461 936 941 942 
3462 938 940 937 
3463 937 940 941 
3464 938 939 940 
2 18 2 378
3465 962 3484 961 
3466 1001 3557 1000 
3467 3546 3571 3559 
3468 988 13 989 
3469 961 3484 3482 
3470 3465 3557 1001 
3471 3571 3616 3559 
3472 3474 3578 3545 
3473 3568 3576 3543 
3474 962 3601 3484 
3475 964 963 17 
3476 3481 3583 3490 
3477 3464 3607 3568 
3478 3568 3607 3576 
3479 3544 3582 3475 
3480 3568 3616 3464 
3481 3545 3600 3474 
3482 3572 3603 3575 
3483 3478 3571 3546 
3484 3475 3609 3544 
3485 3603 3613 3575 
3486 3464 3616 3571 
3487 3586 3598 3487 
3488 986 3488 3483 
3489 3557 3612 1000 
3490 967 3485 966 
3491 3487 3598 3547 
3492 3556 3589 3470 
3493 3465 3587 3557 
3494 3484 3485 3482 
3495 3490 3620 3481 
3496 987 3488 986 
3497 966 3485 3484 
3498 3480 3485 967 
3499 3480 3487 3486 
3500 3595 3596 3467 
3501 3539 3596 3595 
3502 988 3605 987 
3503 3480 3486 3485 
3504 3473 3598 3586 
3505 3569 3597 3473 
3506 3597 3598 3473 
3507 987 3605 3488 
3508 3495 3548 3544 
3509 3565 3591 3566 
3510 3466 3599 3593 
3511 3470 3612 3556 
3512 3474 3600 3577 
3513 3578 3619 3545 
3514 3491 3548 3493 
3515 3570 3594 3467 
3516 3484 3601 965 
3517 3566 3591 3523 
3518 3493 3548 3495 
3519 3594 3595 3467 
3520 3491 3493 3492 
3521 3583 3604 3490 
3522 3547 3611 3487 
3523 982 3492 3471 
3524 3569 3596 3539 
3525 3561 3585 3562 
3526 3488 3605 990 
3527 3492 3493 3471 
3528 3480 3586 3487 
3529 3562 3585 3499 
3530 990 3605 989 
3531 3533 3581 3538 
3532 3501 3555 3502 
3533 3538 3581 3549 
3534 3489 3490 3479 
3535 979 3561 3468 
3536 3485 3486 3482 
3537 983 3492 982 
3538 3488 3608 3483 
3539 3518 3580 3542 
3540 968 3586 3480 
3541 3539 3597 3569 
3542 984 3489 3479 
3543 3561 3562 3468 
3544 3519 3554 3553 
3545 976 3565 3466 
3546 3519 3553 3552 
3547 3565 3566 3466 
3548 3542 3580 3559 
3549 3564 3565 977 
3550 3570 3593 3540 
3551 3490 3491 3479 
3552 3560 3561 980 
3553 3493 3494 3471 
3554 3502 3555 3519 
3555 3512 3567 3518 
3556 980 3561 979 
3557 3525 3558 3535 
3558 978 3564 977 
3559 3483 3489 985 
3560 3493 3495 3494 
3561 3567 3580 3518 
3562 3519 3552 3504 
3563 986 3483 985 
3564 977 3565 976 
3565 3531 3581 3533 
3566 3552 3553 3524 
3567 3495 3544 3497 
3568 3524 3558 3525 
3569 3495 3497 3496 
3570 966 3484 965 
3571 3509 3552 3524 
3572 970 3569 3473 
3573 3527 3550 3541 
3574 3553 3558 3524 
3575 3556 3557 3554 
3576 984 3479 983 
3577 3479 3492 983 
3578 3498 3573 3501 
3579 3555 3556 3554 
3580 981 3560 980 
3581 3495 3496 3494 
3582 973 3570 3467 
3583 982 3471 981 
3584 3535 3550 3527 
3585 3524 3525 3514 
3586 3535 3551 3550 
3587 3497 3573 3498 
3588 3498 3501 3500 
3589 3525 3535 3527 
3590 3533 3538 3536 
3591 3504 3552 3506 
3592 3562 3563 3468 
3593 968 3480 967 
3594 3509 3524 3514 
3595 3506 3552 3509 
3596 3519 3555 3554 
3597 3516 3574 3531 
3598 3509 3514 3510 
3599 985 3489 984 
3600 3555 3589 3556 
3601 3502 3519 3504 
3602 3525 3527 3526 
3603 3506 3509 3508 
3604 3510 3567 3512 
3605 979 3468 978 
3606 970 3473 969 
3607 3518 3542 3520 
3608 3512 3518 3517 
3609 3536 3545 3537 
3610 3520 3568 3543 
3611 3527 3541 3528 
3612 3542 3568 3520 
3613 971 3569 970 
3614 3562 3588 3563 
3615 3518 3520 3517 
3616 3497 3498 3496 
3617 976 3466 975 
3618 3468 3564 978 
3619 3478 3572 949 
3620 3533 3536 3534 
3621 3501 3502 3500 
3622 973 3467 972 
3623 974 3570 973 
3624 3531 3533 3532 
3625 3509 3510 3508 
3626 3525 3526 3514 
3627 3464 3571 951 
3628 950 3478 949 
3629 3520 3543 3521 
3630 950 3571 3478 
3631 949 3572 948 
3632 3527 3528 3526 
3633 3516 3531 3530 
3634 3540 3594 3570 
3635 3512 3517 3513 
3636 3545 3547 3537 
3637 3560 3585 3561 
3638 3541 3546 3528 
3639 3536 3537 3534 
3640 951 3571 950 
3641 952 3464 951 
3642 3510 3512 3511 
3643 3520 3521 3517 
3644 3543 3549 3521 
3645 3533 3534 3532 
3646 3502 3504 3503 
3647 3506 3508 3507 
3648 3514 3567 3510 
3649 3471 3560 981 
3650 3504 3506 3505 
3651 3593 3599 3540 
3652 3531 3532 3530 
3653 3494 3560 3471 
3654 3498 3500 3499 
3655 3513 3574 3516 
3656 3563 3564 3468 
3657 1005 3472 1004 
3658 3510 3511 3508 
3659 954 3576 953 
3660 3512 3513 3511 
3661 3526 3567 3514 
3662 3574 3581 3531 
3663 3517 3574 3513 
3664 3546 3559 3528 
3665 955 3469 954 
3666 3502 3503 3500 
3667 3506 3507 3505 
3668 3491 3492 3479 
3669 1006 3575 1005 
3670 3504 3505 3503 
3671 956 3577 955 
3672 1002 3465 1001 
3673 3553 3587 3558 
3674 957 3474 956 
3675 3511 3584 3508 
3676 3521 3574 3517 
3677 958 3578 957 
3678 3516 3530 3522 
3679 3522 3529 3515 
3680 3513 3516 3515 
3681 999 3470 998 
3682 959 3477 958 
3683 3498 3499 3496 
3684 969 3586 968 
3685 3508 3584 3507 
3686 3469 3576 954 
3687 998 3579 997 
3688 1005 3575 3472 
3689 3513 3515 3511 
3690 3573 3589 3501 
3691 3549 3581 3521 
3692 3534 3539 3532 
3693 3516 3522 3515 
3694 3522 3540 3529 
3695 3507 3523 3505 
3696 3528 3580 3526 
3697 3526 3580 3567 
3698 997 3475 996 
3699 996 3582 995 
3700 995 3476 994 
3701 3515 3584 3511 
3702 3559 3580 3528 
3703 961 3482 960 
3704 955 3577 3469 
3705 3523 3591 3590 
3706 994 3583 993 
3707 3474 3577 956 
3708 3521 3581 3574 
3709 957 3578 3474 
3710 3529 3584 3515 
3711 993 3481 992 
3712 3477 3578 958 
3713 3496 3585 3494 
3714 3557 3587 3554 
3715 3588 3590 3563 
3716 3470 3579 998 
3717 3499 3585 3496 
3718 3494 3585 3560 
3719 3472 3613 3550 
3720 3499 3588 3562 
3721 3600 3610 3577 
3722 997 3579 3475 
3723 3473 3586 969 
3724 3475 3582 996 
3725 995 3582 3476 
3726 3476 3583 994 
3727 3564 3591 3565 
3728 3523 3592 3566 
3729 993 3583 3481 
3730 3500 3588 3499 
3731 1003 3618 3551 
3732 3554 3587 3553 
3733 991 3488 990 
3734 3501 3589 3555 
3735 3590 3591 3563 
3736 3523 3590 3505 
3737 3503 3588 3500 
3738 3466 3593 975 
3739 974 3593 3570 
3740 3529 3599 3592 
3741 971 3596 3569 
3742 3467 3596 972 
3743 3507 3592 3523 
3744 3503 3590 3588 
3745 3505 3590 3503 
3746 3546 3603 3478 
3747 3551 3615 1003 
3748 3522 3594 3540 
3749 965 3601 964 
3750 3529 3592 3584 
3751 3539 3595 3532 
3752 3534 3597 3539 
3753 3536 3600 3545 
3754 3550 3618 3472 
3755 3587 3602 3558 
3756 3563 3591 3564 
3757 3579 3609 3475 
3758 3592 3599 3566 
3759 3465 3602 3587 
3760 3584 3592 3507 
3761 3566 3599 3466 
3762 975 3593 974 
3763 3530 3594 3522 
3764 3532 3595 3530 
3765 3530 3595 3594 
3766 3535 3602 3551 
3767 972 3596 971 
3768 3537 3597 3534 
3769 3547 3598 3537 
3770 3537 3598 3597 
3771 3491 3604 3548 
3772 3540 3599 3529 
3773 963 3601 962 
3774 3486 3606 3482 
3775 952 3607 3464 
3776 3576 3607 953 
3777 3538 3600 3536 
3778 3547 3619 3611 
3779 959 3606 3477 
3780 3482 3606 960 
3781 3579 3622 3609 
3782 3544 3609 3497 
3783 3478 3603 3572 
3784 3481 3608 992 
3785 991 3608 3488 
3786 3542 3616 3568 
3787 3489 3620 3490 
3788 3550 3613 3541 
3789 3556 3612 3557 
3790 999 3612 3470 
3791 3490 3604 3491 
3792 948 3614 28 
3793 28 3614 1006 
3794 3558 3602 3535 
3795 1004 3618 1003 
3796 3538 3610 3600 
3797 3541 3603 3546 
3798 3476 3604 3583 
3799 3551 3618 3550 
3800 1003 3615 1002 
3801 3545 3619 3547 
3802 3577 3610 3469 
3803 960 3606 959 
3804 3604 3617 3548 
3805 3575 3613 3472 
3806 3606 3611 3477 
3807 953 3607 952 
3808 3544 3617 3582 
3809 964 3601 963 
3810 992 3608 991 
3811 3610 3621 3469 
3812 3575 3614 3572 
3813 3497 3609 3573 
3814 3481 3620 3608 
3815 3548 3617 3544 
3816 3476 3617 3604 
3817 3576 3621 3543 
3818 3549 3610 3538 
3819 989 3605 988 
3820 3487 3611 3486 
3821 3609 3622 3573 
3822 3470 3622 3579 
3823 3486 3611 3606 
3824 1000 3612 999 
3825 1002 3615 3465 
3826 3589 3622 3470 
3827 3572 3614 948 
3828 3602 3615 3551 
3829 1006 3614 3575 
3830 3549 3621 3610 
3831 3469 3621 3576 
3832 3559 3616 3542 
3833 3472 3618 1004 
3834 3483 3620 3489 
3835 3573 3622 3589 
3836 3611 3619 3477 
3837 3608 3620 3483 
3838 3582 3617 3476 
3839 3477 3619 3578 
3840 3543 3621 3549 
3841 3465 3615 3602 
3842 3541 3613 3603 
2 19 2 126
3843 1019 3632 3631 
3844 1020 3632 1019 
3845 1024 3656 1023 
3846 1022 3656 1021 
3847 3643 3654 3624 
3848 3633 3634 3630 
3849 3653 3654 3643 
3850 1008 3657 1007 
3851 3634 3635 3630 
3852 1040 3657 3655 
3853 1041 3657 1040 
3854 3655 3657 1008 
3855 3648 3661 1029 
3856 1029 3663 3648 
3857 3642 3649 3641 
3858 3627 3650 1016 
3859 3632 3658 3631 
3860 3642 3650 3647 
3861 3647 3649 3642 
3862 3628 3635 3634 
3863 1015 3651 1014 
3864 3649 3664 3641 
3865 3647 3650 3627 
3866 3623 3638 3637 
3867 3623 3639 3638 
3868 1016 3650 1015 
3869 3623 3637 1013 
3870 3628 3636 3635 
3871 3650 3651 1015 
3872 1013 3637 1012 
3873 3638 3644 3636 
3874 3628 3634 1011 
3875 3639 3640 3638 
3876 3640 3644 3638 
3877 3645 3646 3627 
3878 1014 3651 3623 
3879 1010 3634 3633 
3880 1010 3633 1009 
3881 1012 3637 3628 
3882 3644 3652 3626 
3883 1017 3645 3627 
3884 3641 3643 3640 
3885 3625 3664 3649 
3886 3646 3648 3647 
3887 1012 3628 1011 
3888 3646 3647 3627 
3889 1014 3623 1013 
3890 3631 3645 1018 
3891 1011 3634 1010 
3892 3639 3641 3640 
3893 1019 3631 1018 
3894 1024 3660 3656 
3895 3648 3649 3647 
3896 1017 3627 1016 
3897 3637 3638 3636 
3898 1018 3645 1017 
3899 1020 3660 3632 
3900 3628 3637 3636 
3901 1031 3625 1030 
3902 3630 3665 3633 
3903 1028 3629 1027 
3904 3639 3642 3641 
3905 1034 3624 1033 
3906 1036 3626 1035 
3907 1040 3655 1039 
3908 3623 3651 3639 
3909 1026 3632 1025 
3910 1038 3630 1037 
3911 3656 3660 1021 
3912 3642 3651 3650 
3913 3639 3651 3642 
3914 1034 3652 3624 
3915 3626 3652 1035 
3916 1035 3652 1034 
3917 1031 3653 3625 
3918 3633 3655 1009 
3919 1032 3653 1031 
3920 19 3654 1032 
3921 1033 3654 19 
3922 3626 3666 3644 
3923 3635 3659 3630 
3924 3644 3666 3636 
3925 3629 3658 1027 
3926 3646 3667 3629 
3927 3624 3662 3643 
3928 1026 3658 3632 
3929 1023 3656 1022 
3930 3624 3654 1033 
3931 1036 3659 3626 
3932 3630 3659 1037 
3933 3645 3667 3646 
3934 1029 3661 1028 
3935 1032 3654 3653 
3936 1030 3663 1029 
3937 1009 3655 1008 
3938 1038 3665 3630 
3939 3649 3663 3625 
3940 3632 3660 1025 
3941 3648 3663 3649 
3942 3629 3661 3646 
3943 1007 3657 1041 
3944 1027 3658 1026 
3945 3640 3662 3644 
3946 3633 3665 3655 
3947 1025 3660 1024 
3948 3646 3661 3648 
3949 3643 3662 3640 
3950 1037 3659 1036 
3951 3644 3662 3652 
3952 1021 3660 1020 
3953 3629 3667 3658 
3954 3655 3665 1039 
3955 1028 3661 3629 
3956 3659 3666 3626 
3957 3652 3662 3624 
3958 3653 3664 3625 
3959 3625 3663 1030 
3960 3641 3664 3643 
3961 1039 3665 1038 
3962 3636 3666 3635 
3963 3643 3664 3653 
3964 3631 3667 3645 
3965 3658 3667 3631 
3966 3635 3666 3659 
3967 1041 17 1007 
3968 1022 28 1023 
2 20 2 29
3969 1055 17 1056 
3970 19 1046 1047 
3971 19 1065 1046 
3972 19 1047 1064 
3973 20 1042 1069 
3974 1068 1042 1043 
3975 1069 1042 1068 
3976 1067 1043 1044 
3977 1068 1043 1067 
3978 1066 1044 1045 
3979 1067 1044 1066 
3980 1065 1045 1046 
3981 1065 1066 1045 
3982 1048 1064 1047 
3983 1063 1048 1049 
3984 1048 1063 1064 
3985 1062 1049 1050 
3986 1062 1063 1049 
3987 1051 1061 1050 
3988 1062 1050 1061 
3989 1052 1060 1051 
3990 1051 1060 1061 
3991 1053 1059 1052 
3992 1052 1059 1060 
3993 1054 1058 1053 
3994 1053 1058 1059 
3995 1055 1057 1054 
3996 1054 1057 1058 
3997 1056 1057 1055 
2 21 2 49
3998 16 1070 1117 
3999 1093 21 1094 
4000 1071 1117 1070 
4001 1116 1117 1071 
4002 1081 1106 1080 
4003 1080 1106 1107 
4004 1082 1105 1081 
4005 1105 1106 1081 
4006 1083 1104 1082 
4007 1082 1104 1105 
4008 1084 1103 1083 
4009 1103 1104 1083 
4010 1085 1102 1084 
4011 1102 1103 1084 
4012 1086 1101 1085 
4013 1085 1101 1102 
4014 1087 1100 1086 
4015 1086 1100 1101 
4016 1088 1099 1087 
4017 1087 1099 1100 
4018 1089 1098 1088 
4019 1098 1099 1088 
4020 1097 1089 1090 
4021 1097 1098 1089 
4022 1091 1096 1090 
4023 1090 1096 1097 
4024 1092 1095 1091 
4025 1091 1095 1096 
4026 1094 1092 1093 
4027 1094 1095 1092 
4028 17 1115 1072 
4029 1073 1114 17 
4030 1114 1115 17 
4031 1072 1116 1071 
4032 1115 1116 1072 
4033 1074 1113 1073 
4034 1113 1114 1073 
4035 1075 1112 1074 
4036 1074 1112 1113 
4037 1076 1111 1075 
4038 1075 1111 1112 
4039 1077 1110 1076 
4040 1076 1110 1111 
4041 1078 1109 1077 
4042 1077 1109 1110 
4043 1079 1108 1078 
4044 1078 1108 1109 
4045 1080 1107 1079 
4046 1107 1108 1079 
2 22 2 46
4047 1131 3668 1144 
4048 1142 1132 1133 
4049 20 3668 1131 
4050 1143 1132 1142 
4051 1144 1145 1131 
4052 1149 1127 1148 
4053 1142 3669 1141 
4054 1148 1127 1128 
4055 1131 1145 1130 
4056 1145 1146 1130 
4057 1130 1146 1129 
4058 1148 1128 1147 
4059 1129 1147 1128 
4060 1147 1129 1146 
4061 1134 3669 1133 
4062 1143 3668 1132 
4063 1141 3669 1134 
4064 1132 3668 20 
4065 1133 3669 1142 
4066 1144 3668 1143 
4067 17 1118 1158 
4068 1137 21 1138 
4069 1157 1118 1119 
4070 1158 1118 1157 
4071 1119 1120 1156 
4072 1157 1119 1156 
4073 1155 1120 1121 
4074 1156 1120 1155 
4075 1154 1121 1122 
4076 1155 1121 1154 
4077 1153 1122 1123 
4078 1154 1122 1153 
4079 1152 1123 1124 
4080 1153 1123 1152 
4081 1151 1124 1125 
4082 1152 1124 1151 
4083 1125 1126 1150 
4084 1151 1125 1150 
4085 1149 1126 1127 
4086 1150 1126 1149 
4087 1140 1134 1135 
4088 1140 1141 1134 
4089 1139 1135 1136 
4090 1139 1140 1135 
4091 1138 1136 1137 
4092 1138 1139 1136 
2 23 2 100
4093 3673 3675 3670 
4094 1163 1162 18 
4095 3671 3683 3677 
4096 3677 3687 3671 
4097 3670 3676 3673 
4098 1172 3681 1171 
4099 3679 3681 1172 
4100 1159 3673 19 
4101 1171 3681 3674 
4102 1159 3675 3673 
4103 1163 3686 1162 
4104 3672 3690 3674 
4105 1173 3679 1172 
4106 1162 3686 1161 
4107 3674 3696 3672 
4108 19 3673 1201 
4109 1164 3686 1163 
4110 1179 3692 1178 
4111 1165 3691 1164 
4112 1164 3691 3680 
4113 1189 3692 1188 
4114 1173 3682 3679 
4115 1186 3678 1181 
4116 1166 3670 1165 
4117 1195 3679 1194 
4118 1198 3672 1197 
4119 1200 3671 1199 
4120 3670 3688 3676 
4121 1169 3677 1168 
4122 1171 3674 1170 
4123 3672 3687 3677 
4124 1196 3681 1195 
4125 1180 3678 1187 
4126 1174 3682 1173 
4127 3694 3697 3671 
4128 3676 3694 3673 
4129 1195 3681 3679 
4130 3675 3691 3670 
4131 3679 3682 1194 
4132 3677 3690 3672 
4133 1160 3675 1159 
4134 1166 3688 3670 
4135 3677 3683 1168 
4136 1161 3680 1160 
4137 1174 3685 3682 
4138 1196 3696 3681 
4139 1198 3687 3672 
4140 3671 3687 1199 
4141 1194 3682 1193 
4142 3676 3697 3694 
4143 3681 3696 3674 
4144 1200 3694 3671 
4145 1160 3680 3675 
4146 3672 3696 1197 
4147 1169 3690 3677 
4148 3674 3690 1170 
4149 1168 3683 1167 
4150 3673 3694 1201 
4151 1175 3685 1174 
4152 3682 3685 1193 
4153 3683 3688 1167 
4154 1175 3689 3685 
4155 1187 3684 1180 
4156 1177 3695 3693 
4157 1193 3685 1192 
4158 3693 3695 1190 
4159 1179 3684 1188 
4160 3670 3691 1165 
4161 1199 3687 1198 
4162 3685 3689 1192 
4163 1176 3689 1175 
4164 1167 3688 1166 
4165 3680 3686 1164 
4166 1176 3693 3689 
4167 1190 3695 1189 
4168 1178 3695 1177 
4169 1161 3686 3680 
4170 1192 3689 1191 
4171 1178 3692 1189 
4172 3689 3693 1191 
4173 1170 3690 1169 
4174 1177 3693 1176 
4175 3683 3697 3688 
4176 1191 3693 1190 
4177 1201 3694 1200 
4178 1188 3692 1179 
4179 1197 3696 1196 
4180 1189 3695 1178 
4181 3680 3691 3675 
4182 3671 3697 3683 
4183 3688 3697 3676 
4184 1180 3684 1179 
4185 1181 3678 1180 
4186 1187 3678 1186 
4187 1188 3684 1187 
4188 1183 13 1184 
4189 1182 1185 1181 
4190 1185 1186 1181 
4191 1184 1182 1183 
4192 1184 1185 1182 
2 24 2 294
4193 3704 3768 3756 
4194 3709 3799 3772 
4195 3756 3808 3704 
4196 3772 3800 3709 
4197 3757 3783 3699 
4198 1234 3814 3796 
4199 3753 3802 3784 
4200 3806 3809 3780 
4201 3796 3814 3715 
4202 3701 3809 3806 
4203 3804 3805 3760 
4204 3706 3805 3804 
4205 3797 3798 3778 
4206 3757 3799 3783 
4207 3753 3784 3756 
4208 3744 3774 3746 
4209 3759 3773 3710 
4210 3713 3798 3797 
4211 3777 3795 3748 
4212 3749 3813 3812 
4213 3758 3773 3759 
4214 3703 3773 3758 
4215 3784 3802 3700 
4216 3812 3813 3771 
4217 3790 3814 3712 
4218 1233 3801 1232 
4219 3748 3795 3774 
4220 3755 3792 3785 
4221 3785 3816 3755 
4222 3746 3774 3758 
4223 3748 3774 3744 
4224 1231 3801 1230 
4225 1244 3776 1243 
4226 3761 3777 3748 
4227 3717 3790 3712 
4228 3761 3794 3698 
4229 3698 3777 3761 
4230 3715 3814 3790 
4231 3714 3800 3772 
4232 3698 3794 3776 
4233 3698 3776 1244 
4234 3699 3807 3757 
4235 3760 3798 3713 
4236 3778 3798 3710 
4237 3710 3798 3759 
4238 3799 3817 3772 
4239 1243 3776 3775 
4240 3702 3775 3764 
4241 3764 3775 3765 
4242 1230 3801 3796 
4243 3758 3774 3703 
4244 18 1202 1252 
4245 3747 3799 3757 
4246 3764 3791 3702 
4247 3702 3791 3763 
4248 1241 3763 1240 
4249 3701 3811 3809 
4250 3702 3763 1241 
4251 3781 3811 3701 
4252 3707 3721 3720 
4253 3796 3801 1233 
4254 3707 3720 1239 
4255 3741 3762 3755 
4256 3707 3722 3721 
4257 3755 3816 3754 
4258 3716 3717 3712 
4259 3716 3718 3717 
4260 1240 3763 3707 
4261 3775 3776 3765 
4262 1236 3716 3712 
4263 3726 3766 3753 
4264 3741 3769 3762 
4265 1239 3720 1238 
4266 3722 3723 3721 
4267 3756 3768 3725 
4268 3708 3718 3716 
4269 3759 3798 3760 
4270 3728 3766 3726 
4271 3742 3769 3737 
4272 3714 3772 3770 
4273 3725 3768 3723 
4274 3770 3772 3771 
4275 3723 3767 3721 
4276 3723 3768 3767 
4277 3708 3716 1237 
4278 3721 3767 3719 
4279 3714 3770 1212 
4280 1236 3712 1235 
4281 3782 3789 3711 
4282 3719 3782 3718 
4283 3737 3769 3734 
4284 3708 3719 3718 
4285 3779 3786 3745 
4286 3753 3756 3725 
4287 3762 3769 3742 
4288 1242 3775 3702 
4289 3724 3725 3723 
4290 3747 3757 3742 
4291 3741 3755 3754 
4292 3741 3754 3731 
4293 3726 3753 3725 
4294 1238 3708 1237 
4295 3722 3724 3723 
4296 1250 3778 3710 
4297 3710 3773 1249 
4298 1245 3777 3698 
4299 3740 3747 3742 
4300 3734 3769 3732 
4301 1237 3716 1236 
4302 3732 3769 3741 
4303 3740 3742 3737 
4304 1240 3707 1239 
4305 1213 3714 1212 
4306 3750 3786 3779 
4307 3770 3771 3705 
4308 3732 3741 3731 
4309 3730 3731 3728 
4310 3724 3726 3725 
4311 3731 3766 3728 
4312 1211 3770 3705 
4313 1242 3702 1241 
4314 1243 3775 1242 
4315 3739 3740 3737 
4316 1238 3720 3708 
4317 3736 3737 3734 
4318 1245 3698 1244 
4319 3757 3762 3742 
4320 3767 3782 3719 
4321 1251 3778 1250 
4322 1250 3710 1249 
4323 3707 3763 3722 
4324 1212 3770 1211 
4325 1248 3773 3703 
4326 1246 3777 1245 
4327 3754 3766 3731 
4328 3759 3760 3752 
4329 1211 3705 1210 
4330 1249 3773 1248 
4331 3736 3739 3737 
4332 1251 3793 3778 
4333 1248 3703 1247 
4334 3730 3732 3731 
4335 3745 3786 3738 
4336 3720 3721 3719 
4337 3751 3779 3745 
4338 3705 3781 1210 
4339 3746 3751 3745 
4340 3751 3780 3779 
4341 3739 3749 3740 
4342 1209 3781 3701 
4343 3744 3745 3738 
4344 3727 3728 3726 
4345 1210 3781 1209 
4346 3746 3752 3751 
4347 3729 3730 3728 
4348 1209 3701 1208 
4349 3735 3736 3734 
4350 3733 3734 3732 
4351 3744 3746 3745 
4352 1207 3706 1206 
4353 3758 3759 3752 
4354 3724 3727 3726 
4355 3743 3761 3748 
4356 3739 3750 3749 
4357 1205 3713 1204 
4358 3708 3720 3719 
4359 3735 3738 3736 
4360 3733 3735 3734 
4361 1218 3699 1217 
4362 3746 3758 3752 
4363 3727 3729 3728 
4364 3730 3733 3732 
4365 1217 3783 1216 
4366 1220 3785 1219 
4367 1221 3700 1220 
4368 1216 3709 1215 
4369 3743 3744 3738 
4370 1222 3784 1221 
4371 3735 3743 3738 
4372 3743 3748 3744 
4373 3729 3788 3730 
4374 3738 3786 3736 
4375 3736 3786 3739 
4376 3733 3787 3735 
4377 1224 3704 1223 
4378 3739 3786 3750 
4379 3743 3787 3761 
4380 3764 3765 3729 
4381 1225 3789 1224 
4382 3730 3788 3733 
4383 3765 3788 3729 
4384 1226 3711 1225 
4385 3727 3764 3729 
4386 3699 3783 1217 
4387 3735 3787 3743 
4388 3700 3785 1220 
4389 1216 3783 3709 
4390 3733 3788 3787 
4391 1221 3784 3700 
4392 1228 3790 1227 
4393 3722 3791 3724 
4394 1229 3715 1228 
4395 1218 3792 3699 
4396 1219 3792 1218 
4397 3785 3792 1219 
4398 3724 3791 3727 
4399 1224 3789 3704 
4400 3711 3789 1225 
4401 3763 3791 3722 
4402 3727 3791 3764 
4403 3713 3804 3760 
4404 3715 3790 1228 
4405 3776 3794 3765 
4406 3774 3795 3703 
4407 3787 3794 3761 
4408 3793 3797 3778 
4409 3765 3794 3788 
4410 1252 3793 1251 
4411 1246 3795 3777 
4412 3703 3795 1247 
4413 3788 3794 3787 
4414 1203 3793 1202 
4415 1230 3796 1229 
4416 1202 3793 1252 
4417 3713 3797 1204 
4418 3754 3802 3766 
4419 3780 3805 3706 
4420 1215 3800 1214 
4421 3706 3806 3780 
4422 3784 3808 3756 
4423 1247 3795 1246 
4424 3706 3804 1206 
4425 3711 3818 3782 
4426 1205 3804 3713 
4427 3782 3818 3718 
4428 3760 3805 3752 
4429 3751 3805 3780 
4430 1226 3803 3711 
4431 3790 3803 1227 
4432 28 3815 1213 
4433 1214 3815 28 
4434 3782 3810 3789 
4435 3780 3809 3779 
4436 3701 3806 1208 
4437 3717 3803 3790 
4438 1207 3806 3706 
4439 1234 3796 1233 
4440 1203 3797 3793 
4441 1229 3796 3715 
4442 1222 3808 3784 
4443 3704 3808 1223 
4444 1235 3814 1234 
4445 3767 3810 3782 
4446 3757 3807 3762 
4447 1204 3797 1203 
4448 3749 3812 3740 
4449 3783 3799 3709 
4450 3709 3800 1215 
4451 1232 3801 1231 
4452 3766 3802 3753 
4453 3704 3810 3768 
4454 1227 3803 1226 
4455 1206 3804 1205 
4456 3771 3813 3705 
4457 3762 3807 3755 
4458 3752 3805 3751 
4459 3755 3807 3792 
4460 1208 3806 1207 
4461 3705 3813 3781 
4462 1223 3808 1222 
4463 3792 3807 3699 
4464 3768 3810 3767 
4465 3779 3809 3750 
4466 3772 3817 3771 
4467 3789 3810 3704 
4468 3809 3811 3750 
4469 3750 3811 3749 
4470 3754 3816 3802 
4471 3800 3815 1214 
4472 3803 3818 3711 
4473 3700 3816 3785 
4474 3740 3812 3747 
4475 3712 3814 1235 
4476 3718 3818 3717 
4477 1213 3815 3714 
4478 3747 3817 3799 
4479 3714 3815 3800 
4480 3802 3816 3700 
4481 3781 3813 3811 
4482 3717 3818 3803 
4483 3771 3817 3812 
4484 3811 3813 3749 
4485 3812 3817 3747 
4486 1231 13 1232 
2 25 2 63
4487 3821 3825 3819 
4488 3819 3824 3821 
4489 1270 3835 3825 
4490 1270 3825 1269 
4491 1277 3833 1276 
4492 1255 3833 1254 
4493 3820 3835 1270 
4494 1264 18 1265 
4495 1274 3827 1273 
4496 3823 3826 3820 
4497 1265 3828 1264 
4498 1274 3831 3827 
4499 1260 3826 3823 
4500 1266 3828 1265 
4501 1259 3823 3822 
4502 1262 3824 3819 
4503 1259 3822 1258 
4504 1260 3823 1259 
4505 1262 3819 1261 
4506 3821 3829 3825 
4507 3822 3827 1258 
4508 1271 3820 1270 
4509 1261 3826 1260 
4510 1263 3824 1262 
4511 3819 3826 1261 
4512 3820 3830 3823 
4513 1268 3821 1267 
4514 1263 3828 3824 
4515 1264 3828 1263 
4516 1258 3827 1257 
4517 3825 3829 1269 
4518 1269 3829 19 
4519 3828 3832 3824 
4520 3825 3835 3819 
4521 1271 3830 3820 
4522 3827 3831 1257 
4523 3823 3830 3822 
4524 3824 3832 3821 
4525 1275 3831 1274 
4526 1275 3834 3831 
4527 1268 3829 3821 
4528 3821 3832 1267 
4529 19 3829 1268 
4530 3830 3836 3822 
4531 1276 3833 1255 
4532 3819 3835 3826 
4533 3822 3836 3827 
4534 1272 3830 1271 
4535 1257 3831 1256 
4536 1276 3834 1275 
4537 3831 3834 1256 
4538 1256 3834 1255 
4539 1254 3833 1277 
4540 3827 3836 1273 
4541 1267 3832 1266 
4542 1255 3834 1276 
4543 1272 3836 3830 
4544 1273 3836 1272 
4545 3826 3835 3820 
4546 1266 3832 3828 
4547 1278 28 1253 
4548 1277 1253 1254 
4549 1277 1278 1253 
2 26 2 68
4550 1315 1316 1288 
4551 1315 1288 1289 
4552 1312 1291 1292 
4553 1312 1313 1291 
4554 1315 1289 1314 
4555 1313 1290 1291 
4556 1314 1289 1290 
4557 1314 1290 1313 
4558 1301 7 1302 
4559 1306 3839 1305 
4560 3837 3838 1300 
4561 1307 3840 1306 
4562 1307 3841 3840 
4563 1306 3840 3839 
4564 1300 3842 3837 
4565 1305 3838 1304 
4566 1308 3841 1307 
4567 1308 3843 3841 
4568 1304 3837 8 
4569 1301 3842 1300 
4570 1305 3839 3838 
4571 1309 3843 1308 
4572 1292 3846 1312 
4573 1309 3844 3843 
4574 1300 3838 1299 
4575 1310 3844 1309 
4576 1310 3845 3844 
4577 1304 3838 3837 
4578 1311 3845 1310 
4579 1311 3846 3845 
4580 1299 3839 1298 
4581 8 3837 1303 
4582 1302 3842 1301 
4583 1303 3842 1302 
4584 1312 3846 1311 
4585 3838 3839 1299 
4586 1298 3840 1297 
4587 3840 3841 1297 
4588 3839 3840 1298 
4589 1297 3841 1296 
4590 3841 3843 1296 
4591 1296 3843 1295 
4592 3843 3844 1295 
4593 1295 3844 1294 
4594 3844 3845 1294 
4595 3845 3846 1293 
4596 1294 3845 1293 
4597 1293 3846 1292 
4598 3837 3842 1303 
4599 13 1279 1325 
4600 1324 1279 1280 
4601 1324 1325 1279 
4602 1323 1280 1281 
4603 1324 1280 1323 
4604 1322 1281 1282 
4605 1323 1281 1322 
4606 1321 1282 1283 
4607 1322 1282 1321 
4608 1320 1283 1284 
4609 1321 1283 1320 
4610 1319 1284 1285 
4611 1320 1284 1319 
4612 1318 1285 1286 
4613 1319 1285 1318 
4614 1317 1286 1287 
4615 1318 1286 1317 
4616 1316 1287 1288 
4617 1317 1287 1316 
2 27 2 10
4618 1326 1329 1330 
4619 1331 7 1330 
4620 1327 12 1328 
4621 1329 1326 1327 
4622 1326 1330 7 
4623 1331 1334 7 
4624 1332 8 1333 
4625 1328 1329 1327 
4626 1332 1334 1331 
4627 1332 1333 1334 
2 28 2 95
4628 1381 3848 1380 
4629 3847 3855 1336 
4630 3848 3850 1380 
4631 1336 3863 3847 
4632 1368 3861 1367 
4633 1352 3861 1351 
4634 12 1335 1384 
4635 1340 3851 3850 
4636 1381 3866 3848 
4637 1339 3850 3848 
4638 1380 3850 1379 
4639 1340 3850 1339 
4640 1341 3851 1340 
4641 3850 3851 1379 
4642 1354 3849 1365 
4643 1341 3853 3851 
4644 1364 3849 1355 
4645 1342 3853 1341 
4646 1339 3848 1338 
4647 1383 3847 1382 
4648 1379 3851 1378 
4649 1338 3852 1337 
4650 3848 3852 1338 
4651 7 3863 1336 
4652 3851 3853 1378 
4653 1369 3865 1368 
4654 1378 3853 1377 
4655 1383 3855 3847 
4656 1353 3854 1366 
4657 1351 3865 1350 
4658 1377 3856 1376 
4659 1365 3854 1354 
4660 3848 3866 3852 
4661 1336 3855 1335 
4662 1384 3855 1383 
4663 1343 3856 1342 
4664 3856 3857 1376 
4665 1376 3857 1375 
4666 3852 3863 1337 
4667 1342 3856 3853 
4668 3847 3863 3852 
4669 3857 3859 1375 
4670 3847 3866 1382 
4671 3853 3856 1377 
4672 3852 3866 3847 
4673 1335 3855 1384 
4674 1343 3857 3856 
4675 1375 3859 1374 
4676 1344 3857 1343 
4677 3859 3860 1374 
4678 1344 3859 3857 
4679 1352 3858 1367 
4680 1366 3858 1353 
4681 1374 3860 1373 
4682 1345 3859 1344 
4683 3860 3862 1373 
4684 1345 3860 3859 
4685 1349 3868 1370 
4686 1373 3862 1372 
4687 1350 3868 1349 
4688 1346 3860 1345 
4689 1370 3868 1369 
4690 1351 3861 1368 
4691 3862 3864 1372 
4692 1370 3867 1349 
4693 1346 3862 3860 
4694 1367 3861 1352 
4695 1372 3864 1371 
4696 1350 3865 1369 
4697 1347 3862 1346 
4698 3864 3867 1371 
4699 1347 3864 3862 
4700 1337 3863 7 
4701 1348 3864 1347 
4702 1371 3867 1370 
4703 1348 3867 3864 
4704 1349 3867 1348 
4705 1382 3866 1381 
4706 1368 3865 1351 
4707 1369 3868 1350 
4708 1360 1359 13 
4709 1353 3858 1352 
4710 1354 3854 1353 
4711 1355 3849 1354 
4712 1365 3849 1364 
4713 1366 3854 1365 
4714 1367 3858 1366 
4715 1356 1364 1355 
4716 1357 1363 1356 
4717 1363 1364 1356 
4718 1358 1362 1357 
4719 1357 1362 1363 
4720 1359 1361 1358 
4721 1358 1361 1362 
4722 1360 1361 1359 
2 29 2 106
4723 1394 3875 1393 
4724 1393 3875 3873 
4725 1406 1424 1425 
4726 1395 3875 1394 
4727 1395 3876 3875 
4728 1428 1429 1402 
4729 1445 4 1385 
4730 1403 1428 1402 
4731 1396 3876 1395 
4732 1388 3870 3869 
4733 1396 3878 3876 
4734 3874 3877 1443 
4735 1406 1425 1405 
4736 1405 1425 1426 
4737 1427 1428 1403 
4738 3869 3877 3874 
4739 1397 3878 1396 
4740 1397 3880 3878 
4741 1404 1427 1403 
4742 1426 1427 1404 
4743 1405 1426 1404 
4744 3879 3884 1390 
4745 3871 3884 3879 
4746 1398 3880 1397 
4747 3870 3877 3869 
4748 1398 3883 3880 
4749 1388 3869 5 
4750 3877 3882 1442 
4751 1399 3883 1398 
4752 1444 3874 1443 
4753 1429 3889 1402 
4754 1399 3886 3883 
4755 1445 3881 1444 
4756 3870 3882 3877 
4757 1400 3886 1399 
4758 3872 3885 1439 
4759 1400 3888 3886 
4760 1439 3887 3872 
4761 1438 3873 1437 
4762 1441 3871 1440 
4763 1389 3870 1388 
4764 1401 3888 1400 
4765 1392 3872 1391 
4766 3873 3875 1437 
4767 1401 3889 3888 
4768 1444 3881 3874 
4769 5 3869 1387 
4770 1387 3874 1386 
4771 1386 3881 1385 
4772 1437 3875 1436 
4773 3875 3876 1436 
4774 1402 3889 1401 
4775 3869 3874 1387 
4776 3874 3881 1386 
4777 1391 3879 1390 
4778 1442 3882 1441 
4779 3871 3887 1440 
4780 1439 3885 1438 
4781 1436 3876 1435 
4782 3876 3878 1435 
4783 1392 3890 3872 
4784 1443 3877 1442 
4785 1435 3878 1434 
4786 3878 3880 1434 
4787 3879 3887 3871 
4788 1390 3884 1389 
4789 1434 3880 1433 
4790 3872 3890 3885 
4791 3872 3879 1391 
4792 3880 3883 1433 
4793 1441 3882 3871 
4794 1389 3884 3870 
4795 1433 3883 1432 
4796 1385 3881 1445 
4797 3883 3886 1432 
4798 3873 3890 1393 
4799 1438 3885 3873 
4800 1432 3886 1431 
4801 3886 3888 1431 
4802 1440 3887 1439 
4803 3888 3889 1430 
4804 1431 3888 1430 
4805 1430 3889 1429 
4806 1393 3890 1392 
4807 3870 3884 3882 
4808 3872 3887 3879 
4809 3882 3884 3871 
4810 3885 3890 3873 
4811 1415 13 1416 
4812 1407 1424 1406 
4813 1408 1423 1407 
4814 1423 1424 1407 
4815 1409 1422 1408 
4816 1422 1423 1408 
4817 1410 1421 1409 
4818 1409 1421 1422 
4819 1411 1420 1410 
4820 1410 1420 1421 
4821 1412 1419 1411 
4822 1419 1420 1411 
4823 1418 1412 1413 
4824 1418 1419 1412 
4825 1417 1413 1414 
4826 1418 1413 1417 
4827 1416 1414 1415 
4828 1417 1414 1416 
2 30 2 41
4829 1465 3894 1464 
4830 1447 3894 1446 
4831 1449 3892 1448 
4832 1460 3900 3893 
4833 3891 3892 1449 
4834 1461 3900 1460 
4835 3893 3895 1460 
4836 4 3896 1461 
4837 1458 3898 1457 
4838 1454 3898 1453 
4839 3892 3897 1448 
4840 1463 3892 1462 
4841 1450 3891 1449 
4842 1451 3893 1450 
4843 1450 3893 3891 
4844 3891 3896 3892 
4845 1453 3898 1458 
4846 3896 3900 1461 
4847 1446 3894 1465 
4848 1452 3895 1451 
4849 3894 3897 1464 
4850 1447 3897 3894 
4851 1460 3895 1459 
4852 3892 3896 1462 
4853 1451 3895 3893 
4854 1463 3897 3892 
4855 1458 3899 1453 
4856 1452 3899 3895 
4857 1462 3896 4 
4858 1464 3897 1463 
4859 1448 3897 1447 
4860 1453 3899 1452 
4861 3895 3899 1459 
4862 1459 3899 1458 
4863 1457 3898 1454 
4864 3893 3900 3891 
4865 3891 3900 3896 
4866 1456 1455 2 
4867 9 1446 1465 
4868 1454 1455 1456 
4869 1457 1454 1456 
2 31 2 21
4870 1474 3903 1473 
4871 1470 3903 1469 
4872 1477 3901 1476 
4873 1467 3901 1466 
4874 1476 3901 1467 
4875 1467 3902 1476 
4876 4 3902 1475 
4877 1476 3902 4 
4878 3902 3904 1475 
4879 1466 3901 1477 
4880 1469 3903 1474 
4881 1468 3902 1467 
4882 1468 3904 3902 
4883 1475 3904 1474 
4884 1469 3904 1468 
4885 1473 3903 1470 
4886 1474 3904 1469 
4887 3 1466 1477 
4888 1471 9 1472 
4889 1471 1473 1470 
4890 1471 1472 1473 
2 32 2 239
4891 3946 3959 3916 
4892 1487 3935 1486 
4893 1507 3927 1506 
4894 3968 3982 1482 
4895 3932 3934 3912 
4896 3911 3954 3953 
4897 3922 3982 3968 
4898 3923 3965 3920 
4899 3920 3973 3923 
4900 3918 3982 3935 
4901 3934 3935 3912 
4902 3953 3974 3967 
4903 3945 3959 3946 
4904 1506 3927 3924 
4905 3953 3967 3911 
4906 3967 3974 3914 
4907 3912 3935 1487 
4908 1486 3935 3922 
4909 3935 3982 3922 
4910 3925 3973 3920 
4911 3918 3935 3934 
4912 1507 3962 3927 
4913 3920 3978 3925 
4914 3907 3980 3942 
4915 1489 3936 1488 
4916 3942 3977 3907 
4917 1483 3 1484 
4918 1521 3979 1520 
4919 1513 3979 1512 
4920 3916 3988 3946 
4921 3974 3981 3914 
4922 3909 3936 1489 
4923 1488 3936 3912 
4924 3919 3959 3945 
4925 3912 3936 3932 
4926 3914 3981 3958 
4927 3937 3964 3930 
4928 3937 3939 3906 
4929 1478 3933 9 
4930 3939 3957 3906 
4931 1514 3926 1519 
4932 3941 3957 3939 
4933 1508 3962 1507 
4934 9 3933 1545 
4935 3906 3964 3937 
4936 3941 3963 3957 
4937 3945 3969 3919 
4938 3928 3929 3905 
4939 3929 3934 3932 
4940 1479 3928 3905 
4941 3928 3934 3929 
4942 3905 3933 1478 
4943 3929 3930 3905 
4944 3929 3931 3930 
4945 3931 3937 3930 
4946 3930 3964 3933 
4947 3930 3933 3905 
4948 3918 3928 1480 
4949 3918 3934 3928 
4950 1479 3905 1478 
4951 3931 3938 3937 
4952 3929 3932 3931 
4953 3938 3939 3937 
4954 1481 3918 1480 
4955 1480 3928 1479 
4956 3946 3948 3947 
4957 1496 3947 3910 
4958 3947 3948 3910 
4959 3938 3940 3939 
4960 3949 3951 3950 
4961 1492 3955 3907 
4962 1497 3947 1496 
4963 3944 3945 3913 
4964 3940 3941 3939 
4965 1500 3943 3915 
4966 3949 3950 3910 
4967 1498 3944 3913 
4968 3910 3950 1495 
4969 3948 3949 3910 
4970 1493 3955 1492 
4971 3907 3956 1491 
4972 3945 3946 3913 
4973 3950 3951 3908 
4974 1506 3924 1505 
4975 3951 3953 3952 
4976 3917 3943 1501 
4977 1504 3920 1503 
4978 3915 3944 1499 
4979 3940 3942 3941 
4980 1502 3917 1501 
4981 1500 3915 1499 
4982 1494 3950 3908 
4983 1498 3913 1497 
4984 3951 3952 3908 
4985 3913 3947 1497 
4986 1490 3956 3909 
4987 1496 3910 1495 
4988 3953 3954 3952 
4989 1494 3908 1493 
4990 1492 3907 1491 
4991 1490 3909 1489 
4992 1501 3943 1500 
4993 1499 3944 1498 
4994 1495 3950 1494 
4995 1491 3956 1490 
4996 3908 3955 1493 
4997 3946 3947 3913 
4998 3952 3955 3908 
4999 1544 3906 1543 
5000 1541 3911 1540 
5001 1539 3914 1538 
5002 1538 3958 1537 
5003 1537 3916 1536 
5004 1536 3959 1535 
5005 1535 3919 1534 
5006 1533 3921 1532 
5007 1534 3961 1533 
5008 1532 3960 1531 
5009 1531 3923 1530 
5010 1543 3957 1542 
5011 1529 3925 1528 
5012 1527 3927 1526 
5013 3914 3958 1538 
5014 1537 3958 3916 
5015 1526 3962 1525 
5016 3916 3959 1536 
5017 1535 3959 3919 
5018 3906 3957 1543 
5019 3919 3961 1534 
5020 1533 3961 3921 
5021 3921 3960 1532 
5022 1531 3960 3923 
5023 3927 3962 1526 
5024 1488 3912 1487 
5025 1541 3963 3911 
5026 3957 3963 1542 
5027 1486 3922 1485 
5028 1542 3963 1541 
5029 3933 3964 1545 
5030 1545 3964 1544 
5031 3920 3965 1503 
5032 1502 3965 3917 
5033 3909 3971 3936 
5034 1544 3964 3906 
5035 3925 3978 3924 
5036 1519 3966 1514 
5037 1518 3926 1515 
5038 3911 3967 1540 
5039 1539 3967 3914 
5040 1503 3965 1502 
5041 3954 3986 3942 
5042 3924 3987 3925 
5043 3909 3972 3971 
5044 1483 3968 1482 
5045 3944 3969 3945 
5046 3936 3971 3932 
5047 3927 3987 3924 
5048 3932 3971 3931 
5049 3911 3986 3954 
5050 3919 3969 3961 
5051 1540 3967 1539 
5052 3942 3980 3954 
5053 1508 3970 3962 
5054 3923 3973 1530 
5055 1529 3973 3925 
5056 3962 3970 1525 
5057 3942 3986 3941 
5058 3951 3974 3953 
5059 3922 3968 1485 
5060 1485 3968 1484 
5061 1525 3970 1524 
5062 3924 3978 1505 
5063 1504 3978 3920 
5064 3915 3969 3944 
5065 1482 3982 1481 
5066 3955 3980 3907 
5067 3954 3980 3952 
5068 3969 3975 3961 
5069 1509 3970 1508 
5070 3925 3987 1528 
5071 1527 3987 3927 
5072 3931 3971 3938 
5073 1484 3968 1483 
5074 3946 3988 3948 
5075 3971 3972 3938 
5076 3970 3976 1524 
5077 3956 3972 3909 
5078 3915 3975 3969 
5079 3938 3972 3940 
5080 1509 3976 3970 
5081 1530 3973 1529 
5082 3963 3986 3911 
5083 1513 3966 1520 
5084 3961 3975 3921 
5085 3956 3977 3972 
5086 3949 3974 3951 
5087 3972 3977 3940 
5088 1524 3976 1523 
5089 3943 3975 3915 
5090 3975 3983 3921 
5091 1510 3976 1509 
5092 3949 3981 3974 
5093 3907 3977 3956 
5094 3976 3984 1523 
5095 1512 3985 1511 
5096 1522 3985 1521 
5097 3943 3983 3975 
5098 3984 3985 1522 
5099 1511 3985 3984 
5100 3940 3977 3942 
5101 1510 3984 3976 
5102 1512 3979 1521 
5103 3983 3989 3960 
5104 1505 3978 1504 
5105 3921 3983 3960 
5106 3917 3989 3983 
5107 1481 3982 3918 
5108 3952 3980 3955 
5109 3948 3981 3949 
5110 1520 3979 1513 
5111 1523 3984 1522 
5112 3917 3983 3943 
5113 1511 3984 1510 
5114 3958 3988 3916 
5115 3960 3989 3923 
5116 3965 3989 3917 
5117 1528 3987 1527 
5118 3941 3986 3963 
5119 1521 3985 1512 
5120 3923 3989 3965 
5121 3981 3988 3958 
5122 3948 3988 3981 
5123 1514 3966 1513 
5124 1515 3926 1514 
5125 1519 3926 1518 
5126 1520 3966 1519 
5127 1516 13 1517 
5128 1516 1518 1515 
5129 1517 1518 1516 
2 33 2 209
5130 1552 4009 1551 
5131 1590 4048 1589 
5132 1578 1591 1577 
5133 1591 1592 1577 
5134 1607 4016 1606 
5135 4021 4027 4020 
5136 4027 4031 4020 
5137 3999 4015 4014 
5138 4014 4016 3999 
5139 1549 4004 1548 
5140 3990 4009 1552 
5141 1571 4008 1570 
5142 4004 4005 1548 
5143 4003 4034 1600 
5144 1600 4049 4003 
5145 1564 4015 1563 
5146 1571 4028 4008 
5147 4020 4031 3996 
5148 1551 4009 4004 
5149 1606 4016 4014 
5150 3998 4016 1607 
5151 1563 4015 3999 
5152 3996 4041 4020 
5153 4016 4017 3999 
5154 1550 4004 1549 
5155 4029 4030 4000 
5156 4033 4039 3991 
5157 4007 4010 3995 
5158 1572 4028 1571 
5159 4017 4052 3999 
5160 4012 4039 4033 
5161 1572 4032 4028 
5162 1548 4005 1547 
5163 1547 4005 3993 
5164 1550 1549 25 
5165 3996 4035 4018 
5166 1564 4029 4015 
5167 4001 4030 4029 
5168 1573 4032 1572 
5169 3995 4056 4007 
5170 1579 4053 1578 
5171 4005 4006 3993 
5172 4004 4009 4005 
5173 4018 4041 3996 
5174 1573 4040 4032 
5175 3998 4017 4016 
5176 4006 4010 4007 
5177 4005 4009 4006 
5178 4015 4029 4000 
5179 4010 4011 3995 
5180 4045 4047 4025 
5181 3997 4025 4024 
5182 3997 4024 1613 
5183 3998 4018 4017 
5184 1591 4053 1590 
5185 1613 4024 1612 
5186 4010 4012 4011 
5187 4014 4015 4000 
5188 1602 4013 4002 
5189 4022 4023 4021 
5190 4013 4030 4001 
5191 1605 4014 4000 
5192 4006 4007 3993 
5193 1551 4004 1550 
5194 3994 4022 4021 
5195 3994 4020 4019 
5196 1599 4008 1598 
5197 3990 4039 4012 
5198 1602 4002 1601 
5199 1603 4013 1602 
5200 3994 4021 4020 
5201 1605 4000 1604 
5202 3994 4019 1610 
5203 1606 4014 1605 
5204 1611 4022 3994 
5205 1612 4024 4022 
5206 1608 3998 1607 
5207 1611 3994 1610 
5208 1614 3997 1613 
5209 1616 3995 1615 
5210 1610 4019 1609 
5211 1612 4022 1611 
5212 4024 4025 4023 
5213 4022 4024 4023 
5214 4008 4028 1598 
5215 1553 3990 1552 
5216 1555 3991 1554 
5217 1556 4026 1555 
5218 1557 3992 1556 
5219 1558 4027 1557 
5220 1560 3996 1559 
5221 1563 3999 1562 
5222 1566 4001 1565 
5223 1569 4003 1568 
5224 1555 4026 3991 
5225 3992 4026 1556 
5226 1557 4027 3992 
5227 1547 3993 1546 
5228 3990 4044 4009 
5229 1574 4040 1573 
5230 1598 4028 1597 
5231 1603 4030 4013 
5232 4000 4030 1604 
5233 1565 4029 1564 
5234 1574 4046 4040 
5235 4019 4041 4038 
5236 4001 4037 4013 
5237 1558 4031 4027 
5238 3996 4031 1559 
5239 4013 4037 4002 
5240 3997 4045 4025 
5241 1600 4034 1599 
5242 4011 4036 3995 
5243 4028 4032 1597 
5244 4001 4029 1565 
5245 1614 4036 3997 
5246 3995 4036 1615 
5247 3998 4038 4018 
5248 1604 4030 1603 
5249 4019 4038 1609 
5250 4012 4044 3990 
5251 1608 4038 3998 
5252 1560 4035 3996 
5253 1566 4037 4001 
5254 4009 4044 4006 
5255 1553 4039 3990 
5256 3991 4039 1554 
5257 1559 4031 1558 
5258 4008 4054 1570 
5259 15 4042 1617 
5260 4037 4043 4002 
5261 1546 4042 15 
5262 4018 4035 4017 
5263 4003 4043 1568 
5264 1616 4056 3995 
5265 1601 4049 1600 
5266 1575 4046 1574 
5267 4033 4047 4045 
5268 1597 4032 1596 
5269 4012 4033 4011 
5270 3999 4052 1562 
5271 1599 4034 4008 
5272 4038 4041 4018 
5273 1569 4054 4003 
5274 1575 4051 4046 
5275 4020 4041 4019 
5276 1561 4035 1560 
5277 4032 4040 1596 
5278 1615 4036 1614 
5279 4007 4042 3993 
5280 4003 4049 4043 
5281 1567 4037 1566 
5282 4010 4044 4012 
5283 1609 4038 1608 
5284 1592 4057 1577 
5285 1554 4039 1553 
5286 1579 4048 1590 
5287 4003 4054 4034 
5288 4035 4052 4017 
5289 1596 4040 1595 
5290 1576 4051 1575 
5291 1567 4043 4037 
5292 4036 4045 3997 
5293 3993 4042 1546 
5294 1576 4057 4051 
5295 4006 4044 4010 
5296 4040 4046 1595 
5297 1561 4052 4035 
5298 1568 4043 1567 
5299 1578 4053 1591 
5300 1595 4046 1594 
5301 4026 4047 3991 
5302 1577 4057 1576 
5303 1589 4048 1580 
5304 4046 4051 1594 
5305 3992 4050 4026 
5306 4002 4049 1601 
5307 3992 4055 4050 
5308 4021 4055 4027 
5309 4043 4049 4002 
5310 4025 4050 4023 
5311 4011 4045 4036 
5312 4007 4056 4042 
5313 1594 4051 1593 
5314 4051 4057 1593 
5315 4050 4055 4023 
5316 4023 4055 4021 
5317 4034 4054 4008 
5318 1562 4052 1561 
5319 1617 4056 1616 
5320 1593 4057 1592 
5321 4027 4055 3992 
5322 1570 4054 1569 
5323 4026 4050 4047 
5324 4033 4045 4011 
5325 3991 4047 4033 
5326 4047 4050 4025 
5327 1590 4053 1579 
5328 4042 4056 1617 
5329 1584 1 1585 
5330 1580 4048 1579 
5331 1581 1588 1580 
5332 1580 1588 1589 
5333 1582 1587 1581 
5334 1581 1587 1588 
5335 1586 1582 1583 
5336 1586 1587 1582 
5337 1585 1583 1584 
5338 1586 1583 1585 
2 34 2 437
5339 1692 4154 1691 
5340 4111 4216 4117 
5341 4070 4187 4134 
5342 4208 4212 4147 
5343 4161 4164 4072 
5344 4072 4163 4161 
5345 4082 4188 4165 
5346 4128 4211 4183 
5347 4117 4216 4154 
5348 4117 4154 4153 
5349 4115 4212 4208 
5350 4153 4154 1692 
5351 1691 4154 4058 
5352 4174 4211 4128 
5353 4117 4153 4145 
5354 4067 4172 4170 
5355 1622 4148 1621 
5356 4061 4169 4168 
5357 4187 4221 4134 
5358 4061 4168 4136 
5359 4165 4203 4082 
5360 4134 4208 4070 
5361 4076 4147 4146 
5362 4058 4229 4173 
5363 4157 4164 4159 
5364 4203 4220 4082 
5365 4173 4223 4058 
5366 4170 4213 4067 
5367 4141 4206 4190 
5368 4159 4164 4161 
5369 4152 4220 4203 
5370 1654 4086 4084 
5371 4083 4200 4175 
5372 1620 4149 1619 
5373 4076 4148 4147 
5374 4070 4148 1622 
5375 1621 4148 4076 
5376 1655 4086 1654 
5377 4118 4216 4111 
5378 4146 4149 4076 
5379 4190 4228 4141 
5380 4175 4218 4083 
5381 4077 4228 4085 
5382 4069 4204 4163 
5383 4133 4166 4162 
5384 1696 4087 4081 
5385 4137 4166 4133 
5386 4073 4166 4137 
5387 4085 4219 4077 
5388 4076 4149 1620 
5389 4190 4206 4059 
5390 1619 4149 4087 
5391 4188 4225 4165 
5392 4136 4201 4061 
5393 1697 4087 1696 
5394 4148 4208 4147 
5395 4169 4213 4170 
5396 4067 4173 4172 
5397 4163 4222 4069 
5398 4087 4149 4081 
5399 4072 4222 4163 
5400 4137 4193 4073 
5401 1618 4087 1697 
5402 4137 4195 4193 
5403 4138 4196 4071 
5404 26 1618 1697 
5405 4193 4195 4071 
5406 4180 4191 4060 
5407 4169 4227 4213 
5408 4061 4227 4169 
5409 4139 4197 4063 
5410 4138 4198 4196 
5411 4071 4195 4138 
5412 4164 4207 4072 
5413 4084 4218 4175 
5414 4129 4191 4180 
5415 4196 4198 4063 
5416 4142 4167 4135 
5417 4133 4204 4132 
5418 4150 4167 4142 
5419 4197 4202 4066 
5420 4114 4194 4178 
5421 4063 4198 4139 
5422 4096 4167 4150 
5423 4162 4204 4133 
5424 4105 4140 4089 
5425 4178 4194 4177 
5426 4085 4228 4190 
5427 4105 4141 4140 
5428 4119 4184 4181 
5429 4192 4194 4114 
5430 4088 4140 4077 
5431 1629 4088 4077 
5432 4089 4140 4088 
5433 4178 4199 4114 
5434 4073 4193 1642 
5435 4071 4196 1640 
5436 4063 4197 1638 
5437 4157 4159 4158 
5438 1645 4158 4075 
5439 4060 4191 4181 
5440 4105 4150 4142 
5441 4091 4150 4105 
5442 4158 4159 4075 
5443 4081 4146 4143 
5444 4146 4147 4144 
5445 4080 4152 4151 
5446 4105 4142 4141 
5447 4073 4186 4166 
5448 4081 4143 1695 
5449 4143 4146 4144 
5450 4181 4184 1632 
5451 4099 4171 4116 
5452 4170 4172 4171 
5453 4180 4194 4192 
5454 4062 4089 4088 
5455 4155 4165 4156 
5456 1646 4158 1645 
5457 4155 4156 4074 
5458 4081 4149 4146 
5459 4080 4151 1650 
5460 4171 4172 4116 
5461 1643 4186 4073 
5462 1629 4077 1628 
5463 4062 4088 1630 
5464 4115 4134 4113 
5465 4104 4167 4096 
5466 4091 4105 4089 
5467 4168 4169 4108 
5468 4101 4171 4099 
5469 1647 4155 4074 
5470 4106 4168 4108 
5471 4179 4180 4060 
5472 4084 4175 1653 
5473 4103 4104 4096 
5474 4112 4115 4113 
5475 4078 4165 4155 
5476 4112 4113 4104 
5477 1693 4153 1692 
5478 4126 4174 4128 
5479 4159 4160 4075 
5480 4143 4144 4065 
5481 1654 4084 1653 
5482 4159 4161 4160 
5483 4121 4176 4120 
5484 1634 4179 4060 
5485 1694 4143 4065 
5486 4096 4150 4093 
5487 4095 4182 4103 
5488 4156 4157 4074 
5489 1696 4081 1695 
5490 1631 4062 1630 
5491 4095 4096 4093 
5492 4062 4184 4090 
5493 4161 4163 4162 
5494 4180 4192 4129 
5495 4139 4202 4197 
5496 1630 4088 1629 
5497 4093 4150 4091 
5498 4111 4112 4104 
5499 1649 4151 4078 
5500 4062 4090 4089 
5501 4090 4184 4119 
5502 4095 4103 4096 
5503 4090 4091 4089 
5504 4078 4155 1648 
5505 1651 4080 1650 
5506 4103 4111 4104 
5507 4130 4174 4126 
5508 1694 4065 1693 
5509 4126 4128 4124 
5510 4066 4178 4177 
5511 4161 4162 4160 
5512 1649 4078 1648 
5513 4134 4135 4113 
5514 4124 4176 4121 
5515 4103 4182 4118 
5516 4120 4136 4109 
5517 1653 4175 1652 
5518 1695 4143 1694 
5519 1647 4074 1646 
5520 4060 4181 1633 
5521 4169 4170 4108 
5522 4074 4158 1646 
5523 4109 4168 4106 
5524 4106 4108 4101 
5525 1645 4075 1644 
5526 4108 4171 4101 
5527 1650 4151 1649 
5528 1643 4073 1642 
5529 4128 4176 4124 
5530 4066 4177 1636 
5531 4136 4168 4109 
5532 4160 4186 4075 
5533 4177 4179 1635 
5534 1641 4071 1640 
5535 1639 4063 1638 
5536 1648 4155 1647 
5537 1633 4181 1632 
5538 4099 4116 4097 
5539 4131 4132 4130 
5540 1637 4066 1636 
5541 4065 4153 1693 
5542 1635 4179 1634 
5543 4127 4130 4126 
5544 4125 4126 4124 
5545 1634 4060 1633 
5546 4166 4186 4160 
5547 4094 4095 4093 
5548 4092 4093 4091 
5549 4110 4120 4109 
5550 1636 4177 1635 
5551 4111 4117 4112 
5552 4123 4124 4121 
5553 4144 4145 4065 
5554 4107 4109 4106 
5555 4097 4182 4095 
5556 4094 4097 4095 
5557 4102 4106 4101 
5558 4100 4101 4099 
5559 4092 4094 4093 
5560 4090 4092 4091 
5561 4170 4171 4108 
5562 4116 4182 4097 
5563 4131 4133 4132 
5564 4125 4127 4126 
5565 4127 4131 4130 
5566 4123 4125 4124 
5567 4110 4121 4120 
5568 4098 4099 4097 
5569 1631 4184 4062 
5570 4107 4110 4109 
5571 4157 4158 4074 
5572 1644 4186 1643 
5573 4162 4166 4160 
5574 4102 4107 4106 
5575 4113 4167 4104 
5576 4100 4102 4101 
5577 1632 4184 1631 
5578 1691 4058 1690 
5579 4181 4191 4119 
5580 1689 4067 1688 
5581 1686 4061 1685 
5582 4075 4186 1644 
5583 4207 4215 4079 
5584 4094 4098 4097 
5585 4103 4118 4111 
5586 1684 4068 1683 
5587 4098 4100 4099 
5588 1683 4183 1682 
5589 1681 4064 1680 
5590 1680 4185 1679 
5591 1679 4069 1678 
5592 4122 4123 4121 
5593 1677 4072 1676 
5594 4145 4153 4065 
5595 1625 4059 1624 
5596 1675 4079 1674 
5597 4110 4122 4121 
5598 4102 4114 4107 
5599 1624 4187 1623 
5600 4090 4119 4092 
5601 1674 4188 1673 
5602 4125 4138 4127 
5603 4092 4189 4094 
5604 1623 4070 1622 
5605 1673 4082 1672 
5606 4098 4129 4100 
5607 4122 4139 4123 
5608 4131 4137 4133 
5609 1621 4076 1620 
5610 4157 4215 4164 
5611 4068 4183 1683 
5612 4094 4189 4098 
5613 1670 4083 1669 
5614 4135 4167 4113 
5615 4064 4185 1680 
5616 1679 4185 4069 
5617 4175 4200 1652 
5618 4119 4189 4092 
5619 4177 4194 4179 
5620 4098 4189 4129 
5621 4059 4187 1624 
5622 4079 4188 1674 
5623 1623 4187 4070 
5624 1673 4188 4082 
5625 1667 4086 1666 
5626 1626 4190 1625 
5627 1651 4200 4080 
5628 1642 4193 1641 
5629 1640 4196 1639 
5630 1638 4197 1637 
5631 1625 4190 4059 
5632 1619 4087 1618 
5633 4163 4204 4162 
5634 1627 4085 1626 
5635 4102 4192 4114 
5636 4129 4192 4100 
5637 4139 4198 4123 
5638 4138 4195 4127 
5639 4125 4198 4138 
5640 4110 4199 4122 
5641 4114 4199 4107 
5642 4131 4195 4137 
5643 4135 4206 4142 
5644 4119 4191 4189 
5645 4189 4191 4129 
5646 4179 4194 4180 
5647 4100 4192 4102 
5648 1641 4193 4071 
5649 1639 4196 4063 
5650 4127 4195 4131 
5651 1637 4197 4066 
5652 4085 4190 1626 
5653 4123 4198 4125 
5654 4066 4202 4178 
5655 4107 4199 4110 
5656 4061 4201 1685 
5657 1684 4201 4068 
5658 4086 4233 4084 
5659 4199 4202 4122 
5660 4134 4221 4135 
5661 4084 4233 4218 
5662 1652 4200 1651 
5663 4178 4202 4199 
5664 4152 4203 4151 
5665 4078 4203 4165 
5666 4070 4208 4148 
5667 1685 4201 1684 
5668 4122 4202 4139 
5669 4064 4211 4174 
5670 1671 4205 1670 
5671 4164 4215 4207 
5672 1671 4220 4205 
5673 4072 4207 1676 
5674 1675 4207 4079 
5675 4173 4214 4172 
5676 1655 4209 4086 
5677 4147 4212 4144 
5678 4151 4203 4078 
5679 4182 4214 4118 
5680 4172 4214 4116 
5681 4183 4211 1682 
5682 1681 4211 4064 
5683 4067 4213 1688 
5684 1666 4209 1665 
5685 4176 4217 4120 
5686 4226 4235 4185 
5687 4174 4226 4064 
5688 4156 4215 4157 
5689 4080 4234 4152 
5690 1670 4205 4083 
5691 4083 4218 1669 
5692 4067 4223 4173 
5693 4142 4206 4141 
5694 1628 4219 15 
5695 4205 4220 4152 
5696 15 4219 1627 
5697 4140 4228 4077 
5698 4082 4220 1672 
5699 1676 4207 1675 
5700 4058 4223 1690 
5701 1689 4223 4067 
5702 4069 4222 1678 
5703 4130 4226 4174 
5704 1677 4222 4072 
5705 1662 4210 1659 
5706 4115 4208 4134 
5707 4154 4216 4058 
5708 1686 4227 4061 
5709 4112 4231 4115 
5710 4086 4209 1666 
5711 4183 4232 4128 
5712 4132 4235 4226 
5713 1667 4233 4086 
5714 4165 4225 4156 
5715 4152 4234 4205 
5716 1656 4209 1655 
5717 4209 4224 1665 
5718 4224 4230 1664 
5719 4216 4229 4058 
5720 1682 4211 1681 
5721 1657 4230 4224 
5722 1658 4230 1657 
5723 4144 4212 4145 
5724 4176 4232 4217 
5725 1688 4213 1687 
5726 4116 4214 4182 
5727 4204 4235 4132 
5728 4064 4226 4185 
5729 4201 4217 4068 
5730 1664 4230 1663 
5731 4115 4231 4212 
5732 4136 4217 4201 
5733 1656 4224 4209 
5734 4120 4217 4136 
5735 4077 4219 1628 
5736 1658 4210 1663 
5737 1669 4218 1668 
5738 4128 4232 4176 
5739 4135 4221 4206 
5740 4213 4227 1687 
5741 1627 4219 4085 
5742 4059 4221 4187 
5743 4156 4225 4215 
5744 1665 4224 1664 
5745 1672 4220 1671 
5746 4218 4233 1668 
5747 1678 4222 1677 
5748 1690 4223 1689 
5749 4214 4229 4118 
5750 4217 4232 4068 
5751 1657 4224 1656 
5752 4079 4225 4188 
5753 4206 4221 4059 
5754 4132 4226 4130 
5755 4145 4231 4117 
5756 4083 4234 4200 
5757 4141 4228 4140 
5758 1687 4227 1686 
5759 4185 4235 4069 
5760 4117 4231 4112 
5761 4068 4232 4183 
5762 4200 4234 4080 
5763 1668 4233 1667 
5764 4215 4225 4079 
5765 1663 4230 1658 
5766 4205 4234 4083 
5767 4069 4235 4204 
5768 4173 4229 4214 
5769 4212 4231 4145 
5770 4118 4229 4216 
5771 1659 4210 1658 
5772 1663 4210 1662 
5773 1660 1 1661 
5774 1660 1662 1659 
5775 1660 1661 1662 
2 35 2 41
5776 1717 4240 1716 
5777 1699 4240 1698 
5778 4236 4237 1713 
5779 1703 4237 1702 
5780 25 4236 1713 
5781 4236 4244 4237 
5782 1706 4242 1705 
5783 1703 4241 4237 
5784 1710 4242 1709 
5785 1701 4238 1700 
5786 4237 4244 1702 
5787 1701 4244 4238 
5788 1713 4237 1712 
5789 1715 4238 1714 
5790 1714 4236 25 
5791 1714 4238 4236 
5792 4238 4244 4236 
5793 1698 4240 1717 
5794 4237 4241 1712 
5795 1704 4241 1703 
5796 1708 4239 1707 
5797 1716 4240 1699 
5798 1706 4239 1709 
5799 4238 4243 1700 
5800 1712 4241 1711 
5801 1715 4243 4238 
5802 1705 4242 1710 
5803 1704 4245 4241 
5804 4241 4245 1711 
5805 1716 4243 1715 
5806 1699 4243 1716 
5807 1700 4243 1699 
5808 1709 4242 1706 
5809 1710 4245 1705 
5810 1705 4245 1704 
5811 1702 4244 1701 
5812 1711 4245 1710 
5813 1707 4239 1706 
5814 1709 4239 1708 
5815 1717 15 1698 
5816 1707 26 1708 
2 36 2 270
5817 4327 4332 4261 
5818 4263 4332 4327 
5819 4291 4302 4301 
5820 4247 4328 4306 
5821 4306 4328 4284 
5822 4291 4343 4302 
5823 4256 4343 4296 
5824 4296 4337 4256 
5825 4303 4315 4262 
5826 4312 4326 4287 
5827 4260 4346 4319 
5828 1768 4327 4295 
5829 1747 4323 4264 
5830 4295 4341 1768 
5831 4260 4319 4292 
5832 4301 4348 4291 
5833 4254 4326 4312 
5834 16 1749 1748 
5835 4319 4346 4264 
5836 4264 4346 1747 
5837 1775 4334 1774 
5838 4262 4325 4303 
5839 1720 4334 1719 
5840 4302 4343 4313 
5841 4265 4266 1723 
5842 4313 4343 4256 
5843 4296 4343 4291 
5844 1723 4266 1722 
5845 4305 4322 4321 
5846 4292 4319 4318 
5847 4291 4348 4290 
5848 4295 4327 4261 
5849 4321 4322 4310 
5850 4322 4329 4310 
5851 4293 4314 4249 
5852 4284 4328 4311 
5853 4249 4320 4305 
5854 1742 4293 4249 
5855 4260 4292 4267 
5856 4267 4292 4268 
5857 4252 4301 4300 
5858 4260 4267 1745 
5859 4252 4300 1731 
5860 1743 4293 1742 
5861 4267 4268 4253 
5862 4268 4270 4269 
5863 4314 4320 4249 
5864 4255 4298 4297 
5865 4270 4272 4271 
5866 1731 4300 1730 
5867 4258 4294 1727 
5868 1746 4260 1745 
5869 4294 4295 4261 
5870 1744 4267 4253 
5871 4270 4271 4269 
5872 4255 4297 1729 
5873 4268 4269 4253 
5874 4297 4303 4258 
5875 4249 4305 1741 
5876 4279 4304 4280 
5877 4276 4306 4284 
5878 4298 4303 4297 
5879 4272 4273 4271 
5880 1724 4265 1723 
5881 4250 4307 1733 
5882 1742 4249 1741 
5883 4303 4340 4315 
5884 4272 4306 4273 
5885 1726 4294 4261 
5886 4310 4329 4246 
5887 4276 4284 4279 
5888 1745 4267 1744 
5889 4251 4308 1735 
5890 4255 4299 4298 
5891 1744 4253 1743 
5892 4246 4309 1737 
5893 4273 4276 4275 
5894 4301 4302 4299 
5895 4289 4296 4291 
5896 1726 4261 1725 
5897 4283 4287 4286 
5898 1728 4297 4258 
5899 4273 4306 4276 
5900 1728 4258 1727 
5901 1741 4305 1740 
5902 4280 4304 4283 
5903 4276 4279 4277 
5904 1730 4255 1729 
5905 1732 4307 4252 
5906 1730 4300 4255 
5907 1734 4308 4250 
5908 1732 4252 1731 
5909 4283 4304 4287 
5910 1736 4309 4251 
5911 4253 4293 1743 
5912 1727 4294 1726 
5913 1734 4250 1733 
5914 1736 4251 1735 
5915 1729 4297 1728 
5916 1738 4246 1737 
5917 4283 4286 4285 
5918 4286 4289 4288 
5919 4289 4291 4290 
5920 4280 4283 4282 
5921 4276 4277 4275 
5922 1733 4307 1732 
5923 1735 4308 1734 
5924 1737 4309 1736 
5925 4300 4301 4299 
5926 4273 4275 4274 
5927 4279 4280 4277 
5928 1738 4310 4246 
5929 4313 4330 4302 
5930 4277 4316 4275 
5931 4283 4285 4282 
5932 4286 4288 4285 
5933 4289 4290 4288 
5934 4255 4300 4299 
5935 4281 4316 4277 
5936 1739 4310 1738 
5937 4280 4282 4281 
5938 1756 4247 1755 
5939 4269 4293 4253 
5940 1759 4248 1758 
5941 4273 4274 4271 
5942 1758 4311 1757 
5943 4278 4320 4274 
5944 1760 4312 1759 
5945 4275 4278 4274 
5946 1761 4254 1760 
5947 1763 4256 1762 
5948 4280 4281 4277 
5949 1764 4313 1763 
5950 1765 4259 1764 
5951 1766 4315 1765 
5952 4275 4316 4278 
5953 1767 4262 1766 
5954 1755 4317 1754 
5955 4265 4332 4263 
5956 4248 4311 1758 
5957 1759 4312 4248 
5958 4254 4312 1760 
5959 1770 4263 1769 
5960 4269 4314 4293 
5961 1763 4313 4256 
5962 4247 4317 1755 
5963 4259 4313 1764 
5964 1754 4257 1753 
5965 1765 4315 4259 
5966 1753 4318 1752 
5967 4274 4320 4314 
5968 4271 4314 4269 
5969 4262 4315 1766 
5970 1772 4266 1771 
5971 1752 4319 1751 
5972 1751 4264 1750 
5973 4274 4314 4271 
5974 1754 4317 4257 
5975 4257 4318 1753 
5976 4318 4319 1752 
5977 1751 4319 4264 
5978 4311 4338 4284 
5979 4320 4322 4305 
5980 4290 4348 4307 
5981 1740 4321 27 
5982 27 4321 1739 
5983 1748 4323 1747 
5984 4265 4345 4266 
5985 4303 4325 4258 
5986 4263 4345 4265 
5987 4294 4325 4295 
5988 4296 4326 4254 
5989 4268 4324 4270 
5990 4289 4326 4296 
5991 4287 4326 4286 
5992 4248 4338 4311 
5993 4305 4321 1740 
5994 4299 4330 4298 
5995 4259 4330 4313 
5996 1769 4327 1768 
5997 1756 4328 4247 
5998 4311 4328 1757 
5999 1739 4321 4310 
6000 1724 4332 4265 
6001 4261 4332 1725 
6002 4264 4323 1750 
6003 1750 4323 1749 
6004 4281 4333 4316 
6005 4266 4331 1722 
6006 4278 4322 4320 
6007 4248 4350 4338 
6008 4307 4348 4252 
6009 4284 4338 4279 
6010 4254 4337 4296 
6011 1761 4337 4254 
6012 4256 4337 1762 
6013 1747 4346 1746 
6014 4325 4341 4295 
6015 1768 4341 1767 
6016 4282 4335 4281 
6017 4324 4336 4270 
6018 1770 4345 4263 
6019 4266 4345 1771 
6020 4318 4324 4292 
6021 4292 4324 4268 
6022 1772 4331 4266 
6023 4278 4329 4322 
6024 4258 4325 4294 
6025 1773 4331 1772 
6026 4282 4339 4335 
6027 4281 4335 4333 
6028 4286 4326 4289 
6029 4257 4324 4318 
6030 4298 4340 4303 
6031 4307 4349 4290 
6032 1749 4323 1748 
6033 4287 4350 4312 
6034 1757 4328 1756 
6035 4263 4327 1769 
6036 4316 4329 4278 
6037 4302 4330 4299 
6038 4285 4339 4282 
6039 1722 4331 1721 
6040 4246 4333 4309 
6041 4270 4336 4272 
6042 1773 4342 4331 
6043 4262 4341 4325 
6044 1725 4332 1724 
6045 4285 4344 4339 
6046 4312 4350 4248 
6047 4257 4336 4324 
6048 1774 4334 1720 
6049 4330 4340 4298 
6050 4331 4342 1721 
6051 4288 4344 4285 
6052 4336 4347 4272 
6053 4288 4349 4344 
6054 4309 4335 4251 
6055 1719 4334 1775 
6056 4306 4347 4247 
6057 4333 4335 4309 
6058 1762 4337 1761 
6059 4335 4339 4251 
6060 4317 4336 4257 
6061 4290 4349 4288 
6062 4279 4338 4304 
6063 4272 4347 4306 
6064 4329 4333 4246 
6065 1774 4342 1773 
6066 4251 4339 4308 
6067 1721 4342 1720 
6068 1720 4342 1774 
6069 4338 4350 4304 
6070 4317 4347 4336 
6071 4339 4344 4308 
6072 4315 4340 4259 
6073 1767 4341 4262 
6074 4316 4333 4329 
6075 4252 4348 4301 
6076 4308 4344 4250 
6077 1746 4346 4260 
6078 4344 4349 4250 
6079 4259 4340 4330 
6080 4250 4349 4307 
6081 1771 4345 1770 
6082 4304 4350 4287 
6083 4247 4347 4317 
6084 13 1718 1776 
6085 1775 1718 1719 
6086 1775 1776 1718 
2 37 2 40
6087 1787 1786 16 
6088 1779 4357 1778 
6089 1794 4357 1793 
6090 1782 4353 1781 
6091 1787 4356 1786 
6092 1786 4356 1785 
6093 4351 4360 4354 
6094 1790 4353 4351 
6095 1790 4351 1789 
6096 1791 4353 1790 
6097 1788 4356 1787 
6098 4354 4358 4351 
6099 4353 4355 1781 
6100 1788 4358 4352 
6101 17 4354 1783 
6102 1785 4352 1784 
6103 1784 4354 17 
6104 1791 4355 4353 
6105 1789 4358 1788 
6106 4352 4354 1784 
6107 1782 4360 4353 
6108 4353 4360 4351 
6109 4355 4359 1780 
6110 1792 4359 4355 
6111 1781 4355 1780 
6112 4352 4356 1788 
6113 4354 4360 1783 
6114 1792 4355 1791 
6115 1793 4357 1779 
6116 1778 4357 1794 
6117 1793 4359 1792 
6118 4352 4358 4354 
6119 1780 4359 1779 
6120 4351 4358 1789 
6121 1785 4356 4352 
6122 1779 4359 1793 
6123 1783 4360 1782 
6124 1795 27 1777 
6125 1795 1777 1778 
6126 1795 1778 1794 
2 38 2 219
6127 4409 4426 4374 
6128 1831 4379 1830 
6129 4410 4427 4411 
6130 4362 4414 4392 
6131 1827 4431 1826 
6132 4412 4426 4409 
6133 1823 4431 1822 
6134 4402 4427 4410 
6135 4395 4397 4368 
6136 4377 4430 4375 
6137 4375 4436 4377 
6138 4368 4419 4395 
6139 4395 4419 4394 
6140 4379 4425 1830 
6141 4377 4379 1831 
6142 4414 4428 4392 
6143 1840 4401 1839 
6144 4394 4419 4365 
6145 4399 4402 4371 
6146 4371 4401 4399 
6147 4397 4401 4368 
6148 4391 4420 4389 
6149 4374 4435 4409 
6150 4411 4427 4366 
6151 4389 4420 4405 
6152 4389 4405 4386 
6153 4368 4401 1840 
6154 1839 4401 4371 
6155 4365 4420 4394 
6156 4367 4429 4400 
6157 1846 4404 1845 
6158 4398 4441 4399 
6159 4400 4440 4367 
6160 4399 4441 4427 
6161 4381 4383 4373 
6162 4385 4405 4361 
6163 4417 4440 4415 
6164 4392 4437 4362 
6165 4386 4405 4385 
6166 4415 4432 4417 
6167 4361 4404 4385 
6168 4373 4421 4381 
6169 4394 4420 4391 
6170 4381 4421 4380 
6171 4383 4404 4373 
6172 1845 4404 4361 
6173 4373 4404 1846 
6174 4399 4401 4397 
6175 1849 4378 1848 
6176 4380 4421 4378 
6177 4407 4430 1833 
6178 4367 4440 4417 
6179 1796 4378 1849 
6180 4402 4424 4371 
6181 4364 4428 4414 
6182 4378 4421 1848 
6183 4405 4420 4418 
6184 4418 4420 4365 
6185 4416 4429 4367 
6186 4376 4426 4412 
6187 1830 4425 1829 
6188 4405 4418 4361 
6189 4385 4404 4383 
6190 1849 17 1796 
6191 4398 4438 4413 
6192 1833 4442 4407 
6193 4363 4422 4403 
6194 4363 4403 1800 
6195 1797 4380 4378 
6196 1811 4411 4366 
6197 4415 4423 4363 
6198 4408 4412 4409 
6199 4408 4409 4370 
6200 1812 4411 1811 
6201 1800 4403 1799 
6202 1815 4406 4372 
6203 4369 4381 4380 
6204 1797 4378 1796 
6205 4375 4407 4406 
6206 1813 4408 4370 
6207 4369 4380 1798 
6208 4372 4412 4408 
6209 1809 4413 4364 
6210 1819 4379 1818 
6211 4382 4383 4381 
6212 4364 4414 1808 
6213 4375 4406 1816 
6214 4409 4410 4370 
6215 1801 4415 4363 
6216 1798 4380 1797 
6217 1817 4375 1816 
6218 4372 4408 1814 
6219 1799 4369 1798 
6220 4384 4385 4383 
6221 4369 4382 4381 
6222 4393 4394 4391 
6223 1815 4372 1814 
6224 4366 4413 1810 
6225 1813 4370 1812 
6226 4393 4395 4394 
6227 1801 4363 1800 
6228 4370 4411 1812 
6229 4363 4423 4422 
6230 1811 4366 1810 
6231 1807 4414 4362 
6232 1816 4406 1815 
6233 1809 4364 1808 
6234 4382 4384 4383 
6235 1799 4403 4369 
6236 1805 4416 4367 
6237 1802 4415 1801 
6238 1814 4408 1813 
6239 1807 4362 1806 
6240 4362 4416 1806 
6241 4388 4389 4386 
6242 1810 4413 1809 
6243 4390 4391 4389 
6244 1808 4414 1807 
6245 4399 4427 4402 
6246 4392 4393 4391 
6247 4396 4397 4395 
6248 4384 4386 4385 
6249 4398 4399 4397 
6250 1806 4416 1805 
6251 1805 4367 1804 
6252 4367 4417 1804 
6253 1804 4417 1803 
6254 4388 4390 4389 
6255 4410 4411 4370 
6256 4390 4392 4391 
6257 4393 4396 4395 
6258 1845 4361 1844 
6259 4396 4398 4397 
6260 1844 4418 1843 
6261 1843 4365 1842 
6262 4369 4403 4382 
6263 1842 4419 1841 
6264 4387 4388 4386 
6265 1841 4368 1840 
6266 1839 4371 1838 
6267 1837 4374 1836 
6268 4384 4387 4386 
6269 1835 4376 1834 
6270 4387 4400 4388 
6271 4361 4418 1844 
6272 1847 4373 1846 
6273 1843 4418 4365 
6274 4365 4419 1842 
6275 1841 4419 4368 
6276 1832 4377 1831 
6277 1848 4421 1847 
6278 4382 4422 4384 
6279 4403 4422 4382 
6280 4384 4422 4387 
6281 4387 4423 4400 
6282 1847 4421 4373 
6283 4371 4424 1838 
6284 1837 4424 4374 
6285 4422 4423 4387 
6286 1819 4425 4379 
6287 4413 4441 4398 
6288 1838 4424 1837 
6289 4374 4426 1836 
6290 1835 4426 4376 
6291 1820 4425 1819 
6292 4412 4434 4376 
6293 4364 4438 4428 
6294 4392 4428 4393 
6295 1836 4426 1835 
6296 4388 4429 4390 
6297 4425 4433 1829 
6298 4409 4435 4410 
6299 4377 4436 4379 
6300 4410 4435 4402 
6301 1833 4430 1832 
6302 4393 4428 4396 
6303 4372 4434 4412 
6304 27 4432 1802 
6305 1803 4432 27 
6306 4407 4434 4406 
6307 4375 4430 4407 
6308 4379 4436 1818 
6309 1817 4436 4375 
6310 4390 4437 4392 
6311 1820 4433 4425 
6312 4415 4440 4423 
6313 4400 4429 4388 
6314 1834 4442 1833 
6315 4433 4439 1828 
6316 1821 4439 4433 
6317 4402 4435 4424 
6318 4428 4438 4396 
6319 4413 4438 4364 
6320 1829 4433 1828 
6321 4407 4442 4434 
6322 1832 4430 4377 
6323 1826 4431 1823 
6324 1802 4432 4415 
6325 4417 4432 1803 
6326 1821 4433 1820 
6327 1822 4431 1827 
6328 4429 4437 4390 
6329 4406 4434 4372 
6330 1822 4439 1821 
6331 1818 4436 1817 
6332 1828 4439 1827 
6333 4424 4435 4374 
6334 4362 4437 4416 
6335 4396 4438 4398 
6336 4366 4441 4413 
6337 4416 4437 4429 
6338 4423 4440 4400 
6339 1827 4439 1822 
6340 4376 4442 1834 
6341 4434 4442 4376 
6342 4427 4441 4366 
6343 1824 13 1825 
6344 1824 1826 1823 
6345 1825 1826 1824 
2 39 2 14
6346 1855 4 1856 
6347 6 1850 1862 
6348 5 1860 1852 
6349 1853 1859 5 
6350 1859 1860 5 
6351 1851 1862 1850 
6352 1852 1861 1851 
6353 1851 1861 1862 
6354 1860 1861 1852 
6355 1858 1853 1854 
6356 1858 1859 1853 
6357 1857 1854 1855 
6358 1858 1854 1857 
6359 1857 1855 1856 
2 40 2 107
6360 1872 4450 4448 
6361 1873 4450 1872 
6362 1873 4452 4450 
6363 1898 1899 1883 
6364 1874 4452 1873 
6365 1881 1901 1880 
6366 1883 1899 1882 
6367 1900 1901 1881 
6368 1874 4454 4452 
6369 1882 1900 1881 
6370 1875 4454 1874 
6371 1899 1900 1882 
6372 5 1863 1918 
6373 1875 4458 4454 
6374 1876 4458 1875 
6375 4447 4460 1911 
6376 1911 4462 4447 
6377 6 4449 1865 
6378 1876 4461 4458 
6379 1869 4459 4457 
6380 1917 4456 4446 
6381 4446 4463 1917 
6382 1877 4461 1876 
6383 4453 4455 4443 
6384 1865 4449 4446 
6385 4449 4453 4443 
6386 4457 4459 4445 
6387 4443 4463 4449 
6388 4444 4455 4453 
6389 1866 4449 6 
6390 1877 4464 4461 
6391 1901 4467 1880 
6392 1878 4464 1877 
6393 1871 4447 1870 
6394 1868 4444 1867 
6395 4449 4463 4446 
6396 1863 4456 1918 
6397 1916 4443 1915 
6398 1913 4445 1912 
6399 1864 4456 1863 
6400 1910 4448 1909 
6401 1909 4450 1908 
6402 4448 4450 1909 
6403 4444 4453 1867 
6404 1914 4451 1913 
6405 1865 4446 1864 
6406 1914 4455 4451 
6407 1878 4466 4464 
6408 1918 4456 1917 
6409 4450 4452 1908 
6410 1866 4453 4449 
6411 1879 4466 1878 
6412 1868 4457 4444 
6413 1908 4452 1907 
6414 1913 4451 4445 
6415 4443 4455 1915 
6416 4451 4455 4444 
6417 1870 4459 1869 
6418 1917 4463 1916 
6419 1911 4460 1910 
6420 1867 4453 1866 
6421 1871 4465 4447 
6422 4444 4457 4451 
6423 4452 4454 1907 
6424 1902 4467 1901 
6425 4448 4465 1872 
6426 1907 4454 1906 
6427 1915 4455 1914 
6428 4454 4458 1906 
6429 4451 4457 4445 
6430 4447 4465 4460 
6431 1869 4457 1868 
6432 1906 4458 1905 
6433 1912 4462 1911 
6434 4445 4462 1912 
6435 4446 4456 1864 
6436 4447 4459 1870 
6437 4458 4461 1905 
6438 1910 4460 4448 
6439 1905 4461 1904 
6440 4461 4464 1904 
6441 1916 4463 4443 
6442 1904 4464 1903 
6443 1872 4465 1871 
6444 1880 4467 1879 
6445 4464 4466 1903 
6446 1903 4466 1902 
6447 4459 4462 4445 
6448 4447 4462 4459 
6449 4460 4465 4448 
6450 4466 4467 1902 
6451 1879 4467 4466 
6452 1890 13 1891 
6453 1884 1898 1883 
6454 1885 1897 1884 
6455 1884 1897 1898 
6456 1886 1896 1885 
6457 1896 1897 1885 
6458 1887 1895 1886 
6459 1895 1896 1886 
6460 1888 1894 1887 
6461 1887 1894 1895 
6462 1889 1893 1888 
6463 1893 1894 1888 
6464 1890 1892 1889 
6465 1892 1893 1889 
6466 1891 1892 1890 
2 41 2 322
6467 4475 4539 4538 
6468 4546 4553 4486 
6469 1938 4534 1937 
6470 4527 4544 4487 
6471 4489 4553 4546 
6472 4543 4573 4571 
6473 2 1919 1993 
6474 4475 4572 4539 
6475 4476 4556 4512 
6476 4512 4564 4476 
6477 4571 4573 4504 
6478 4491 4492 1966 
6479 1966 4492 1965 
6480 4487 4550 4527 
6481 1930 4515 1929 
6482 1937 4534 4479 
6483 4485 4519 4518 
6484 4498 4525 4510 
6485 4482 4534 1938 
6486 1980 4514 4472 
6487 1981 4514 1980 
6488 4500 4525 4498 
6489 4473 4515 1930 
6490 1955 4575 1954 
6491 4538 4559 4475 
6492 1961 4575 1960 
6493 4472 4560 4539 
6494 4492 4552 1965 
6495 4510 4549 4511 
6496 4532 4533 4482 
6497 1929 4515 4493 
6498 1928 4493 4470 
6499 4533 4534 4482 
6500 4518 4586 4485 
6501 4541 4553 4489 
6502 4522 4562 1920 
6503 4485 4520 4519 
6504 4545 4550 4487 
6505 1921 4522 1920 
6506 4510 4574 4549 
6507 4493 4494 4470 
6508 4560 4589 4539 
6509 4489 4570 4541 
6510 1992 4562 4522 
6511 10 4493 1928 
6512 4469 4564 4512 
6513 4469 4573 4543 
6514 4545 4568 4550 
6515 4474 4554 4513 
6516 4514 4560 4472 
6517 4512 4573 4469 
6518 4527 4582 4544 
6519 4473 4516 4515 
6520 4491 4584 4492 
6521 1993 4562 1992 
6522 4534 4535 4479 
6523 4525 4574 4510 
6524 4486 4581 4546 
6525 4482 4555 4532 
6526 1965 4552 1964 
6527 4541 4570 4491 
6528 4494 4495 4470 
6529 4493 4515 4494 
6530 1991 4522 4488 
6531 4513 4576 4474 
6532 1977 4540 1976 
6533 1989 4517 4480 
6534 4517 4519 4480 
6535 4520 4557 4519 
6536 4475 4540 1977 
6537 4535 4536 4479 
6538 4488 4518 4517 
6539 4478 4530 4529 
6540 4478 4531 4530 
6541 1992 4522 1991 
6542 4478 4529 1975 
6543 1987 4521 4471 
6544 1929 4493 10 
6545 4488 4517 1990 
6546 1991 4488 1990 
6547 1976 4540 4478 
6548 4524 4525 4468 
6549 4518 4519 4517 
6550 1967 4541 4491 
6551 4481 4527 4526 
6552 1975 4529 1974 
6553 4480 4521 1988 
6554 4483 4523 1971 
6555 4531 4532 4530 
6556 1989 4480 1988 
6557 4481 4526 1973 
6558 1985 4524 4468 
6559 1990 4517 1989 
6560 1920 4562 1919 
6561 1967 4491 1966 
6562 1987 4471 1986 
6563 4481 4528 4527 
6564 4471 4524 1986 
6565 1968 4541 1967 
6566 1970 4523 4486 
6567 4468 4542 1984 
6568 4531 4533 4532 
6569 1972 4526 4483 
6570 1970 4486 1969 
6571 1988 4521 1987 
6572 1972 4483 1971 
6573 1981 4576 4514 
6574 1974 4481 1973 
6575 1974 4529 4481 
6576 1976 4478 1975 
6577 4478 4540 4531 
6578 1978 4475 1977 
6579 1983 4542 4474 
6580 1980 4472 1979 
6581 1971 4523 1970 
6582 4505 4512 4507 
6583 1983 4474 1982 
6584 1973 4526 1972 
6585 1985 4468 1984 
6586 4501 4504 4503 
6587 1986 4524 1985 
6588 4535 4537 4536 
6589 4529 4530 4528 
6590 1984 4542 1983 
6591 4504 4505 4503 
6592 4510 4511 4497 
6593 4494 4496 4495 
6594 4507 4509 4508 
6595 4481 4529 4528 
6596 4505 4507 4506 
6597 1959 4548 1956 
6598 1931 4473 1930 
6599 1932 4543 1931 
6600 1933 4469 1932 
6601 1935 4476 1934 
6602 1937 4479 1936 
6603 4505 4506 4503 
6604 1939 4482 1938 
6605 4501 4503 4502 
6606 4535 4538 4537 
6607 4507 4508 4506 
6608 1941 4484 1940 
6609 1942 4544 1941 
6610 1943 4487 1942 
6611 1944 4545 1943 
6612 1931 4543 4473 
6613 1945 4490 1944 
6614 4469 4543 1932 
6615 1946 4546 1945 
6616 1947 4489 1946 
6617 4508 4514 4513 
6618 4508 4513 4506 
6619 4538 4539 4537 
6620 4519 4557 4480 
6621 1928 4470 1927 
6622 4496 4497 4495 
6623 1927 4547 1926 
6624 4499 4501 4500 
6625 1950 4492 1949 
6626 4501 4502 4500 
6627 1941 4544 4484 
6628 1926 4477 1925 
6629 4487 4544 1942 
6630 1943 4545 4487 
6631 4496 4499 4498 
6632 4495 4547 4470 
6633 4490 4545 1944 
6634 1945 4546 4490 
6635 4489 4546 1946 
6636 1924 4485 1923 
6637 4498 4510 4497 
6638 4499 4500 4498 
6639 4496 4498 4497 
6640 4570 4584 4491 
6641 4470 4547 1927 
6642 1926 4547 4477 
6643 4527 4550 4526 
6644 4475 4559 4540 
6645 1968 4553 4541 
6646 4485 4558 4520 
6647 4486 4553 1969 
6648 4521 4549 4471 
6649 4511 4551 4497 
6650 1950 4552 4492 
6651 4503 4554 4502 
6652 4512 4556 4507 
6653 4513 4554 4506 
6654 4547 4551 4477 
6655 4526 4550 4483 
6656 1939 4555 4482 
6657 4484 4555 1940 
6658 4539 4572 4472 
6659 1951 4552 1950 
6660 4495 4551 4547 
6661 4490 4568 4545 
6662 4477 4561 4558 
6663 4497 4551 4495 
6664 4531 4559 4533 
6665 4521 4557 4549 
6666 4477 4558 1925 
6667 1969 4553 1968 
6668 1924 4558 4485 
6669 4508 4560 4514 
6670 4499 4587 4516 
6671 4506 4554 4503 
6672 1940 4555 1939 
6673 4507 4556 4509 
6674 4500 4563 4525 
6675 4468 4563 4542 
6676 4480 4557 4521 
6677 1925 4558 1924 
6678 1933 4564 4469 
6679 4476 4564 1934 
6680 4536 4567 4479 
6681 1921 4565 4522 
6682 4558 4561 4520 
6683 4530 4569 4528 
6684 4490 4581 4568 
6685 4540 4559 4531 
6686 1935 4567 4476 
6687 4479 4567 1936 
6688 1978 4572 4475 
6689 4472 4572 1979 
6690 1947 4570 4489 
6691 4550 4568 4483 
6692 4524 4574 4525 
6693 4509 4560 4508 
6694 4505 4573 4512 
6695 4533 4583 4534 
6696 1952 4566 1951 
6697 4474 4576 1982 
6698 1955 4548 1960 
6699 4488 4565 4518 
6700 4511 4561 4551 
6701 4537 4580 4536 
6702 4549 4574 4471 
6703 4522 4565 4488 
6704 4563 4585 4542 
6705 4492 4584 1949 
6706 4534 4583 4535 
6707 4496 4587 4499 
6708 4485 4586 1923 
6709 1953 4588 4577 
6710 4504 4579 4571 
6711 4551 4561 4477 
6712 4484 4569 4555 
6713 4577 4588 1962 
6714 4514 4576 4513 
6715 4516 4579 4499 
6716 1952 4577 4566 
6717 4516 4587 4515 
6718 4537 4589 4580 
6719 4501 4579 4504 
6720 4515 4587 4494 
6721 4525 4563 4468 
6722 4569 4582 4528 
6723 4502 4563 4500 
6724 1934 4564 1933 
6725 4528 4582 4527 
6726 1951 4566 4552 
6727 1922 4565 1921 
6728 1919 4562 1993 
6729 1964 4566 1963 
6730 1936 4567 1935 
6731 4539 4589 4537 
6732 4555 4569 4532 
6733 4483 4568 4523 
6734 4552 4566 1964 
6735 4546 4581 4490 
6736 4473 4571 4516 
6737 4565 4586 4518 
6738 4532 4569 4530 
6739 1948 4570 1947 
6740 4502 4585 4563 
6741 4543 4571 4473 
6742 1979 4572 1978 
6743 4566 4577 1963 
6744 4557 4578 4549 
6745 4568 4581 4523 
6746 1962 4588 1961 
6747 1953 4577 1952 
6748 1922 4586 4565 
6749 1954 4575 1961 
6750 4559 4583 4533 
6751 4504 4573 4505 
6752 1948 4584 4570 
6753 4549 4578 4511 
6754 1954 4588 1953 
6755 4499 4579 4501 
6756 4471 4574 4524 
6757 4542 4585 4474 
6758 1982 4576 1981 
6759 1960 4575 1955 
6760 1963 4577 1962 
6761 4484 4582 4569 
6762 4523 4581 4486 
6763 4538 4583 4559 
6764 4544 4582 4484 
6765 4535 4583 4538 
6766 1949 4584 1948 
6767 4520 4578 4557 
6768 4474 4585 4554 
6769 4567 4590 4476 
6770 4554 4585 4502 
6771 1923 4586 1922 
6772 4476 4590 4556 
6773 4494 4587 4496 
6774 4580 4589 4509 
6775 4556 4580 4509 
6776 1961 4588 1954 
6777 4561 4578 4520 
6778 4511 4578 4561 
6779 4509 4589 4560 
6780 4571 4579 4516 
6781 4556 4590 4580 
6782 4536 4590 4567 
6783 4580 4590 4536 
6784 1956 4548 1955 
6785 1960 4548 1959 
6786 1957 13 1958 
6787 1958 1956 1957 
6788 1959 1956 1958 
2 42 2 59
6789 10 9 2051 
6790 1994 2051 9 
6791 2022 13 2023 
6792 1995 2050 1994 
6793 2050 2051 1994 
6794 1996 2049 1995 
6795 1995 2049 2050 
6796 1997 2048 1996 
6797 1996 2048 2049 
6798 1998 2047 1997 
6799 1997 2047 2048 
6800 1999 2046 1998 
6801 1998 2046 2047 
6802 2000 2045 1999 
6803 1999 2045 2046 
6804 2001 2044 2000 
6805 2044 2045 2000 
6806 2002 2043 2001 
6807 2001 2043 2044 
6808 2003 2042 2002 
6809 2002 2042 2043 
6810 2004 2041 2003 
6811 2003 2041 2042 
6812 2005 2040 2004 
6813 2040 2041 2004 
6814 2006 2039 2005 
6815 2005 2039 2040 
6816 2007 2038 2006 
6817 2006 2038 2039 
6818 2008 2037 2007 
6819 2007 2037 2038 
6820 2009 2036 2008 
6821 2036 2037 2008 
6822 2010 2035 2009 
6823 2009 2035 2036 
6824 2011 2034 2010 
6825 2034 2035 2010 
6826 2012 2033 2011 
6827 2033 2034 2011 
6828 2013 2032 2012 
6829 2012 2032 2033 
6830 2014 2031 2013 
6831 2031 2032 2013 
6832 2015 2030 2014 
6833 2030 2031 2014 
6834 2016 2029 2015 
6835 2015 2029 2030 
6836 2017 2028 2016 
6837 2028 2029 2016 
6838 2018 2027 2017 
6839 2017 2027 2028 
6840 2019 2026 2018 
6841 2018 2026 2027 
6842 2020 2025 2019 
6843 2019 2025 2026 
6844 2024 2020 2021 
6845 2024 2025 2020 
6846 2023 2021 2022 
6847 2024 2021 2023 
2 43 2 21
6848 2061 2 2062 
6849 2071 9 10 
6850 2052 2071 10 
6851 2053 2070 2052 
6852 2070 2071 2052 
6853 2054 2069 2053 
6854 2053 2069 2070 
6855 2055 2068 2054 
6856 2068 2069 2054 
6857 2056 2067 2055 
6858 2067 2068 2055 
6859 2057 2066 2056 
6860 2056 2066 2067 
6861 2058 2065 2057 
6862 2065 2066 2057 
6863 2064 2058 2059 
6864 2064 2065 2058 
6865 2063 2059 2060 
6866 2064 2059 2063 
6867 2062 2060 2061 
6868 2063 2060 2062 
2 44 2 15
6869 2078 4 2079 
6870 12 11 2085 
6871 2072 2085 11 
6872 2073 2084 2072 
6873 2084 2085 2072 
6874 2074 2083 2073 
6875 2073 2083 2084 
6876 2075 2082 2074 
6877 2074 2082 2083 
6878 2076 2081 2075 
6879 2075 2081 2082 
6880 2080 2076 2077 
6881 2080 2081 2076 
6882 2079 2077 2078 
6883 2080 2077 2079 
2 45 2 15
6884 4 2093 2092 
6885 11 6 2099 
6886 2086 2099 6 
6887 2087 2099 2086 
6888 2088 2098 2087 
6889 2098 2099 2087 
6890 2089 2097 2088 
6891 2088 2097 2098 
6892 2090 2096 2089 
6893 2089 2096 2097 
6894 2091 2095 2090 
6895 2090 2095 2096 
6896 2092 2094 2091 
6897 2091 2094 2095 
6898 2092 2093 2094 
2 46 2 51
6899 2149 11 12 
6900 2100 2149 12 
6901 2125 2124 13 
6902 2101 2148 2100 
6903 2148 2149 2100 
6904 2102 2147 2101 
6905 2101 2147 2148 
6906 2103 2146 2102 
6907 2102 2146 2147 
6908 2104 2145 2103 
6909 2103 2145 2146 
6910 2105 2144 2104 
6911 2144 2145 2104 
6912 2106 2143 2105 
6913 2105 2143 2144 
6914 2107 2142 2106 
6915 2106 2142 2143 
6916 2108 2141 2107 
6917 2141 2142 2107 
6918 2109 2140 2108 
6919 2140 2141 2108 
6920 2110 2139 2109 
6921 2109 2139 2140 
6922 2111 2138 2110 
6923 2110 2138 2139 
6924 2112 2137 2111 
6925 2111 2137 2138 
6926 2113 2136 2112 
6927 2136 2137 2112 
6928 2114 2135 2113 
6929 2135 2136 2113 
6930 2115 2134 2114 
6931 2114 2134 2135 
6932 2116 2133 2115 
6933 2133 2134 2115 
6934 2117 2132 2116 
6935 2132 2133 2116 
6936 2118 2131 2117 
6937 2117 2131 2132 
6938 2119 2130 2118 
6939 2130 2131 2118 
6940 2120 2129 2119 
6941 2119 2129 2130 
6942 2121 2128 2120 
6943 2128 2129 2120 
6944 2122 2127 2121 
6945 2127 2128 2121 
6946 2122 2123 2126 
6947 2126 2127 2122 
6948 2125 2123 2124 
6949 2126 2123 2125 
2 47 2 51
6950 2174 13 2175 
6951 2165 2184 2164 
6952 2164 2184 2185 
6953 2166 2183 2165 
6954 2183 2184 2165 
6955 2167 2182 2166 
6956 2166 2182 2183 
6957 2168 2181 2167 
6958 2181 2182 2167 
6959 2169 2180 2168 
6960 2180 2181 2168 
6961 2170 2179 2169 
6962 2169 2179 2180 
6963 2171 2178 2170 
6964 2178 2179 2170 
6965 2171 2172 2177 
6966 2171 2177 2178 
6967 2176 2172 2173 
6968 2177 2172 2176 
6969 2175 2173 2174 
6970 2176 2173 2175 
6971 2199 6 11 
6972 2150 2199 11 
6973 2151 2198 2150 
6974 2198 2199 2150 
6975 2152 2197 2151 
6976 2151 2197 2198 
6977 2153 2196 2152 
6978 2152 2196 2197 
6979 2154 2195 2153 
6980 2153 2195 2196 
6981 2155 2194 2154 
6982 2194 2195 2154 
6983 2156 2193 2155 
6984 2193 2194 2155 
6985 2157 2192 2156 
6986 2192 2193 2156 
6987 2158 2191 2157 
6988 2157 2191 2192 
6989 2159 2190 2158 
6990 2158 2190 2191 
6991 2160 2189 2159 
6992 2189 2190 2159 
6993 2161 2188 2160 
6994 2188 2189 2160 
6995 2162 2187 2161 
6996 2161 2187 2188 
6997 2163 2186 2162 
6998 2162 2186 2187 
6999 2164 2185 2163 
7000 2163 2185 2186 
$EndElements
